2024-09-09 11:58:17,260 [INFO] Activator:177 - 


2024-09-09 11:58:17,261 [INFO] Activator:178 - !SESSION log4j initialized
2024-09-09 11:59:44,003 [INFO] McuFinderGlobals:39 - Set McuFinder mode to 2 (CubeIDE integrated)
2024-09-09 11:59:44,501 [INFO] ApplicationProperties:181 - Using Application install path: C:\ST\STM32CubeIDE_1.7.0\STM32CubeIDE\plugins\com.st.stm32cube.common.mx_6.3.0.202107141111
2024-09-09 11:59:44,514 [INFO] DbMcusXml:74 - Set database path to: C:\ST\STM32CubeIDE_1.7.0\STM32CubeIDE\plugins\com.st.stm32cube.common.mx_6.3.0.202107141111\\db\/mcu/
2024-09-09 11:59:44,517 [INFO] DbBoardsPdsc:56 - Set plugin database path to: C:\ST\STM32CubeIDE_1.7.0\STM32CubeIDE\plugins\com.st.stm32cube.common.mx_6.3.0.202107141111\\db\/plugins/boardmanager/
2024-09-09 11:59:44,517 [INFO] DbMcus:258 - Set plugin images path to: C:\ST\STM32CubeIDE_1.7.0\STM32CubeIDE\plugins\com.st.stm32cube.common.mx_6.3.0.202107141111\\db\/plugins/mcufinder/images/
2024-09-09 11:59:44,518 [INFO] DbBoards:264 - Set plugin images path to: C:\ST\STM32CubeIDE_1.7.0\STM32CubeIDE\plugins\com.st.stm32cube.common.mx_6.3.0.202107141111\\db\/plugins/mcufinder/images/
2024-09-09 11:59:44,520 [INFO] DbExamples:333 - Set plugin images path to: C:\ST\STM32CubeIDE_1.7.0\STM32CubeIDE\plugins\com.st.stm32cube.common.mx_6.3.0.202107141111\\db\/plugins/mcufinder/images/
2024-09-09 11:59:44,528 [INFO] DbMcusAds:119 - Set database path to: C:\Users\Azuki\.stmcufinder\plugins\mcufinder//mcu/
2024-09-09 11:59:44,529 [INFO] DbMcusDocs:110 - Set database path to: C:\Users\Azuki\.stmcufinder\plugins\mcufinder//mcu/
2024-09-09 11:59:44,531 [INFO] DbMcusJson:64 - Set database path to: C:\Users\Azuki\.stmcufinder\plugins\mcufinder//mcu/
2024-09-09 11:59:44,532 [INFO] DbBoardsDocs:110 - Set database path to: C:\Users\Azuki\.stmcufinder\plugins\mcufinder//mcu/
2024-09-09 11:59:44,533 [INFO] DbBoardsJson:57 - Set database path to: C:\Users\Azuki\.stmcufinder\plugins\mcufinder//mcu/
2024-09-09 11:59:45,461 [INFO] CrossReferenceDbSqlite:196 - Set database path to: C:\Users\Azuki\.stmcufinder\plugins\mcufinder//mcu/cs/
2024-09-09 11:59:45,465 [INFO] DbExamplesSqlite:767 - Set database path to: C:\Users\Azuki\.stmcufinder\plugins\mcufinder//mcu/
2024-09-09 11:59:45,580 [INFO] RulesReader:57 - Compatibility file has been processed (242 Rules)
2024-09-09 11:59:45,676 [INFO] DbMcusXml:74 - Set database path to: C:\ST\STM32CubeIDE_1.7.0\STM32CubeIDE\plugins\com.st.stm32cube.common.mx_6.3.0.202107141111\\db\/mcu/
2024-09-09 11:59:45,677 [INFO] DbBoardsPdsc:56 - Set plugin database path to: C:\ST\STM32CubeIDE_1.7.0\STM32CubeIDE\plugins\com.st.stm32cube.common.mx_6.3.0.202107141111\\db\/plugins/boardmanager/
2024-09-09 11:59:45,677 [INFO] DbMcus:258 - Set plugin images path to: C:\ST\STM32CubeIDE_1.7.0\STM32CubeIDE\plugins\com.st.stm32cube.common.mx_6.3.0.202107141111\\db\/plugins/mcufinder/images/
2024-09-09 11:59:45,677 [INFO] DbBoards:264 - Set plugin images path to: C:\ST\STM32CubeIDE_1.7.0\STM32CubeIDE\plugins\com.st.stm32cube.common.mx_6.3.0.202107141111\\db\/plugins/mcufinder/images/
2024-09-09 11:59:45,677 [INFO] DbExamples:333 - Set plugin images path to: C:\ST\STM32CubeIDE_1.7.0\STM32CubeIDE\plugins\com.st.stm32cube.common.mx_6.3.0.202107141111\\db\/plugins/mcufinder/images/
2024-09-09 11:59:45,678 [WARN] DbFile:35 - Overriding database path with different value: C:\Users\Azuki\.stmcufinder\plugins\mcufinder/ => C:\Users\Azuki\.stmcufinder\plugins\mcufinder
2024-09-09 11:59:45,678 [INFO] DbMcusAds:119 - Set database path to: C:\Users\Azuki\.stmcufinder\plugins\mcufinder//mcu/
2024-09-09 11:59:45,678 [WARN] DbFile:35 - Overriding database path with different value: C:\Users\Azuki\.stmcufinder\plugins\mcufinder/ => C:\Users\Azuki\.stmcufinder\plugins\mcufinder
2024-09-09 11:59:45,678 [INFO] DbMcusDocs:110 - Set database path to: C:\Users\Azuki\.stmcufinder\plugins\mcufinder//mcu/
2024-09-09 11:59:45,678 [WARN] DbFile:35 - Overriding database path with different value: C:\Users\Azuki\.stmcufinder\plugins\mcufinder/ => C:\Users\Azuki\.stmcufinder\plugins\mcufinder
2024-09-09 11:59:45,678 [INFO] DbMcusJson:64 - Set database path to: C:\Users\Azuki\.stmcufinder\plugins\mcufinder//mcu/
2024-09-09 11:59:45,678 [WARN] DbFile:35 - Overriding database path with different value: C:\Users\Azuki\.stmcufinder\plugins\mcufinder/ => C:\Users\Azuki\.stmcufinder\plugins\mcufinder
2024-09-09 11:59:45,678 [INFO] DbBoardsDocs:110 - Set database path to: C:\Users\Azuki\.stmcufinder\plugins\mcufinder//mcu/
2024-09-09 11:59:45,679 [WARN] DbFile:35 - Overriding database path with different value: C:\Users\Azuki\.stmcufinder\plugins\mcufinder/ => C:\Users\Azuki\.stmcufinder\plugins\mcufinder
2024-09-09 11:59:45,679 [INFO] DbBoardsJson:57 - Set database path to: C:\Users\Azuki\.stmcufinder\plugins\mcufinder//mcu/
2024-09-09 11:59:45,679 [WARN] DbFile:35 - Overriding database path with different value: C:\Users\Azuki\.stmcufinder\plugins\mcufinder/ => C:\Users\Azuki\.stmcufinder\plugins\mcufinder
2024-09-09 11:59:45,679 [WARN] DbFile:35 - Overriding database path with different value: C:\Users\Azuki\.stmcufinder\plugins\mcufinder/ => C:\Users\Azuki\.stmcufinder\plugins\mcufinder
2024-09-09 11:59:46,469 [INFO] CrossReferenceDbSqlite:196 - Set database path to: C:\Users\Azuki\.stmcufinder\plugins\mcufinder//mcu/cs/
2024-09-09 11:59:46,469 [WARN] DbFile:35 - Overriding database path with different value: C:\Users\Azuki\.stmcufinder\plugins\mcufinder/ => C:\Users\Azuki\.stmcufinder\plugins\mcufinder
2024-09-09 11:59:46,469 [INFO] DbExamplesSqlite:767 - Set database path to: C:\Users\Azuki\.stmcufinder\plugins\mcufinder//mcu/
2024-09-09 11:59:46,531 [INFO] MainPanel:214 - HeapMemory: 620756992
2024-09-09 11:59:46,612 [INFO] DbMcusXml:74 - Set database path to: C:\ST\STM32CubeIDE_1.7.0\STM32CubeIDE\plugins\com.st.stm32cube.common.mx_6.3.0.202107141111\\db\/mcu/
2024-09-09 11:59:46,612 [INFO] DbBoardsPdsc:56 - Set plugin database path to: C:\ST\STM32CubeIDE_1.7.0\STM32CubeIDE\plugins\com.st.stm32cube.common.mx_6.3.0.202107141111\\db\/plugins/boardmanager/
2024-09-09 11:59:46,612 [INFO] DbMcus:258 - Set plugin images path to: C:\ST\STM32CubeIDE_1.7.0\STM32CubeIDE\plugins\com.st.stm32cube.common.mx_6.3.0.202107141111\\db\/plugins/mcufinder/images/
2024-09-09 11:59:46,612 [INFO] DbBoards:264 - Set plugin images path to: C:\ST\STM32CubeIDE_1.7.0\STM32CubeIDE\plugins\com.st.stm32cube.common.mx_6.3.0.202107141111\\db\/plugins/mcufinder/images/
2024-09-09 11:59:46,612 [INFO] DbExamples:333 - Set plugin images path to: C:\ST\STM32CubeIDE_1.7.0\STM32CubeIDE\plugins\com.st.stm32cube.common.mx_6.3.0.202107141111\\db\/plugins/mcufinder/images/
2024-09-09 11:59:46,613 [WARN] DbFile:35 - Overriding database path with different value: C:\Users\Azuki\.stmcufinder\plugins\mcufinder/ => C:\Users\Azuki\.stmcufinder\plugins\mcufinder
2024-09-09 11:59:46,613 [INFO] DbMcusAds:119 - Set database path to: C:\Users\Azuki\.stmcufinder\plugins\mcufinder//mcu/
2024-09-09 11:59:46,613 [WARN] DbFile:35 - Overriding database path with different value: C:\Users\Azuki\.stmcufinder\plugins\mcufinder/ => C:\Users\Azuki\.stmcufinder\plugins\mcufinder
2024-09-09 11:59:46,613 [INFO] DbMcusDocs:110 - Set database path to: C:\Users\Azuki\.stmcufinder\plugins\mcufinder//mcu/
2024-09-09 11:59:46,613 [WARN] DbFile:35 - Overriding database path with different value: C:\Users\Azuki\.stmcufinder\plugins\mcufinder/ => C:\Users\Azuki\.stmcufinder\plugins\mcufinder
2024-09-09 11:59:46,613 [INFO] DbMcusJson:64 - Set database path to: C:\Users\Azuki\.stmcufinder\plugins\mcufinder//mcu/
2024-09-09 11:59:46,613 [WARN] DbFile:35 - Overriding database path with different value: C:\Users\Azuki\.stmcufinder\plugins\mcufinder/ => C:\Users\Azuki\.stmcufinder\plugins\mcufinder
2024-09-09 11:59:46,613 [INFO] DbBoardsDocs:110 - Set database path to: C:\Users\Azuki\.stmcufinder\plugins\mcufinder//mcu/
2024-09-09 11:59:46,613 [WARN] DbFile:35 - Overriding database path with different value: C:\Users\Azuki\.stmcufinder\plugins\mcufinder/ => C:\Users\Azuki\.stmcufinder\plugins\mcufinder
2024-09-09 11:59:46,613 [INFO] DbBoardsJson:57 - Set database path to: C:\Users\Azuki\.stmcufinder\plugins\mcufinder//mcu/
2024-09-09 11:59:46,613 [WARN] DbFile:35 - Overriding database path with different value: C:\Users\Azuki\.stmcufinder\plugins\mcufinder/ => C:\Users\Azuki\.stmcufinder\plugins\mcufinder
2024-09-09 11:59:46,613 [WARN] DbFile:35 - Overriding database path with different value: C:\Users\Azuki\.stmcufinder\plugins\mcufinder/ => C:\Users\Azuki\.stmcufinder\plugins\mcufinder
2024-09-09 11:59:47,467 [INFO] CrossReferenceDbSqlite:196 - Set database path to: C:\Users\Azuki\.stmcufinder\plugins\mcufinder//mcu/cs/
2024-09-09 11:59:47,468 [WARN] DbFile:35 - Overriding database path with different value: C:\Users\Azuki\.stmcufinder\plugins\mcufinder/ => C:\Users\Azuki\.stmcufinder\plugins\mcufinder
2024-09-09 11:59:47,468 [INFO] DbExamplesSqlite:767 - Set database path to: C:\Users\Azuki\.stmcufinder\plugins\mcufinder//mcu/
2024-09-09 11:59:47,490 [INFO] ApplicationProperties:181 - Using Application install path: C:\ST\STM32CubeIDE_1.7.0\STM32CubeIDE\plugins\com.st.stm32cube.common.mx_6.3.0.202107141111
2024-09-09 11:59:47,491 [INFO] PluginManage:188 - Search for loadable plugins [exclusion list=, ]
2024-09-09 11:59:47,493 [INFO] PluginManage:302 - Check plugin analytics
2024-09-09 11:59:53,029 [INFO] AnalyticsPlugin:257 - Accepted Software Licenses: 
2024-09-09 11:59:53,030 [INFO] AnalyticsPlugin:259 - Accepted CMSIS Pack Licenses: 
2024-09-09 11:59:53,030 [INFO] AnalyticsPlugin:261 - Accepted Firmware Licenses: 
2024-09-09 11:59:53,030 [INFO] PluginManage:352 - Loaded plugin analytics (category:tool,tabindex:-1)
2024-09-09 11:59:53,031 [INFO] PluginManage:302 - Check plugin clock
2024-09-09 11:59:53,054 [INFO] PluginManage:352 - Loaded plugin clock (category:base,tabindex:2)
2024-09-09 11:59:53,054 [INFO] PluginManage:302 - Check plugin ddr
2024-09-09 11:59:53,057 [INFO] PluginManage:352 - Loaded plugin ddr (category:tool,tabindex:6)
2024-09-09 11:59:53,057 [INFO] PluginManage:302 - Check plugin filemanager
2024-09-09 11:59:53,173 [INFO] PluginManage:352 - Loaded plugin filemanager (category:base,tabindex:10)
2024-09-09 11:59:53,173 [INFO] PluginManage:302 - Check plugin ipmanager
2024-09-09 11:59:53,181 [INFO] PluginManage:352 - Loaded plugin ipmanager (category:base,tabindex:5)
2024-09-09 11:59:53,181 [INFO] PluginManage:302 - Check plugin pinoutandconfiguration
2024-09-09 11:59:53,198 [INFO] PluginManage:352 - Loaded plugin pinoutandconfiguration (category:base,tabindex:1)
2024-09-09 11:59:53,199 [INFO] PluginManage:302 - Check plugin pinoutconfig
2024-09-09 11:59:53,234 [INFO] PluginManage:352 - Loaded plugin pinoutconfig (category:base,tabindex:0)
2024-09-09 11:59:53,235 [INFO] PluginManage:302 - Check plugin power
2024-09-09 11:59:53,254 [INFO] PluginManage:352 - Loaded plugin power (category:power,tabindex:4)
2024-09-09 11:59:53,254 [INFO] PluginManage:302 - Check plugin projectmanager
2024-09-09 11:59:53,265 [INFO] PluginManage:352 - Loaded plugin projectmanager (category:projectmanager,tabindex:3)
2024-09-09 11:59:53,267 [INFO] PluginManage:302 - Check plugin thirdparty
2024-09-09 11:59:53,504 [INFO] PluginManage:352 - Loaded plugin thirdparty (category:base,tabindex:-1)
2024-09-09 11:59:53,504 [WARN] IntegrityCheckThread:78 - waiting for thirdparty lock release [integrity check]
2024-09-09 11:59:53,504 [INFO] PluginManage:302 - Check plugin tools
2024-09-09 11:59:53,505 [INFO] IntegrityCheckThread:80 - entering critical section [integrity check]
2024-09-09 11:59:53,505 [INFO] ThirdPartyUpdaterWithRetryManager:66 - Updater plugin not ready yet. [1/15]
2024-09-09 11:59:53,574 [INFO] PluginManage:352 - Loaded plugin tools (category:base,tabindex:7)
2024-09-09 11:59:53,575 [INFO] PluginManage:302 - Check plugin tutovideos
2024-09-09 11:59:53,777 [INFO] PluginManage:352 - Loaded plugin tutovideos (category:base,tabindex:-1)
2024-09-09 11:59:53,777 [INFO] PluginManage:302 - Check plugin updater
2024-09-09 11:59:53,788 [INFO] PluginManage:352 - Loaded plugin updater (category:base,tabindex:12)
2024-09-09 11:59:53,789 [INFO] PluginManage:275 - PluginManage : Loaded plugins [13]
2024-09-09 11:59:53,954 [INFO] PinOutPanel:1463 - setPackage(No Configuration,No Configuration)
2024-09-09 11:59:54,061 [INFO] IPUIPlugin:74 - create IPUIPlugin
2024-09-09 11:59:54,062 [INFO] PluginManager:213 - loadIPPluginJar : add adc
2024-09-09 11:59:54,120 [INFO] IPUIPlugin:74 - create IPUIPlugin
2024-09-09 11:59:54,120 [INFO] PluginManager:213 - loadIPPluginJar : add aes
2024-09-09 11:59:54,181 [INFO] IPUIPlugin:74 - create IPUIPlugin
2024-09-09 11:59:54,182 [INFO] PluginManager:213 - loadIPPluginJar : add can
2024-09-09 11:59:54,228 [INFO] IPUIPlugin:74 - create IPUIPlugin
2024-09-09 11:59:54,228 [INFO] PluginManager:213 - loadIPPluginJar : add comp
2024-09-09 11:59:54,269 [INFO] IPUIPlugin:74 - create IPUIPlugin
2024-09-09 11:59:54,269 [INFO] PluginManager:213 - loadIPPluginJar : add cryp
2024-09-09 11:59:54,311 [INFO] IPUIPlugin:74 - create IPUIPlugin
2024-09-09 11:59:54,311 [INFO] PluginManager:213 - loadIPPluginJar : add dfsdm
2024-09-09 11:59:54,325 [INFO] IPUIPlugin:74 - create IPUIPlugin
2024-09-09 11:59:54,326 [INFO] PluginManager:213 - loadIPPluginJar : add dma
2024-09-09 11:59:54,379 [INFO] IPUIPlugin:74 - create IPUIPlugin
2024-09-09 11:59:54,380 [INFO] PluginManager:213 - loadIPPluginJar : add dma3
2024-09-09 11:59:54,411 [INFO] IPUIPlugin:74 - create IPUIPlugin
2024-09-09 11:59:54,411 [INFO] PluginManager:213 - loadIPPluginJar : add fatfs
2024-09-09 11:59:54,470 [INFO] IPUIPlugin:74 - create IPUIPlugin
2024-09-09 11:59:54,471 [INFO] PluginManager:213 - loadIPPluginJar : add fmc
2024-09-09 11:59:54,486 [INFO] IPUIPlugin:74 - create IPUIPlugin
2024-09-09 11:59:54,486 [INFO] PluginManager:213 - loadIPPluginJar : add freertos
2024-09-09 11:59:54,518 [INFO] IPUIPlugin:74 - create IPUIPlugin
2024-09-09 11:59:54,518 [INFO] PluginManager:213 - loadIPPluginJar : add genericplugin
2024-09-09 11:59:54,621 [INFO] IPUIPlugin:74 - create IPUIPlugin
2024-09-09 11:59:54,621 [INFO] PluginManager:213 - loadIPPluginJar : add gfxmmu
2024-09-09 11:59:54,768 [INFO] IPUIPlugin:74 - create IPUIPlugin
2024-09-09 11:59:54,769 [INFO] PluginManager:213 - loadIPPluginJar : add gic
2024-09-09 11:59:54,782 [INFO] IPUIPlugin:74 - create IPUIPlugin
2024-09-09 11:59:54,782 [INFO] PluginManager:213 - loadIPPluginJar : add gpio
2024-09-09 11:59:54,866 [INFO] IPUIPlugin:74 - create IPUIPlugin
2024-09-09 11:59:54,866 [INFO] PluginManager:213 - loadIPPluginJar : add gtzc
2024-09-09 11:59:54,907 [INFO] IPUIPlugin:74 - create IPUIPlugin
2024-09-09 11:59:54,907 [INFO] PluginManager:213 - loadIPPluginJar : add hash
2024-09-09 11:59:54,969 [INFO] IPUIPlugin:74 - create IPUIPlugin
2024-09-09 11:59:54,970 [INFO] PluginManager:213 - loadIPPluginJar : add i2c
2024-09-09 11:59:55,022 [INFO] IPUIPlugin:74 - create IPUIPlugin
2024-09-09 11:59:55,022 [INFO] PluginManager:213 - loadIPPluginJar : add i2s
2024-09-09 11:59:55,034 [INFO] IPUIPlugin:74 - create IPUIPlugin
2024-09-09 11:59:55,035 [INFO] PluginManager:213 - loadIPPluginJar : add ipddr
2024-09-09 11:59:55,142 [INFO] IPUIPlugin:74 - create IPUIPlugin
2024-09-09 11:59:55,142 [INFO] PluginManager:213 - loadIPPluginJar : add linkedlist
2024-09-09 11:59:55,189 [INFO] IPUIPlugin:74 - create IPUIPlugin
2024-09-09 11:59:55,189 [INFO] PluginManager:213 - loadIPPluginJar : add lorawan
2024-09-09 11:59:55,237 [INFO] IPUIPlugin:74 - create IPUIPlugin
2024-09-09 11:59:55,238 [INFO] PluginManager:213 - loadIPPluginJar : add ltdc
2024-09-09 11:59:55,250 [INFO] IPUIPlugin:74 - create IPUIPlugin
2024-09-09 11:59:55,250 [INFO] PluginManager:213 - loadIPPluginJar : add mdma
2024-09-09 11:59:55,263 [INFO] IPUIPlugin:74 - create IPUIPlugin
2024-09-09 11:59:55,263 [INFO] PluginManager:213 - loadIPPluginJar : add nvic
2024-09-09 11:59:55,311 [INFO] IPUIPlugin:74 - create IPUIPlugin
2024-09-09 11:59:55,312 [INFO] PluginManager:213 - loadIPPluginJar : add opamp
2024-09-09 11:59:55,385 [INFO] IPUIPlugin:74 - create IPUIPlugin
2024-09-09 11:59:55,385 [INFO] PluginManager:213 - loadIPPluginJar : add openamp
2024-09-09 11:59:55,438 [INFO] IPUIPlugin:74 - create IPUIPlugin
2024-09-09 11:59:55,438 [INFO] PluginManager:213 - loadIPPluginJar : add pdm2pcm
2024-09-09 11:59:55,454 [INFO] IPUIPlugin:74 - create IPUIPlugin
2024-09-09 11:59:55,456 [INFO] PluginManager:213 - loadIPPluginJar : add plateformsettings
2024-09-09 11:59:55,488 [INFO] IPUIPlugin:74 - create IPUIPlugin
2024-09-09 11:59:55,488 [INFO] PluginManager:213 - loadIPPluginJar : add quadspi
2024-09-09 11:59:55,501 [INFO] IPUIPlugin:74 - create IPUIPlugin
2024-09-09 11:59:55,501 [INFO] PluginManager:213 - loadIPPluginJar : add resmgrutility
2024-09-09 11:59:55,559 [INFO] IPUIPlugin:74 - create IPUIPlugin
2024-09-09 11:59:55,559 [INFO] PluginManager:213 - loadIPPluginJar : add sai
2024-09-09 11:59:55,607 [INFO] IPUIPlugin:74 - create IPUIPlugin
2024-09-09 11:59:55,607 [INFO] PluginManager:213 - loadIPPluginJar : add spi
2024-09-09 11:59:55,669 [INFO] IPUIPlugin:74 - create IPUIPlugin
2024-09-09 11:59:55,669 [INFO] PluginManager:213 - loadIPPluginJar : add stm32_wpan
2024-09-09 11:59:55,698 [INFO] IPUIPlugin:74 - create IPUIPlugin
2024-09-09 11:59:55,699 [INFO] PluginManager:213 - loadIPPluginJar : add tim
2024-09-09 11:59:55,754 [INFO] IPUIPlugin:74 - create IPUIPlugin
2024-09-09 11:59:55,755 [INFO] PluginManager:213 - loadIPPluginJar : add touchsensing
2024-09-09 11:59:55,781 [INFO] IPUIPlugin:74 - create IPUIPlugin
2024-09-09 11:59:55,782 [INFO] PluginManager:213 - loadIPPluginJar : add tracer_emb
2024-09-09 11:59:55,810 [INFO] IPUIPlugin:74 - create IPUIPlugin
2024-09-09 11:59:55,810 [INFO] PluginManager:213 - loadIPPluginJar : add ts
2024-09-09 11:59:55,839 [INFO] IPUIPlugin:74 - create IPUIPlugin
2024-09-09 11:59:55,839 [INFO] PluginManager:213 - loadIPPluginJar : add tsc
2024-09-09 11:59:55,867 [INFO] IPUIPlugin:74 - create IPUIPlugin
2024-09-09 11:59:55,867 [INFO] PluginManager:213 - loadIPPluginJar : add ucpd
2024-09-09 11:59:55,911 [INFO] IPUIPlugin:74 - create IPUIPlugin
2024-09-09 11:59:55,912 [INFO] PluginManager:213 - loadIPPluginJar : add usart
2024-09-09 11:59:55,950 [INFO] IPUIPlugin:74 - create IPUIPlugin
2024-09-09 11:59:55,950 [INFO] PluginManager:213 - loadIPPluginJar : add usbx
2024-09-09 11:59:56,206 [FATAL] Updater:294 - Updater called before beeing initialized
2024-09-09 11:59:56,304 [FATAL] Updater:294 - Updater called before beeing initialized
2024-09-09 11:59:56,318 [INFO] DbMcusAds:47 - JSON generation date=Thu May 16 16:22:00 ICT 2024 (1715851320667)
2024-09-09 11:59:56,318 [FATAL] Updater:294 - Updater called before beeing initialized
2024-09-09 11:59:56,353 [WARN] DetailPanel:314 - Failed to get advertising image, set to default
2024-09-09 11:59:56,433 [FATAL] Updater:294 - Updater called before beeing initialized
2024-09-09 11:59:56,436 [FATAL] Updater:294 - Updater called before beeing initialized
2024-09-09 11:59:56,436 [FATAL] Updater:294 - Updater called before beeing initialized
2024-09-09 11:59:56,436 [WARN] DetailPanel:314 - Failed to get advertising image, set to default
2024-09-09 11:59:56,438 [FATAL] Updater:294 - Updater called before beeing initialized
2024-09-09 11:59:56,507 [INFO] ThirdPartyUpdaterWithRetryManager:66 - Updater plugin not ready yet. [2/15]
2024-09-09 11:59:56,515 [ERROR] Updater:1075 - MainUpdater not yet initialized. External WinMGr cannot be set.
2024-09-09 11:59:56,535 [INFO] Updater:1012 - Updater Version found : 6.3.0
2024-09-09 11:59:56,566 [INFO] ApplicationProperties:181 - Using Application install path: C:\ST\STM32CubeIDE_1.7.0\STM32CubeIDE\plugins\com.st.stm32cube.common.mx_6.3.0.202107141111
2024-09-09 11:59:56,873 [INFO] MainUpdater:2671 - connection check result : 10
2024-09-09 11:59:56,873 [INFO] MainUpdater:265 - Updater Check For Update Now.
2024-09-09 11:59:56,873 [INFO] MicroXplorer:478 - Change Database Version : DB.6.0.30
2024-09-09 11:59:57,042 [INFO] CheckServerUpdateThread:112 - End of CheckServer Thread
2024-09-09 11:59:57,134 [INFO] MainUpdater:2671 - connection check result : 10
2024-09-09 11:59:57,157 [INFO] McuFinderGlobals:52 - Set McuFinderConnectedMode to true
2024-09-09 11:59:57,429 [INFO] ServerAccessManage:362 - Download File mcusAds.json._tmp_
2024-09-09 11:59:57,547 [INFO] LoadUrlFilesThread:145 - End of LoadUrlFiles Thread
2024-09-09 11:59:58,452 [INFO] ServerAccessManage:362 - Download File mcusDocs.json._tmp_
2024-09-09 11:59:59,304 [INFO] LoadUrlFilesThread:145 - End of LoadUrlFiles Thread
2024-09-09 11:59:59,521 [WARN] MainUpdater:1122 - Updater busy. Cannot search thirdparties
2024-09-09 11:59:59,521 [INFO] ThirdPartyUpdaterWithRetryManager:92 - Updater plugin is busy. [1/15]
2024-09-09 11:59:59,580 [INFO] ServerAccessManage:362 - Download File mcusFeaturesAndDescription.json._tmp_
2024-09-09 12:00:00,987 [INFO] LoadUrlFilesThread:145 - End of LoadUrlFiles Thread
2024-09-09 12:00:01,284 [INFO] ServerAccessManage:362 - Download File boardsDocs.json._tmp_
2024-09-09 12:00:01,395 [INFO] LoadUrlFilesThread:145 - End of LoadUrlFiles Thread
2024-09-09 12:00:01,730 [INFO] ServerAccessManage:362 - Download File boards.json._tmp_
2024-09-09 12:00:02,008 [INFO] LoadUrlFilesThread:145 - End of LoadUrlFiles Thread
2024-09-09 12:00:02,223 [INFO] ServerAccessManage:362 - Download File cube-finder-db.zip
2024-09-09 12:00:02,527 [WARN] MainUpdater:1122 - Updater busy. Cannot search thirdparties
2024-09-09 12:00:02,527 [INFO] ThirdPartyUpdaterWithRetryManager:92 - Updater plugin is busy. [2/15]
2024-09-09 12:00:05,538 [WARN] MainUpdater:1122 - Updater busy. Cannot search thirdparties
2024-09-09 12:00:05,538 [INFO] ThirdPartyUpdaterWithRetryManager:92 - Updater plugin is busy. [3/15]
2024-09-09 12:00:05,705 [INFO] FileExtend:235 - Unzip File : cube-finder-db.zip
2024-09-09 12:00:05,706 [INFO] FileExtend:250 - Standard Zip Deflate
2024-09-09 12:00:06,890 [INFO] LoadUrlFilesThread:145 - End of LoadUrlFiles Thread
2024-09-09 12:00:08,549 [WARN] MainUpdater:1122 - Updater busy. Cannot search thirdparties
2024-09-09 12:00:08,549 [INFO] ThirdPartyUpdaterWithRetryManager:92 - Updater plugin is busy. [4/15]
2024-09-09 12:00:09,498 [INFO] ServerAccessManage:362 - Download File crdb.zip
2024-09-09 12:00:10,774 [INFO] FileExtend:235 - Unzip File : crdb.zip
2024-09-09 12:00:10,775 [INFO] FileExtend:250 - Standard Zip Deflate
2024-09-09 12:00:10,905 [INFO] LoadUrlFilesThread:145 - End of LoadUrlFiles Thread
2024-09-09 12:00:11,058 [INFO] ServerAccessManage:362 - Download File tutoVideoDB.zip
2024-09-09 12:00:11,104 [INFO] FileExtend:235 - Unzip File : tutoVideoDB.zip
2024-09-09 12:00:11,104 [INFO] FileExtend:250 - Standard Zip Deflate
2024-09-09 12:00:11,234 [INFO] LoadUrlFilesThread:145 - End of LoadUrlFiles Thread
2024-09-09 12:00:11,235 [INFO] DbMcusAds:47 - JSON generation date=Thu May 16 16:22:00 ICT 2024 (1715851320667)
2024-09-09 12:00:11,248 [INFO] DbMcusDocs:143 - JSON generation date=Tue Nov 16 23:17:54 ICT 2021 (1637079474)
2024-09-09 12:00:11,251 [INFO] DbMcusXml:100 - Load MCU database from C:\ST\STM32CubeIDE_1.7.0\STM32CubeIDE\plugins\com.st.stm32cube.common.mx_6.3.0.202107141111\\db\/mcu/families.xml
2024-09-09 12:00:11,711 [ERROR] Engine:463 - C:\Users\Azuki\.stm32cubemx\thirdparties\pdsc\STMicroelectronics.FP-SNS-MOTENVWB1.1.4.0.pdsc: PDSC version is not supported
2024-09-09 12:00:11,726 [ERROR] Engine:463 - C:\Users\Azuki\.stm32cubemx\thirdparties\pdsc\STMicroelectronics.X-CUBE-SMBUS.2.1.0.pdsc: PDSC version is not supported
2024-09-09 12:00:11,838 [WARN] PackLoader:238 - Cannot read IP mode file for STMicroelectronics.X-CUBE-AZRTOS-F7.1.1.0
2024-09-09 12:00:12,042 [WARN] PackLoader:238 - Cannot read IP mode file for STMicroelectronics.X-CUBE-MEMS1.11.0.0
2024-09-09 12:00:12,233 [INFO] DbMcusJson:93 - JSON generation date=Tue Nov 16 23:17:54 ICT 2021 (1637079474)
2024-09-09 12:00:12,367 [ERROR] Engine:463 - C:\Users\Azuki\.stm32cubemx\thirdparties\pdsc\STMicroelectronics.FP-SNS-FLIGHT1.5.0.2.pdsc: PDSC version is not supported
2024-09-09 12:00:12,381 [ERROR] Engine:463 - C:\Users\Azuki\.stm32cubemx\thirdparties\pdsc\STMicroelectronics.X-CUBE-DISPLAY.3.0.0.pdsc: PDSC version is not supported
2024-09-09 12:00:12,404 [WARN] PackLoader:238 - Cannot read IP mode file for STMicroelectronics.X-CUBE-BLE1.7.0.0
2024-09-09 12:00:12,419 [ERROR] Engine:463 - C:\Users\Azuki\.stm32cubemx\thirdparties\pdsc\emotas.I-CUBE-CANOPEN.1.3.0.pdsc: PDSC version is not supported
2024-09-09 12:00:12,435 [ERROR] Engine:463 - C:\Users\Azuki\.stm32cubemx\thirdparties\pdsc\STMicroelectronics.X-CUBE-BLEMGR.3.1.0.pdsc: PDSC version is not supported
2024-09-09 12:00:12,449 [ERROR] Engine:463 - C:\Users\Azuki\.stm32cubemx\thirdparties\pdsc\STMicroelectronics.FP-SNS-SMARTAG2.1.2.0.pdsc: PDSC version is not supported
2024-09-09 12:00:12,485 [INFO] LogOutputStream:76 - [STDOUT_REDIRECT] 1 : Invalid condition id : UX_CORESTACK_Condition cause : null
2024-09-09 12:00:12,525 [INFO] LogOutputStream:76 - [STDOUT_REDIRECT] 1 : Invalid condition id : UX_CORESTACK_Condition cause : null
2024-09-09 12:00:12,526 [INFO] LogOutputStream:76 - [STDOUT_REDIRECT] 1 : Invalid condition id : UX_CORESTACK_Condition cause : null
2024-09-09 12:00:12,528 [INFO] LogOutputStream:76 - [STDOUT_REDIRECT] 1 : Invalid condition id : UX_CORESTACK_Condition cause : null
2024-09-09 12:00:12,546 [INFO] LogOutputStream:76 - [STDOUT_REDIRECT] 1 : Invalid condition id : UX_CORESTACK_Condition cause : null
2024-09-09 12:00:12,550 [WARN] PackLoader:238 - Cannot read IP mode file for STMicroelectronics.X-CUBE-AZRTOS-WL.2.0.0
2024-09-09 12:00:12,572 [ERROR] Engine:463 - C:\Users\Azuki\.stm32cubemx\thirdparties\pdsc\STMicroelectronics.FP-SNS-MOTENV1.5.0.0.pdsc: PDSC version is not supported
2024-09-09 12:00:12,589 [WARN] PackLoader:238 - Cannot read IP mode file for wolfSSL.I-CUBE-wolfMQTT.1.19.0
2024-09-09 12:00:12,620 [WARN] PackLoader:238 - Cannot read IP mode file for WES.I-CUBE-Cesium.1.3.0
2024-09-09 12:00:12,650 [WARN] PackLoader:238 - Cannot read IP mode file for STMicroelectronics.X-CUBE-BLE2.3.3.0
2024-09-09 12:00:12,668 [ERROR] Engine:463 - C:\Users\Azuki\.stm32cubemx\thirdparties\pdsc\STMicroelectronics.X-CUBE-TCPP.4.1.0.pdsc: PDSC version is not supported
2024-09-09 12:00:12,717 [WARN] PackLoader:238 - Cannot read IP mode file for STMicroelectronics.X-CUBE-AZRTOS-G0.1.1.0
2024-09-09 12:00:12,742 [WARN] PackLoader:238 - Cannot read IP mode file for STMicroelectronics.X-CUBE-SAFEA1.1.2.2
2024-09-09 12:00:12,762 [WARN] PackLoader:238 - Cannot read IP mode file for STMicroelectronics.X-CUBE-NFC4.3.0.0
2024-09-09 12:00:12,788 [ERROR] Engine:463 - C:\Users\Azuki\.stm32cubemx\thirdparties\pdsc\EmbeddedOffice.I-CUBE-FS-RTOS.1.0.1.pdsc: PDSC version is not supported
2024-09-09 12:00:12,808 [ERROR] Engine:463 - C:\Users\Azuki\.stm32cubemx\thirdparties\pdsc\RealThread.X-CUBE-RT-Thread_Nano.4.1.1.pdsc: PDSC version is not supported
2024-09-09 12:00:12,833 [WARN] PackLoader:238 - Cannot read IP mode file for STMicroelectronics.FP-ATR-SIGFOX1.3.2.0
2024-09-09 12:00:12,847 [WARN] PackLoader:238 - Cannot read IP mode file for wolfSSL.I-CUBE-wolfSSL.5.7.2
2024-09-09 12:00:12,869 [WARN] PackLoader:238 - Cannot read IP mode file for STMicroelectronics.X-CUBE-EEPRMA1.5.1.0
2024-09-09 12:00:12,886 [ERROR] Engine:463 - C:\Users\Azuki\.stm32cubemx\thirdparties\pdsc\ITTIA_DB.I-CUBE-ITTIADB.8.9.0.pdsc: PDSC version is not supported
2024-09-09 12:00:12,947 [WARN] PackLoader:238 - Cannot read IP mode file for SEGGER.I-CUBE-embOS.1.3.1
2024-09-09 12:00:13,065 [WARN] PackLoader:238 - Cannot read IP mode file for STMicroelectronics.X-CUBE-ALGOBUILD.1.4.0
2024-09-09 12:00:13,115 [WARN] PackLoader:238 - Cannot read IP mode file for STMicroelectronics.X-CUBE-GNSS1.6.0.0
2024-09-09 12:00:13,157 [INFO] DbMcus:175 - Found 1951 MCUs (1903 are supported by CubeMX, 1914 are visible in CubeMX)
2024-09-09 12:00:13,158 [INFO] ApiDb:251 - Load user favorites file C:\Users\Azuki/.stm32cubeide/favorites.mcus.txt: 0 item(s)
2024-09-09 12:00:13,159 [INFO] ApiDb:255 - User favorites MCUs=[]
2024-09-09 12:00:13,159 [INFO] DbMcus:187 - Set 0 / 0 favorites MCUs
2024-09-09 12:00:13,183 [WARN] PackLoader:238 - Cannot read IP mode file for STMicroelectronics.X-CUBE-AZRTOS-F4.1.1.0
2024-09-09 12:00:13,215 [ERROR] Engine:463 - C:\Users\Azuki\.stm32cubemx\thirdparties\pdsc\STMicroelectronics.X-CUBE-FREERTOS.1.2.0.pdsc: PDSC version is not supported
2024-09-09 12:00:13,312 [WARN] PackLoader:238 - Cannot read IP mode file for STMicroelectronics.X-CUBE-AZRTOS-L5.2.0.0
2024-09-09 12:00:13,342 [WARN] PackLoader:238 - Cannot read IP mode file for STMicroelectronics.X-CUBE-NFC6.3.1.0
2024-09-09 12:00:13,364 [ERROR] Engine:463 - C:\Users\Azuki\.stm32cubemx\thirdparties\pdsc\STMicroelectronics.X-CUBE-DPower.1.2.0.pdsc: PDSC version is not supported
2024-09-09 12:00:13,401 [WARN] PackLoader:238 - Cannot read IP mode file for STMicroelectronics.X-CUBE-AI.9.0.0
2024-09-09 12:00:13,428 [WARN] PackLoader:238 - Cannot read IP mode file for STMicroelectronics.X-CUBE-NFC7.1.0.1
2024-09-09 12:00:13,479 [WARN] ConditionMgr:437 - getConditionDescription Invalid condition id : LAN8742 Phy interface Condition cause : null
2024-09-09 12:00:13,480 [WARN] PackLoader:238 - Cannot read IP mode file for STMicroelectronics.X-CUBE-AZRTOS-L4.2.0.0
2024-09-09 12:00:13,482 [WARN] ConditionMgr:1038 - genDependencies : Invalid condition id : LAN8742 Phy interface Condition cause : null
2024-09-09 12:00:13,483 [WARN] ConditionMgr:1038 - genDependencies : Invalid condition id : LAN8742 Phy interface Condition cause : null
2024-09-09 12:00:13,484 [WARN] ConditionMgr:1038 - genDependencies : Invalid condition id : LAN8742 Phy interface Condition cause : null
2024-09-09 12:00:13,514 [WARN] PackLoader:238 - Cannot read IP mode file for STMicroelectronics.X-CUBE-SFXS2LP1.4.0.0
2024-09-09 12:00:13,561 [WARN] PackLoader:238 - Cannot read IP mode file for STMicroelectronics.X-CUBE-AZRTOS-H7.3.3.0
2024-09-09 12:00:13,585 [WARN] ConditionMgr:437 - getConditionDescription Invalid condition id : UX DEVICE CLASS RTOS Condition cause : null
2024-09-09 12:00:13,586 [WARN] ConditionMgr:437 - getConditionDescription Invalid condition id : UX DEVICE CLASS RTOS Condition cause : null
2024-09-09 12:00:13,587 [WARN] PackLoader:238 - Cannot read IP mode file for STMicroelectronics.X-CUBE-AZRTOS-WB.2.0.0
2024-09-09 12:00:13,587 [WARN] ConditionMgr:1038 - genDependencies : Invalid condition id : UX DEVICE CLASS RTOS Condition cause : null
2024-09-09 12:00:13,587 [WARN] ConditionMgr:1038 - genDependencies : Invalid condition id : UX DEVICE CLASS RTOS Condition cause : null
2024-09-09 12:00:13,588 [WARN] ConditionMgr:1038 - genDependencies : Invalid condition id : UX DEVICE CLASS RTOS Condition cause : null
2024-09-09 12:00:13,588 [WARN] ConditionMgr:1038 - genDependencies : Invalid condition id : UX DEVICE CLASS RTOS Condition cause : null
2024-09-09 12:00:13,588 [WARN] ConditionMgr:1038 - genDependencies : Invalid condition id : UX DEVICE CLASS RTOS Condition cause : null
2024-09-09 12:00:13,603 [ERROR] Engine:463 - C:\Users\Azuki\.stm32cubemx\thirdparties\pdsc\STMicroelectronics.FP-SNS-STBOX1.2.0.0.pdsc: PDSC version is not supported
2024-09-09 12:00:13,621 [WARN] PackLoader:238 - Cannot read IP mode file for STMicroelectronics.X-CUBE-SUBG2.5.0.0
2024-09-09 12:00:13,639 [ERROR] Engine:463 - C:\Users\Azuki\.stm32cubemx\thirdparties\pdsc\Cesanta.I-CUBE-Mongoose.7.13.0.pdsc: PDSC version is not supported
2024-09-09 12:00:13,663 [WARN] PackLoader:238 - Cannot read IP mode file for STMicroelectronics.X-CUBE-AZRTOS-G4.2.0.0
2024-09-09 12:00:13,676 [WARN] PackLoader:238 - Cannot read IP mode file for STMicroelectronics.X-CUBE-ISPU.2.0.0
2024-09-09 12:00:13,688 [ERROR] Engine:463 - C:\Users\Azuki\.stm32cubemx\thirdparties\pdsc\STMicroelectronics.X-CUBE-ALS.1.0.2.pdsc: PDSC version is not supported
2024-09-09 12:00:13,703 [WARN] PackLoader:238 - Cannot read IP mode file for STMicroelectronics.X-CUBE-TOUCHGFX.4.24.0
2024-09-09 12:00:13,714 [WARN] PackLoader:238 - Cannot read IP mode file for wolfSSL.I-CUBE-wolfTPM.3.4.0
2024-09-09 12:00:13,728 [WARN] PackLoader:238 - Cannot read IP mode file for portGmbH.I-Cube-SoM-uGOAL.1.1.0
2024-09-09 12:00:13,757 [WARN] PackLoader:238 - Cannot read IP mode file for STMicroelectronics.X-CUBE-AZRTOS-H7RS.1.0.0
2024-09-09 12:00:13,771 [WARN] PackLoader:238 - Cannot read IP mode file for STMicroelectronics.FP-ATR-ASTRA1.2.0.0
2024-09-09 12:00:13,785 [ERROR] Engine:463 - C:\Users\Azuki\.stm32cubemx\thirdparties\pdsc\STMicroelectronics.X-CUBE-TOF1.3.4.2.pdsc: PDSC version is not supported
2024-09-09 12:00:13,802 [ERROR] Engine:463 - C:\Users\Azuki\.stm32cubemx\thirdparties\pdsc\Infineon.AIROC-Wi-Fi-Bluetooth-STM32.1.6.1.pdsc: PDSC version is not supported
2024-09-09 12:00:13,814 [WARN] PackLoader:238 - Cannot read IP mode file for wolfSSL.I-CUBE-wolfSSH.1.4.17
2024-09-09 12:00:13,814 [INFO] ThirdParty:915 - Integrity check success = true
2024-09-09 12:00:13,815 [INFO] IntegrityCheckThread:94 - exiting critical section [integrity check]
2024-09-09 12:00:13,815 [INFO] IntegrityCheckThread:97 - End integrity checks thread
2024-09-09 12:00:13,888 [INFO] DbMcusDocs:79 - Found 682 MCUs documents
2024-09-09 12:00:13,890 [INFO] ApiDb:276 - Save user favorites file C:\Users\Azuki/.stm32cubeide/favorites.mcus.txt: 0 item(s)
2024-09-09 12:00:13,890 [INFO] ApiDb:280 - User favorites MCUs=[]
2024-09-09 12:00:13,890 [INFO] DbMcusXml:100 - Load MCU database from C:\ST\STM32CubeIDE_1.7.0\STM32CubeIDE\plugins\com.st.stm32cube.common.mx_6.3.0.202107141111\\db\/mcu/families.xml
2024-09-09 12:00:14,965 [INFO] DbMcusJson:93 - JSON generation date=Tue Nov 16 23:17:54 ICT 2021 (1637079474)
2024-09-09 12:00:15,493 [INFO] DbMcus:175 - Found 1951 MCUs (1903 are supported by CubeMX, 1914 are visible in CubeMX)
2024-09-09 12:00:15,494 [INFO] ApiDb:251 - Load user favorites file C:\Users\Azuki/.stm32cubeide/favorites.mcus.txt: 0 item(s)
2024-09-09 12:00:15,494 [INFO] ApiDb:255 - User favorites MCUs=[]
2024-09-09 12:00:15,494 [INFO] DbMcus:187 - Set 0 / 0 favorites MCUs
2024-09-09 12:00:15,512 [INFO] DbBoardsDocs:143 - JSON generation date=Tue Nov 16 23:17:54 ICT 2021 (1637079474)
2024-09-09 12:00:15,535 [INFO] DbBoardsPdsc:90 - Found 25 items
2024-09-09 12:00:15,550 [INFO] DbBoardsPdsc:90 - Found 9 items
2024-09-09 12:00:15,566 [INFO] DbBoardsPdsc:90 - Found 33 items
2024-09-09 12:00:15,578 [INFO] DbBoardsPdsc:90 - Found 1 items
2024-09-09 12:00:15,594 [INFO] DbBoardsPdsc:90 - Found 48 items
2024-09-09 12:00:15,629 [INFO] DbBoardsPdsc:90 - Found 43 items
2024-09-09 12:00:15,646 [INFO] DbBoardsPdsc:90 - Found 2 items
2024-09-09 12:00:15,659 [INFO] DbBoardsPdsc:90 - Found 5 items
2024-09-09 12:00:15,665 [WARN] DbBoardsPdsc:254 - Board STM32H7B3I-DK: unknown feature type=Audio, name=, username=Audio stereo codec with Headphone Amp (CS42L51-CNZ), n=1
2024-09-09 12:00:15,665 [WARN] DbBoardsPdsc:254 - Board STM32H735G-DK: unknown feature type=Audio, name=, username=Audio stereo codec with Headphone Amp (WM8994ECS/R), n=1
2024-09-09 12:00:15,666 [WARN] DbBoardsPdsc:254 - Board STM32H7B3I-EVAL: unknown feature type=Audio, name=, username=Multi-Channel Audio Codec (CS42L51-CNZ), n=1
2024-09-09 12:00:15,667 [WARN] DbBoardsPdsc:254 - Board STM32H7B3I-EVAL: unknown feature type=Meter, name=, username=Power-metering and Temperature-monitoring with sigma-delta modulators, n=1
2024-09-09 12:00:15,667 [WARN] DbBoardsPdsc:254 - Board STM32H7B3I-EVAL: unknown feature type=Motor, name=, username=Motor Control, n=1
2024-09-09 12:00:15,667 [WARN] DbBoardsPdsc:254 - Board STM32U575I-EV: unknown feature type=joystick, name=, username=4-direction joystick with selection button, n=1
2024-09-09 12:00:15,689 [INFO] DbBoardsJson:86 - JSON generation date=Tue Nov 16 23:17:54 ICT 2021 (1637079474)
2024-09-09 12:00:15,696 [INFO] DbBoards:117 - Found 167 boards (163 are supported by CubeMX)
2024-09-09 12:00:15,698 [INFO] DbBoardsDocs:143 - JSON generation date=Tue Nov 16 23:17:54 ICT 2021 (1637079474)
2024-09-09 12:00:15,701 [INFO] DbBoardsDocs:79 - Found 209 boards documents
2024-09-09 12:00:15,703 [WARN] DbBoards:127 - board B-L475E-IOT01A2 has no document id list !
2024-09-09 12:00:15,725 [WARN] DbBoards:127 - board NUCLEO-H743ZI has no document id list !
2024-09-09 12:00:15,725 [WARN] DbBoards:127 - board NUCLEO-WL55JC2 has no document id list !
2024-09-09 12:00:15,725 [WARN] DbBoards:127 - board P-NUCLEO-WB55-Nucleo has no document id list !
2024-09-09 12:00:15,725 [WARN] DbBoards:127 - board P-NUCLEO-WB55-USBDongle has no document id list !
2024-09-09 12:00:15,725 [WARN] DbBoards:127 - board STEVAL-BFA001V1B has no document id list !
2024-09-09 12:00:15,725 [WARN] DbBoards:127 - board STEVAL-BFA001V2B has no document id list !
2024-09-09 12:00:15,725 [WARN] DbBoards:127 - board STEVAL-IDP005V1 has no document id list !
2024-09-09 12:00:15,725 [WARN] DbBoards:127 - board STEVAL-IDP005V2 has no document id list !
2024-09-09 12:00:15,725 [WARN] DbBoards:127 - board STEVAL-MKSBOX1V1 has no document id list !
2024-09-09 12:00:15,725 [WARN] DbBoards:127 - board STEVAL-STWINKT1 has no document id list !
2024-09-09 12:00:15,725 [WARN] DbBoards:127 - board STEVAL-STWINKT1B has no document id list !
2024-09-09 12:00:15,727 [WARN] DbBoards:127 - board STM32439I-EVAL2 has no document id list !
2024-09-09 12:00:15,727 [WARN] DbBoards:127 - board STM32F401C-DISCO has no document id list !
2024-09-09 12:00:15,727 [WARN] DbBoards:127 - board STM32F769I-DISC1 has no document id list !
2024-09-09 12:00:15,727 [WARN] DbBoards:127 - board STM32G474E-EVAL1 has no document id list !
2024-09-09 12:00:15,728 [WARN] DbBoards:127 - board STM32H743I-EVAL2 has no document id list !
2024-09-09 12:00:15,728 [WARN] DbBoards:127 - board STM32H747I-DISC1 has no document id list !
2024-09-09 12:00:15,728 [WARN] DbBoards:127 - board STM32H753I-EVAL2 has no document id list !
2024-09-09 12:00:15,728 [WARN] DbBoards:127 - board STM32L-DISCOVERY has no document id list !
2024-09-09 12:00:15,837 [ERROR] DbBoards:189 - Image file not found for board B-U585I-IOT02A: C:\ST\STM32CubeIDE_1.7.0\STM32CubeIDE\plugins\com.st.stm32cube.common.mx_6.3.0.202107141111\\db\/plugins/mcufinder/images/boards/B-U585I-IOT02A_small.jpg
2024-09-09 12:00:15,912 [ERROR] DbBoards:189 - Image file not found for board NUCLEO-F413ZH: C:\ST\STM32CubeIDE_1.7.0\STM32CubeIDE\plugins\com.st.stm32cube.common.mx_6.3.0.202107141111\\db\/plugins/mcufinder/images/boards/nucleo-f413zh_small.jpg
2024-09-09 12:00:16,072 [ERROR] DbBoards:189 - Image file not found for board NUCLEO-L552ZE-Q: C:\ST\STM32CubeIDE_1.7.0\STM32CubeIDE\plugins\com.st.stm32cube.common.mx_6.3.0.202107141111\\db\/plugins/mcufinder/images/boards/nucleo_l552ze_q_small.jpg
2024-09-09 12:00:16,073 [ERROR] DbBoards:189 - Image file not found for board NUCLEO-U575ZI-Q: C:\ST\STM32CubeIDE_1.7.0\STM32CubeIDE\plugins\com.st.stm32cube.common.mx_6.3.0.202107141111\\db\/plugins/mcufinder/images/boards/nucleo-u575zi-q_small.jpg
2024-09-09 12:00:16,073 [ERROR] DbBoards:189 - Image file not found for board NUCLEO-WB15CC: C:\ST\STM32CubeIDE_1.7.0\STM32CubeIDE\plugins\com.st.stm32cube.common.mx_6.3.0.202107141111\\db\/plugins/mcufinder/images/boards/nucleo-wb15cc_small.jpg
2024-09-09 12:00:16,073 [ERROR] DbBoards:189 - Image file not found for board NUCLEO-WB55RG: C:\ST\STM32CubeIDE_1.7.0\STM32CubeIDE\plugins\com.st.stm32cube.common.mx_6.3.0.202107141111\\db\/plugins/mcufinder/images/boards/nucleo-wb55rg_small.jpg
2024-09-09 12:00:17,182 [INFO] ApiDb:251 - Load user favorites file C:\Users\Azuki/.stm32cubeide/favorites.boards.txt: 0 item(s)
2024-09-09 12:00:17,182 [INFO] ApiDb:255 - User favorites Boards=[]
2024-09-09 12:00:17,183 [INFO] DbBoards:206 - Set 0 / 0 favorites Boards
2024-09-09 12:00:17,185 [INFO] DbBoardsDocs:79 - Found 418 boards documents
2024-09-09 12:00:17,185 [INFO] ApiDb:276 - Save user favorites file C:\Users\Azuki/.stm32cubeide/favorites.boards.txt: 0 item(s)
2024-09-09 12:00:17,185 [INFO] ApiDb:280 - User favorites Boards=[]
2024-09-09 12:00:17,188 [INFO] DbBoardsPdsc:90 - Found 25 items
2024-09-09 12:00:17,189 [INFO] DbBoardsPdsc:90 - Found 9 items
2024-09-09 12:00:17,192 [INFO] DbBoardsPdsc:90 - Found 33 items
2024-09-09 12:00:17,215 [INFO] DbBoardsPdsc:90 - Found 1 items
2024-09-09 12:00:17,220 [INFO] DbBoardsPdsc:90 - Found 48 items
2024-09-09 12:00:17,225 [INFO] DbBoardsPdsc:90 - Found 43 items
2024-09-09 12:00:17,227 [INFO] DbBoardsPdsc:90 - Found 2 items
2024-09-09 12:00:17,227 [INFO] DbBoardsPdsc:90 - Found 5 items
2024-09-09 12:00:17,229 [WARN] DbBoardsPdsc:254 - Board STM32H7B3I-DK: unknown feature type=Audio, name=, username=Audio stereo codec with Headphone Amp (CS42L51-CNZ), n=1
2024-09-09 12:00:17,230 [WARN] DbBoardsPdsc:254 - Board STM32H735G-DK: unknown feature type=Audio, name=, username=Audio stereo codec with Headphone Amp (WM8994ECS/R), n=1
2024-09-09 12:00:17,231 [WARN] DbBoardsPdsc:254 - Board STM32H7B3I-EVAL: unknown feature type=Audio, name=, username=Multi-Channel Audio Codec (CS42L51-CNZ), n=1
2024-09-09 12:00:17,231 [WARN] DbBoardsPdsc:254 - Board STM32H7B3I-EVAL: unknown feature type=Meter, name=, username=Power-metering and Temperature-monitoring with sigma-delta modulators, n=1
2024-09-09 12:00:17,231 [WARN] DbBoardsPdsc:254 - Board STM32H7B3I-EVAL: unknown feature type=Motor, name=, username=Motor Control, n=1
2024-09-09 12:00:17,231 [WARN] DbBoardsPdsc:254 - Board STM32U575I-EV: unknown feature type=joystick, name=, username=4-direction joystick with selection button, n=1
2024-09-09 12:00:17,255 [INFO] DbBoardsJson:86 - JSON generation date=Tue Nov 16 23:17:54 ICT 2021 (1637079474)
2024-09-09 12:00:17,263 [INFO] DbBoards:117 - Found 167 boards (163 are supported by CubeMX)
2024-09-09 12:00:17,263 [WARN] DbBoards:127 - board B-L475E-IOT01A2 has no document id list !
2024-09-09 12:00:17,265 [WARN] DbBoards:127 - board NUCLEO-H743ZI has no document id list !
2024-09-09 12:00:17,265 [WARN] DbBoards:127 - board NUCLEO-WL55JC2 has no document id list !
2024-09-09 12:00:17,265 [WARN] DbBoards:127 - board P-NUCLEO-WB55-Nucleo has no document id list !
2024-09-09 12:00:17,265 [WARN] DbBoards:127 - board P-NUCLEO-WB55-USBDongle has no document id list !
2024-09-09 12:00:17,265 [WARN] DbBoards:127 - board STEVAL-BFA001V1B has no document id list !
2024-09-09 12:00:17,265 [WARN] DbBoards:127 - board STEVAL-BFA001V2B has no document id list !
2024-09-09 12:00:17,265 [WARN] DbBoards:127 - board STEVAL-IDP005V1 has no document id list !
2024-09-09 12:00:17,266 [WARN] DbBoards:127 - board STEVAL-IDP005V2 has no document id list !
2024-09-09 12:00:17,266 [WARN] DbBoards:127 - board STEVAL-MKSBOX1V1 has no document id list !
2024-09-09 12:00:17,266 [WARN] DbBoards:127 - board STEVAL-STWINKT1 has no document id list !
2024-09-09 12:00:17,266 [WARN] DbBoards:127 - board STEVAL-STWINKT1B has no document id list !
2024-09-09 12:00:17,266 [WARN] DbBoards:127 - board STM32439I-EVAL2 has no document id list !
2024-09-09 12:00:17,266 [WARN] DbBoards:127 - board STM32F401C-DISCO has no document id list !
2024-09-09 12:00:17,266 [WARN] DbBoards:127 - board STM32F769I-DISC1 has no document id list !
2024-09-09 12:00:17,266 [WARN] DbBoards:127 - board STM32G474E-EVAL1 has no document id list !
2024-09-09 12:00:17,266 [WARN] DbBoards:127 - board STM32H743I-EVAL2 has no document id list !
2024-09-09 12:00:17,266 [WARN] DbBoards:127 - board STM32H747I-DISC1 has no document id list !
2024-09-09 12:00:17,267 [WARN] DbBoards:127 - board STM32H753I-EVAL2 has no document id list !
2024-09-09 12:00:17,267 [WARN] DbBoards:127 - board STM32L-DISCOVERY has no document id list !
2024-09-09 12:00:17,347 [ERROR] DbBoards:189 - Image file not found for board B-U585I-IOT02A: C:\ST\STM32CubeIDE_1.7.0\STM32CubeIDE\plugins\com.st.stm32cube.common.mx_6.3.0.202107141111\\db\/plugins/mcufinder/images/boards/B-U585I-IOT02A_small.jpg
2024-09-09 12:00:17,424 [ERROR] DbBoards:189 - Image file not found for board NUCLEO-F413ZH: C:\ST\STM32CubeIDE_1.7.0\STM32CubeIDE\plugins\com.st.stm32cube.common.mx_6.3.0.202107141111\\db\/plugins/mcufinder/images/boards/nucleo-f413zh_small.jpg
2024-09-09 12:00:17,617 [ERROR] DbBoards:189 - Image file not found for board NUCLEO-L552ZE-Q: C:\ST\STM32CubeIDE_1.7.0\STM32CubeIDE\plugins\com.st.stm32cube.common.mx_6.3.0.202107141111\\db\/plugins/mcufinder/images/boards/nucleo_l552ze_q_small.jpg
2024-09-09 12:00:17,617 [ERROR] DbBoards:189 - Image file not found for board NUCLEO-U575ZI-Q: C:\ST\STM32CubeIDE_1.7.0\STM32CubeIDE\plugins\com.st.stm32cube.common.mx_6.3.0.202107141111\\db\/plugins/mcufinder/images/boards/nucleo-u575zi-q_small.jpg
2024-09-09 12:00:17,617 [ERROR] DbBoards:189 - Image file not found for board NUCLEO-WB15CC: C:\ST\STM32CubeIDE_1.7.0\STM32CubeIDE\plugins\com.st.stm32cube.common.mx_6.3.0.202107141111\\db\/plugins/mcufinder/images/boards/nucleo-wb15cc_small.jpg
2024-09-09 12:00:17,617 [ERROR] DbBoards:189 - Image file not found for board NUCLEO-WB55RG: C:\ST\STM32CubeIDE_1.7.0\STM32CubeIDE\plugins\com.st.stm32cube.common.mx_6.3.0.202107141111\\db\/plugins/mcufinder/images/boards/nucleo-wb55rg_small.jpg
2024-09-09 12:00:18,254 [INFO] ApiDb:251 - Load user favorites file C:\Users\Azuki/.stm32cubeide/favorites.boards.txt: 0 item(s)
2024-09-09 12:00:18,255 [INFO] ApiDb:255 - User favorites Boards=[]
2024-09-09 12:00:18,255 [INFO] DbBoards:206 - Set 0 / 0 favorites Boards
2024-09-09 12:00:18,279 [INFO] LoadUrlFilesThread:172 - End of LoadServerUrlFiles without Thread
2024-09-09 12:00:18,279 [INFO] TargetSelectorAdapter:224 - Refresh data is successful
2024-09-09 12:00:18,402 [INFO] ApiDb:479 - Connected to CubeFinder SQLite database (C:\Users\Azuki\.stmcufinder\plugins\mcufinder\mcu\cube-finder-db.db)
2024-09-09 12:00:19,565 [ERROR] DbExamplesSqlite:446 - Missing JSON key: board_cpn
2024-09-09 12:00:19,566 [ERROR] DbExamplesSqlite:446 - Missing JSON key: board_cpn
2024-09-09 12:00:19,566 [ERROR] DbExamplesSqlite:446 - Missing JSON key: board_cpn
2024-09-09 12:00:19,566 [ERROR] DbExamplesSqlite:446 - Missing JSON key: board_cpn
2024-09-09 12:00:19,692 [ERROR] DbExamplesSqlite:446 - Missing JSON key: board_cpn
2024-09-09 12:00:19,693 [ERROR] DbExamplesSqlite:446 - Missing JSON key: board_cpn
2024-09-09 12:00:19,693 [ERROR] DbExamplesSqlite:446 - Missing JSON key: board_cpn
2024-09-09 12:00:19,693 [ERROR] DbExamplesSqlite:446 - Missing JSON key: board_cpn
2024-09-09 12:00:19,694 [ERROR] DbExamplesSqlite:446 - Missing JSON key: board_cpn
2024-09-09 12:00:19,694 [ERROR] DbExamplesSqlite:446 - Missing JSON key: board_cpn
2024-09-09 12:00:19,694 [ERROR] DbExamplesSqlite:446 - Missing JSON key: board_cpn
2024-09-09 12:00:19,694 [ERROR] DbExamplesSqlite:446 - Missing JSON key: board_cpn
2024-09-09 12:00:19,694 [ERROR] DbExamplesSqlite:446 - Missing JSON key: board_cpn
2024-09-09 12:00:19,695 [INFO] DbExamplesSqlite:411 - Ignored 28 examples not supported by CubeIDE
2024-09-09 12:00:19,695 [INFO] DbExamplesSqlite:412 - Found 8608 examples active
2024-09-09 12:00:19,695 [INFO] DbExamplesSqlite:413 - Found 0 examples obsolete
2024-09-09 12:00:19,695 [INFO] DbExamplesSqlite:414 - Found 0 examples under development
2024-09-09 12:00:19,695 [INFO] DbExamplesSqlite:415 - Found 10 examples not building
2024-09-09 12:00:19,761 [INFO] DbExamplesSqlite:108 - CubeFinder database Data Model version=2.1
2024-09-09 12:00:19,762 [INFO] DbExamplesSqlite:109 - CubeFinder database Configuration version=3.0.39
2024-09-09 12:00:19,762 [INFO] DbExamplesSqlite:110 - CubeFinder database generation date=2024-08-06 (1722941618)
2024-09-09 12:00:19,762 [INFO] DbExamplesSqlite:111 - CubeFinder database FW Pack versions=[FP-ATR-ASTRA1_V2.0.0, FP-SNS-FLIGHT1_V5.0.2, FP-SNS-MOTENV1_V5.0.0, FP-SNS-MOTENVWB1_V1.4.0, FP-SNS-SMARTAG2_V1.2.0, FP-SNS-STBOX1_V2.0.0, STM32Cube_FW_C0_V1.2.0, STM32Cube_FW_F4_V1.28.0, STM32Cube_FW_F7_V1.17.2, STM32Cube_FW_G0_V1.6.2, STM32Cube_FW_G4_V1.6.0, STM32Cube_FW_H5_V1.3.0, STM32Cube_FW_H7RS_V1.1.0, STM32Cube_FW_H7_V1.11.2, STM32Cube_FW_L0_V1.12.2, STM32Cube_FW_L5_V1.5.1, STM32Cube_FW_U0_V1.1.0, STM32Cube_FW_U5_V1.6.0, STM32Cube_FW_WB0_V1.0.0, STM32Cube_FW_WBA_V1.4.1, STM32Cube_FW_WB_V1.20.0, STM32Cube_FW_WL_V1.3.0, X-CUBE-ALGOBUILD_V1.4.0, X-CUBE-ALS_V1.0.2, X-CUBE-AZRTOS-F4_V1.1.0, X-CUBE-AZRTOS-F7_V1.1.0, X-CUBE-AZRTOS-G0_V1.1.0, X-CUBE-AZRTOS-G4_V2.0.0, X-CUBE-AZRTOS-H7RS_V1.0.0, X-CUBE-AZRTOS-H7_V3.2.0, X-CUBE-AZRTOS-L4_V2.0.0, X-CUBE-AZRTOS-L5_V1.1.0, X-CUBE-AZRTOS-WB_V2.0.0, X-CUBE-AZRTOS-WL_V2.0.0, X-CUBE-BLE1_V7.0.0, X-CUBE-BLE2_V3.3.0, X-CUBE-BLEMGR_V3.1.0, X-CUBE-EEPRMA1_V5.1.0, X-CUBE-FREERTOS_V1.2.0, X-CUBE-GNSS1_V6.0.0, X-CUBE-MEMS1_V10.0.0, X-CUBE-NFC4_V3.0.0, X-CUBE-NFC7_V1.0.1, X-CUBE-SFXS2LP1_V4.0.0, X-CUBE-SUBG2_V5.0.0, X-CUBE-TOF1_V3.4.2]
2024-09-09 12:00:19,765 [INFO] DbExamples:130 - Found 8590 examples
2024-09-09 12:00:20,449 [ERROR] DbExamples:206 - Found 8590 examples with invalid data (board or MCU)
2024-09-09 12:00:20,449 [INFO] DbExamples:222 - Found 80 boards with related examples
2024-09-09 12:00:20,450 [INFO] DbExamples:235 - Found 0 MCUs with related examples
2024-09-09 12:00:20,472 [INFO] ApiDb:242 - User favorites file not found: C:\Users\Azuki/.stm32cubeide/favorites.examples.txt
2024-09-09 12:00:20,472 [INFO] DbExamples:256 - Set 0 / 0 favorites Examples
2024-09-09 12:00:20,865 [INFO] McuFinderGlobals:52 - Set McuFinderConnectedMode to false
2024-09-09 12:00:20,967 [INFO] CrossSelectorPresenter:1330 - Cross Selector saved comparison directory: C:\Users\Azuki\.stmcufinder\plugins\mcufinder\mcu\cs_comparisons_mx
2024-09-09 12:00:20,973 [INFO] MultiScanPanel:197 - Auto-refresh data requested => check proxy status ongoing
2024-09-09 12:00:20,973 [INFO] MultiScanPanel:201 - Proxy status is invalid
2024-09-09 12:00:20,977 [INFO] FinderPluginLoader:87 - Searching for filters in installed packs
2024-09-09 12:00:21,467 [INFO] DetailPanel:309 - Set advertising image to C:/Users/Azuki/STM32Cube/Repository/\en.prom-stm32h7rs-mcu-finder.jpg
2024-09-09 12:01:02,045 [INFO] MainUpdater:2671 - connection check result : 10
2024-09-09 12:01:02,046 [INFO] MainUpdater:2671 - connection check result : 10
2024-09-09 12:01:02,096 [INFO] MicroXplorer:448 - Change Database Path : 
2024-09-09 12:01:02,097 [INFO] MicroXplorer:478 - Change Database Version : DB.6.0.30
2024-09-09 12:01:02,097 [WARN] ThirdParty:813 - waiting for thirdparty lock release [close project]
2024-09-09 12:01:02,097 [INFO] ThirdParty:815 - entering critical section [close project]
2024-09-09 12:01:02,097 [INFO] ThirdParty:825 - exiting critical section [close project]
2024-09-09 12:01:02,101 [INFO] PinOutPanel:1463 - setPackage(No Configuration,No Configuration)
2024-09-09 12:01:02,102 [INFO] UtilMem:74 - Begin LoadConfig() Used Memory: 907313872 Bytes (1070596096)
2024-09-09 12:01:02,104 [INFO] MicroXplorer:448 - Change Database Path : 
2024-09-09 12:01:02,104 [INFO] MicroXplorer:478 - Change Database Version : DB.6.0.30
2024-09-09 12:01:02,104 [INFO] OpenFileManager:313 - Change cursor
2024-09-09 12:01:02,817 [INFO] Context:592 - Trying to add GPIOservice into a context  which must be forbidden
2024-09-09 12:01:03,028 [INFO] ImportTextPane:167 - (OptionalMessage_ERROR) Unable to find key (Mcu.ThirdPartyNb) in loaded IOC file
2024-09-09 12:01:03,029 [INFO] ImportTextPane:167 - (OptionalMessage_ERROR) Unable to find key (Mcu.PinsNb) in loaded IOC file
2024-09-09 12:01:03,029 [INFO] ImportTextPane:167 - (OptionalMessage_ERROR) Unable to find key (Mcu.IPNb) in loaded IOC file
2024-09-09 12:01:03,072 [WARN] ApiManager:304 - Cannot register API 'Board Extension:GNSS1A1' from pack STMicroelectronics.X-CUBE-GNSS1.6.0.0: no header file found
2024-09-09 12:01:03,073 [WARN] ApiManager:304 - Cannot register API 'Board Support:Custom' from pack STMicroelectronics.X-CUBE-GNSS1.6.0.0: no header file found
2024-09-09 12:01:03,073 [WARN] ApiManager:304 - Cannot register API 'Data Exchange:lib_gnss' from pack STMicroelectronics.X-CUBE-GNSS1.6.0.0: no header file found
2024-09-09 12:01:03,087 [WARN] ApiManager:304 - Cannot register API 'Board Extension:NFC06A1' from pack STMicroelectronics.X-CUBE-NFC6.3.1.0: no header file found
2024-09-09 12:01:03,087 [WARN] ApiManager:304 - Cannot register API 'Board Extension:NFC08A1' from pack STMicroelectronics.X-CUBE-NFC6.3.1.0: no header file found
2024-09-09 12:01:03,211 [WARN] ApiManager:304 - Cannot register API 'Board Extension:IKS01A3' from pack STMicroelectronics.X-CUBE-MEMS1.11.0.0: no header file found
2024-09-09 12:01:03,212 [WARN] ApiManager:304 - Cannot register API 'Board Extension:IKS02A1' from pack STMicroelectronics.X-CUBE-MEMS1.11.0.0: no header file found
2024-09-09 12:01:03,212 [WARN] ApiManager:304 - Cannot register API 'Board Extension:IKS4A1' from pack STMicroelectronics.X-CUBE-MEMS1.11.0.0: no header file found
2024-09-09 12:01:03,218 [INFO] RtosManager:484 - Registered RTOS mode: class=CMSIS, group=RTOS, mode=CMSIS_V1, owner=FREERTOS
2024-09-09 12:01:03,218 [INFO] RtosManager:484 - Registered RTOS mode: class=CMSIS, group=RTOS2, mode=CMSIS_V2, owner=FREERTOS
2024-09-09 12:01:03,218 [INFO] RtosManager:484 - Registered RTOS mode: class=RTOS, group=Core, mode=CMSIS_V1, owner=FREERTOS
2024-09-09 12:01:03,218 [INFO] RtosManager:484 - Registered RTOS mode: class=RTOS, group=Core, mode=CMSIS_V2, owner=FREERTOS
2024-09-09 12:01:03,218 [WARN] ModelIntegratedComponent:181 - Missing modes for component STMicroelectronics:FreeRTOS:0.0.1:STMicroelectronics:RTOS:FreeRTOS:Core:::10.2.0:
2024-09-09 12:01:03,219 [WARN] ApiManager:304 - Cannot register API 'Board Extension:STSAFEA1' from pack STMicroelectronics.X-CUBE-SAFEA1.1.2.2: no header file found
2024-09-09 12:01:03,220 [WARN] ApiManager:304 - Cannot register API 'Board Part:STSAFEA110' from pack STMicroelectronics.X-CUBE-SAFEA1.1.2.2: no header file found
2024-09-09 12:01:03,220 [WARN] ApiManager:304 - Cannot register API 'Security:ST_Cryptolib' from pack STMicroelectronics.X-CUBE-SAFEA1.1.2.2: no header file found
2024-09-09 12:01:03,220 [WARN] ApiManager:304 - Cannot register API 'Security:MbedTLS' from pack STMicroelectronics.X-CUBE-SAFEA1.1.2.2: no header file found
2024-09-09 12:01:03,220 [WARN] ApiManager:304 - Cannot register API 'Board Extension:NFC04A1' from pack STMicroelectronics.X-CUBE-NFC4.3.0.0: no header file found
2024-09-09 12:01:03,222 [WARN] ApiManager:304 - Cannot register API 'Board Extension:S2868A1' from pack STMicroelectronics.X-CUBE-SUBG2.5.0.0: no header file found
2024-09-09 12:01:03,223 [WARN] ApiManager:304 - Cannot register API 'Board Extension:S2868A2' from pack STMicroelectronics.X-CUBE-SUBG2.5.0.0: no header file found
2024-09-09 12:01:03,223 [WARN] ApiManager:304 - Cannot register API 'Board Extension:S2915A1' from pack STMicroelectronics.X-CUBE-SUBG2.5.0.0: no header file found
2024-09-09 12:01:03,224 [WARN] ApiManager:304 - Cannot register API 'Wireless:BlueNRG-MS' from pack STMicroelectronics.X-CUBE-BLE1.7.0.0: no header file found
2024-09-09 12:01:03,225 [WARN] ApiManager:304 - Cannot register API 'Board Extension:EEPRMA2' from pack STMicroelectronics.X-CUBE-EEPRMA1.5.1.0: no header file found
2024-09-09 12:01:03,225 [WARN] ApiManager:304 - Cannot register API 'Board Extension:PGEEZ1' from pack STMicroelectronics.X-CUBE-EEPRMA1.5.1.0: no header file found
2024-09-09 12:01:03,225 [WARN] ApiManager:304 - Cannot register API 'Board Extension:EEICA1' from pack STMicroelectronics.X-CUBE-EEPRMA1.5.1.0: no header file found
2024-09-09 12:01:03,225 [WARN] ApiManager:304 - Cannot register API 'Board Part:M24' from pack STMicroelectronics.X-CUBE-EEPRMA1.5.1.0: no header file found
2024-09-09 12:01:03,225 [WARN] ApiManager:304 - Cannot register API 'Board Part:M95' from pack STMicroelectronics.X-CUBE-EEPRMA1.5.1.0: no header file found
2024-09-09 12:01:03,225 [WARN] ApiManager:304 - Cannot register API 'Board Part:M95P32' from pack STMicroelectronics.X-CUBE-EEPRMA1.5.1.0: no header file found
2024-09-09 12:01:03,227 [WARN] ApiManager:304 - Cannot register API 'Board Part:M24256E-F' from pack STMicroelectronics.X-CUBE-EEPRMA1.5.1.0: no header file found
2024-09-09 12:01:03,227 [WARN] ApiManager:304 - Cannot register API 'Board Part:M24M01E-F' from pack STMicroelectronics.X-CUBE-EEPRMA1.5.1.0: no header file found
2024-09-09 12:01:03,227 [WARN] ApiManager:304 - Cannot register API 'PGEEZ1:SPI' from pack STMicroelectronics.X-CUBE-EEPRMA1.5.1.0: no header file found
2024-09-09 12:01:03,227 [WARN] ApiManager:304 - Cannot register API 'PGEEZ1:QDSPI' from pack STMicroelectronics.X-CUBE-EEPRMA1.5.1.0: no header file found
2024-09-09 12:01:03,229 [WARN] ModelIntegratedComponent:60 - No mode defined for component null
2024-09-09 12:01:03,229 [WARN] ModelIntegratedComponent:60 - No mode defined for component null
2024-09-09 12:01:03,229 [WARN] ModelIntegratedComponent:60 - No mode defined for component null
2024-09-09 12:01:03,229 [WARN] ModelIntegratedComponent:60 - No mode defined for component null
2024-09-09 12:01:03,229 [WARN] ModelIntegratedComponent:60 - No mode defined for component null
2024-09-09 12:01:03,229 [WARN] ModelIntegratedComponent:60 - No mode defined for component null
2024-09-09 12:01:03,229 [WARN] ModelIntegratedComponent:60 - No mode defined for component null
2024-09-09 12:01:03,229 [WARN] ModelIntegratedComponent:60 - No mode defined for component null
2024-09-09 12:01:03,229 [WARN] ModelIntegratedComponent:60 - No mode defined for component null
2024-09-09 12:01:03,229 [WARN] ModelIntegratedComponent:60 - No mode defined for component null
2024-09-09 12:01:03,229 [WARN] ModelIntegratedComponent:60 - No mode defined for component null
2024-09-09 12:01:03,229 [WARN] ModelIntegratedComponent:60 - No mode defined for component null
2024-09-09 12:01:03,229 [WARN] ModelIntegratedComponent:60 - No mode defined for component null
2024-09-09 12:01:03,230 [WARN] ModelIntegratedComponent:60 - No mode defined for component null
2024-09-09 12:01:03,230 [WARN] ModelIntegratedComponent:60 - No mode defined for component null
2024-09-09 12:01:03,230 [WARN] ModelIntegratedComponent:60 - No mode defined for component null
2024-09-09 12:01:03,230 [WARN] ModelIntegratedComponent:60 - No mode defined for component null
2024-09-09 12:01:03,230 [WARN] ModelIntegratedComponent:60 - No mode defined for component null
2024-09-09 12:01:03,230 [WARN] ModelIntegratedComponent:60 - No mode defined for component null
2024-09-09 12:01:03,230 [WARN] ModelIntegratedComponent:60 - No mode defined for component null
2024-09-09 12:01:03,230 [WARN] ModelIntegratedComponent:60 - No mode defined for component null
2024-09-09 12:01:03,230 [WARN] ModelIntegratedComponent:60 - No mode defined for component null
2024-09-09 12:01:03,230 [WARN] ModelIntegratedComponent:60 - No mode defined for component null
2024-09-09 12:01:03,230 [WARN] ModelIntegratedComponent:60 - No mode defined for component null
2024-09-09 12:01:03,230 [WARN] ModelIntegratedComponent:60 - No mode defined for component null
2024-09-09 12:01:03,230 [WARN] ModelIntegratedComponent:60 - No mode defined for component null
2024-09-09 12:01:03,230 [WARN] ModelIntegratedComponent:60 - No mode defined for component null
2024-09-09 12:01:03,230 [WARN] ModelIntegratedComponent:60 - No mode defined for component null
2024-09-09 12:01:03,230 [WARN] ModelIntegratedComponent:60 - No mode defined for component null
2024-09-09 12:01:03,230 [WARN] ModelIntegratedComponent:60 - No mode defined for component null
2024-09-09 12:01:03,230 [WARN] ModelIntegratedComponent:60 - No mode defined for component null
2024-09-09 12:01:03,231 [WARN] ApiManager:304 - Cannot register API 'Board Extension:NFC07A1' from pack STMicroelectronics.X-CUBE-NFC7.1.0.1: no header file found
2024-09-09 12:01:03,239 [WARN] ApiManager:304 - Cannot register API 'Board Extension:S2868A1' from pack STMicroelectronics.X-CUBE-SFXS2LP1.4.0.0: no header file found
2024-09-09 12:01:03,239 [WARN] ApiManager:304 - Cannot register API 'Board Extension:S2868A2' from pack STMicroelectronics.X-CUBE-SFXS2LP1.4.0.0: no header file found
2024-09-09 12:01:03,239 [WARN] ApiManager:304 - Cannot register API 'Board Extension:S2915A1' from pack STMicroelectronics.X-CUBE-SFXS2LP1.4.0.0: no header file found
2024-09-09 12:01:03,239 [WARN] ApiManager:304 - Cannot register API 'Wireless:BlueNRG-2' from pack STMicroelectronics.X-CUBE-BLE2.3.3.0: no header file found
2024-09-09 12:01:04,614 [INFO] UtilMem:74 - End LoadConfig() Used Memory: 928330704 Bytes (1070596096)
2024-09-09 12:01:04,623 [WARN] ThirdParty:779 - waiting for thirdparty lock release [change project]
2024-09-09 12:01:04,623 [INFO] ThirdParty:781 - entering critical section [change project]
2024-09-09 12:01:04,624 [INFO] ThirdParty:967 - CMSIS Pack Vendor :STMicroelectronics X-CUBE-AZRTOS-H7 3.3.0
2024-09-09 12:01:04,624 [INFO] ThirdParty:967 - CMSIS Pack Vendor :STMicroelectronics X-CUBE-GNSS1 6.0.0
2024-09-09 12:01:04,624 [INFO] ThirdParty:967 - CMSIS Pack Vendor :STMicroelectronics USB_HOST 2.0.0
2024-09-09 12:01:04,624 [INFO] ThirdParty:967 - CMSIS Pack Vendor :STMicroelectronics X-CUBE-AZRTOS-F4 1.1.0
2024-09-09 12:01:04,624 [INFO] ThirdParty:967 - CMSIS Pack Vendor :STMicroelectronics USB_DEVICE 3.0.0
2024-09-09 12:01:04,624 [INFO] ThirdParty:967 - CMSIS Pack Vendor :STMicroelectronics X-CUBE-AZRTOS-WB 2.0.0
2024-09-09 12:01:04,624 [INFO] ThirdParty:967 - CMSIS Pack Vendor :STMicroelectronics X-CUBE-AZRTOS-F7 1.1.0
2024-09-09 12:01:04,624 [INFO] ThirdParty:967 - CMSIS Pack Vendor :STMicroelectronics X-CUBE-AZRTOS-L5 2.0.0
2024-09-09 12:01:04,624 [INFO] ThirdParty:967 - CMSIS Pack Vendor :STMicroelectronics USB_DEVICE 2.0.0
2024-09-09 12:01:04,624 [INFO] ThirdParty:967 - CMSIS Pack Vendor :STMicroelectronics X-CUBE-NFC6 3.1.0
2024-09-09 12:01:04,624 [INFO] ThirdParty:967 - CMSIS Pack Vendor :STMicroelectronics X-CUBE-MEMS1 11.0.0
2024-09-09 12:01:04,624 [INFO] ThirdParty:967 - CMSIS Pack Vendor :STMicroelectronics FreeRTOS 0.0.1
2024-09-09 12:01:04,624 [INFO] ThirdParty:967 - CMSIS Pack Vendor :STMicroelectronics X-CUBE-AZRTOS-G0 1.1.0
2024-09-09 12:01:04,624 [INFO] ThirdParty:967 - CMSIS Pack Vendor :STMicroelectronics X-CUBE-SAFEA1 1.2.2
2024-09-09 12:01:04,624 [INFO] ThirdParty:967 - CMSIS Pack Vendor :STMicroelectronics X-CUBE-NFC4 3.0.0
2024-09-09 12:01:04,624 [INFO] ThirdParty:967 - CMSIS Pack Vendor :STMicroelectronics X-CUBE-SUBG2 5.0.0
2024-09-09 12:01:04,624 [INFO] ThirdParty:967 - CMSIS Pack Vendor :STMicroelectronics lwIP 2.0.3
2024-09-09 12:01:04,624 [INFO] ThirdParty:967 - CMSIS Pack Vendor :STMicroelectronics USB_HOST 1.0.0
2024-09-09 12:01:04,624 [INFO] ThirdParty:967 - CMSIS Pack Vendor :STMicroelectronics X-CUBE-AI 9.0.0
2024-09-09 12:01:04,624 [INFO] ThirdParty:967 - CMSIS Pack Vendor :STMicroelectronics X-CUBE-AZRTOS-G4 2.0.0
2024-09-09 12:01:04,624 [INFO] ThirdParty:967 - CMSIS Pack Vendor :STMicroelectronics PDM2PCM 3.1.0
2024-09-09 12:01:04,624 [INFO] ThirdParty:967 - CMSIS Pack Vendor :STMicroelectronics PDM2PCM 3.3.0
2024-09-09 12:01:04,624 [INFO] ThirdParty:967 - CMSIS Pack Vendor :STMicroelectronics X-CUBE-BLE1 7.0.0
2024-09-09 12:01:04,624 [INFO] ThirdParty:967 - CMSIS Pack Vendor :STMicroelectronics FP-ATR-SIGFOX1 3.2.0
2024-09-09 12:01:04,624 [INFO] ThirdParty:967 - CMSIS Pack Vendor :wolfSSL I-CUBE-wolfSSL 5.7.2
2024-09-09 12:01:04,624 [INFO] ThirdParty:967 - CMSIS Pack Vendor :STMicroelectronics X-CUBE-ISPU 2.0.0
2024-09-09 12:01:04,624 [INFO] ThirdParty:967 - CMSIS Pack Vendor :STMicroelectronics X-CUBE-EEPRMA1 5.1.0
2024-09-09 12:01:04,625 [INFO] ThirdParty:967 - CMSIS Pack Vendor :STMicroelectronics HAL Drivers 0.0.0
2024-09-09 12:01:04,625 [INFO] ThirdParty:967 - CMSIS Pack Vendor :STMicroelectronics MBEDTLS 2.16.2
2024-09-09 12:01:04,625 [INFO] ThirdParty:967 - CMSIS Pack Vendor :STMicroelectronics X-CUBE-NFC7 1.0.1
2024-09-09 12:01:04,625 [INFO] ThirdParty:967 - CMSIS Pack Vendor :STMicroelectronics MBEDTLS 2.14.1
2024-09-09 12:01:04,625 [INFO] ThirdParty:967 - CMSIS Pack Vendor :STMicroelectronics X-CUBE-TOUCHGFX 4.24.0
2024-09-09 12:01:04,625 [INFO] ThirdParty:967 - CMSIS Pack Vendor :wolfSSL I-CUBE-wolfTPM 3.4.0
2024-09-09 12:01:04,625 [INFO] ThirdParty:967 - CMSIS Pack Vendor :portGmbH I-Cube-SoM-uGOAL 1.1.0
2024-09-09 12:01:04,625 [INFO] ThirdParty:967 - CMSIS Pack Vendor :STMicroelectronics X-CUBE-AZRTOS-WL 2.0.0
2024-09-09 12:01:04,625 [INFO] ThirdParty:967 - CMSIS Pack Vendor :SEGGER I-CUBE-embOS 1.3.1
2024-09-09 12:01:04,625 [INFO] ThirdParty:967 - CMSIS Pack Vendor :STMicroelectronics X-CUBE-ALGOBUILD 1.4.0
2024-09-09 12:01:04,625 [INFO] ThirdParty:967 - CMSIS Pack Vendor :STMicroelectronics USB_DEVICE 1.0.0
2024-09-09 12:01:04,625 [INFO] ThirdParty:967 - CMSIS Pack Vendor :STMicroelectronics X-CUBE-AZRTOS-H7RS 1.0.0
2024-09-09 12:01:04,625 [INFO] ThirdParty:967 - CMSIS Pack Vendor :wolfSSL I-CUBE-wolfMQTT 1.19.0
2024-09-09 12:01:04,625 [INFO] ThirdParty:967 - CMSIS Pack Vendor :STMicroelectronics X-CUBE-AZRTOS-L4 2.0.0
2024-09-09 12:01:04,625 [INFO] ThirdParty:967 - CMSIS Pack Vendor :STMicroelectronics ThreadX 0.0.2
2024-09-09 12:01:04,625 [INFO] ThirdParty:967 - CMSIS Pack Vendor :WES I-CUBE-Cesium 1.3.0
2024-09-09 12:01:04,625 [INFO] ThirdParty:967 - CMSIS Pack Vendor :STMicroelectronics FP-ATR-ASTRA1 2.0.0
2024-09-09 12:01:04,625 [INFO] ThirdParty:967 - CMSIS Pack Vendor :STMicroelectronics lwIP 2.1.2
2024-09-09 12:01:04,625 [INFO] ThirdParty:967 - CMSIS Pack Vendor :STMicroelectronics X-CUBE-SFXS2LP1 4.0.0
2024-09-09 12:01:04,625 [INFO] ThirdParty:967 - CMSIS Pack Vendor :STMicroelectronics X-CUBE-BLE2 3.3.0
2024-09-09 12:01:04,625 [INFO] ThirdParty:967 - CMSIS Pack Vendor :STMicroelectronics PDM2PCM 3.2.0
2024-09-09 12:01:04,625 [INFO] ThirdParty:967 - CMSIS Pack Vendor :wolfSSL I-CUBE-wolfSSH 1.4.17
2024-09-09 12:01:04,625 [INFO] ThirdParty:787 - exiting critical section [change project]
2024-09-09 12:01:04,840 [INFO] PinOutPanel:1463 - setPackage(No Configuration,No Configuration)
2024-09-09 12:01:04,843 [INFO] PinOutPanel:1463 - setPackage(STM32F103C6Ux,UFQFPN48)
2024-09-09 12:01:05,167 [INFO] UtilMem:74 - Before build in PCC Used Memory: 910981824 Bytes (1070596096)
2024-09-09 12:01:05,691 [INFO] UtilMem:74 - After build in PCC Used Memory: 939047808 Bytes (1070596096)
2024-09-09 12:01:05,704 [INFO] IPUIPlugin:74 - create IPUIPlugin
2024-09-09 12:01:05,704 [INFO] IPUIPlugin:74 - create IPUIPlugin
2024-09-09 12:01:05,704 [INFO] IPUIPlugin:74 - create IPUIPlugin
2024-09-09 12:01:05,705 [INFO] IPUIPlugin:74 - create IPUIPlugin
2024-09-09 12:01:05,705 [INFO] IPUIPlugin:74 - create IPUIPlugin
2024-09-09 12:01:05,705 [INFO] IPUIPlugin:74 - create IPUIPlugin
2024-09-09 12:01:05,705 [INFO] IPUIPlugin:74 - create IPUIPlugin
2024-09-09 12:01:05,705 [INFO] IPUIPlugin:74 - create IPUIPlugin
2024-09-09 12:01:05,705 [INFO] IPUIPlugin:74 - create IPUIPlugin
2024-09-09 12:01:05,705 [INFO] IPUIPlugin:74 - create IPUIPlugin
2024-09-09 12:01:05,705 [INFO] IPUIPlugin:74 - create IPUIPlugin
2024-09-09 12:01:05,705 [INFO] IPUIPlugin:74 - create IPUIPlugin
2024-09-09 12:01:05,705 [INFO] IPUIPlugin:74 - create IPUIPlugin
2024-09-09 12:01:05,705 [INFO] IPUIPlugin:74 - create IPUIPlugin
2024-09-09 12:01:05,707 [INFO] IPUIPlugin:74 - create IPUIPlugin
2024-09-09 12:01:05,707 [INFO] IPUIPlugin:74 - create IPUIPlugin
2024-09-09 12:01:05,716 [INFO] IPUIPlugin:74 - create IPUIPlugin
2024-09-09 12:01:05,716 [INFO] IPUIPlugin:74 - create IPUIPlugin
2024-09-09 12:01:05,717 [INFO] IPUIPlugin:74 - create IPUIPlugin
2024-09-09 12:01:05,717 [INFO] IPUIPlugin:74 - create IPUIPlugin
2024-09-09 12:01:05,717 [INFO] IPUIPlugin:74 - create IPUIPlugin
2024-09-09 12:01:05,717 [INFO] IPUIPlugin:74 - create IPUIPlugin
2024-09-09 12:01:05,717 [INFO] IPUIPlugin:74 - create IPUIPlugin
2024-09-09 12:01:05,824 [INFO] OpenFileManager:333 - Restore cursor
2024-09-09 12:01:06,031 [INFO] UtilMem:74 - End SaveConfig() Used Memory: 911571176 Bytes (1070596096)
2024-09-09 12:01:06,126 [INFO] UtilMem:74 - End SaveConfig() Used Memory: 922997536 Bytes (1070596096)
2024-09-09 12:01:06,477 [INFO] BlockDiagram:2740 - set Specific Code input for plugin: NVIC
2024-09-09 12:01:06,477 [INFO] BlockDiagram:2740 - set Specific Code input for plugin: SYS
2024-09-09 12:01:06,477 [INFO] BlockDiagram:2740 - set Specific Code input for plugin: RCC
2024-09-09 12:01:06,478 [INFO] CodeGenerator:663 - code generatio: config db path: C:\ST\STM32CubeIDE_1.7.0\STM32CubeIDE\plugins\com.st.stm32cube.common.mx_6.3.0.202107141111\\db\
2024-09-09 12:01:06,706 [INFO] CodeEngine:239 - oldGeneratedFile, D:\BKU\CO3009\LAB1\LAB1\MXTmpFiles\license.tmp_save
2024-09-09 12:01:06,992 [INFO] CodeEngine:257 - Generated code: D:\BKU\CO3009\LAB1\LAB1\MXTmpFiles\license.tmp
2024-09-09 12:01:07,097 [INFO] CodeEngine:239 - oldGeneratedFile, D:\BKU\CO3009\LAB1\LAB1\Core\Src\stm32f1xx_it.c_save
2024-09-09 12:01:07,199 [INFO] CodeEngine:257 - Generated code: D:\BKU\CO3009\LAB1\LAB1\Core\Src\stm32f1xx_it.c
2024-09-09 12:01:07,207 [INFO] CodeEngine:239 - oldGeneratedFile, D:\BKU\CO3009\LAB1\LAB1\Core\Inc\stm32f1xx_it.h_save
2024-09-09 12:01:07,285 [INFO] CodeEngine:257 - Generated code: D:\BKU\CO3009\LAB1\LAB1\Core\Inc\stm32f1xx_it.h
2024-09-09 12:01:07,300 [INFO] CodeEngine:239 - oldGeneratedFile, D:\BKU\CO3009\LAB1\LAB1\Core\Src\stm32f1xx_hal_msp.c_save
2024-09-09 12:01:07,390 [INFO] CodeEngine:257 - Generated code: D:\BKU\CO3009\LAB1\LAB1\Core\Src\stm32f1xx_hal_msp.c
2024-09-09 12:01:07,399 [INFO] CodeEngine:239 - oldGeneratedFile, D:\BKU\CO3009\LAB1\LAB1\MXTmpFiles\system.tmp_save
2024-09-09 12:01:07,448 [INFO] CodeEngine:257 - Generated code: D:\BKU\CO3009\LAB1\LAB1\MXTmpFiles\system.tmp
2024-09-09 12:01:07,459 [INFO] CodeEngine:239 - oldGeneratedFile, D:\BKU\CO3009\LAB1\LAB1\Core\Inc\stm32f1xx_hal_conf.h_save
2024-09-09 12:01:07,541 [INFO] CodeEngine:257 - Generated code: D:\BKU\CO3009\LAB1\LAB1\Core\Inc\stm32f1xx_hal_conf.h
2024-09-09 12:01:07,592 [INFO] CodeEngine:239 - oldGeneratedFile, D:\BKU\CO3009\LAB1\LAB1\Core\Inc\main.h_save
2024-09-09 12:01:07,672 [INFO] CodeEngine:257 - Generated code: D:\BKU\CO3009\LAB1\LAB1\Core\Inc\main.h
2024-09-09 12:01:07,683 [INFO] CodeEngine:239 - oldGeneratedFile, D:\BKU\CO3009\LAB1\LAB1\Core\Src\main.c_save
2024-09-09 12:01:07,803 [INFO] CodeEngine:257 - Generated code: D:\BKU\CO3009\LAB1\LAB1\Core\Src\main.c
2024-09-09 12:01:09,145 [INFO] ProjectBuilder:2578 - Time for Copy HAL[1] : 51mS.
2024-09-09 12:01:09,149 [INFO] ProjectBuilder:3622 - Project Generator version: 3.14.1
2024-09-09 12:01:10,249 [INFO] ConfigFileManager:1271 - The Die is : DIE412
2024-09-09 12:01:10,271 [INFO] ApiDbMcu:468 - Load IP Config File for FATFS
2024-09-09 12:01:10,300 [INFO] ApiDbMcu:468 - Load IP Config File for FREERTOS
2024-09-09 12:01:10,330 [INFO] ApiDbMcu:468 - Load IP Config File for USB_DEVICE
2024-09-09 12:01:15,801 [INFO] ProjectBuilder:3789 - Time for Generating toolchain IDE Files: 6651mS.
2024-09-09 12:01:15,801 [INFO] ProjectBuilder:2457 - Time for Copy CMSIS : 0mS.
2024-09-09 12:01:15,802 [INFO] ProjectBuilder:2457 - Time for Copy CMSIS : 0mS.
2024-09-09 12:01:16,897 [INFO] McuFinderGlobals:52 - Set McuFinderConnectedMode to true
2024-09-09 12:01:16,900 [INFO] ApiDb:276 - Save user favorites file C:\Users\Azuki/.stm32cubeide/favorites.mcus.txt: 0 item(s)
2024-09-09 12:01:16,901 [INFO] ApiDb:280 - User favorites MCUs=[]
2024-09-09 12:10:45,631 [INFO] UtilMem:74 - End SaveConfig() Used Memory: 919056248 Bytes (1073741824)
2024-09-09 12:10:46,626 [INFO] UtilMem:74 - End SaveConfig() Used Memory: 944222072 Bytes (1073741824)
2024-09-09 12:10:51,336 [INFO] UtilMem:74 - End SaveConfig() Used Memory: 955622800 Bytes (1073741824)
2024-09-09 12:10:51,597 [INFO] BlockDiagram:2740 - set Specific Code input for plugin: NVIC
2024-09-09 12:10:51,598 [INFO] BlockDiagram:2740 - set Specific Code input for plugin: SYS
2024-09-09 12:10:51,598 [INFO] BlockDiagram:2740 - set Specific Code input for plugin: GPIO
2024-09-09 12:10:51,598 [INFO] BlockDiagram:2740 - set Specific Code input for plugin: RCC
2024-09-09 12:10:51,599 [INFO] CodeGenerator:663 - code generatio: config db path: C:\ST\STM32CubeIDE_1.7.0\STM32CubeIDE\plugins\com.st.stm32cube.common.mx_6.3.0.202107141111\\db\
2024-09-09 12:10:51,841 [INFO] CodeEngine:239 - oldGeneratedFile, D:\BKU\CO3009\LAB1\LAB1\MXTmpFiles\license.tmp_save
2024-09-09 12:10:51,895 [INFO] CodeEngine:257 - Generated code: D:\BKU\CO3009\LAB1\LAB1\MXTmpFiles\license.tmp
2024-09-09 12:10:51,940 [INFO] CodeEngine:239 - oldGeneratedFile, D:\BKU\CO3009\LAB1\LAB1\MXTmpFiles\gpio.tmp_save
2024-09-09 12:10:52,024 [INFO] CodeEngine:257 - Generated code: D:\BKU\CO3009\LAB1\LAB1\MXTmpFiles\gpio.tmp
2024-09-09 12:10:52,040 [INFO] CodeEngine:239 - oldGeneratedFile, D:\BKU\CO3009\LAB1\LAB1\Core\Src\stm32f1xx_it.c_save
2024-09-09 12:10:52,106 [INFO] CodeEngine:257 - Generated code: D:\BKU\CO3009\LAB1\LAB1\Core\Src\stm32f1xx_it.c
2024-09-09 12:10:52,110 [INFO] CodeEngine:239 - oldGeneratedFile, D:\BKU\CO3009\LAB1\LAB1\Core\Inc\stm32f1xx_it.h_save
2024-09-09 12:10:52,170 [INFO] CodeEngine:257 - Generated code: D:\BKU\CO3009\LAB1\LAB1\Core\Inc\stm32f1xx_it.h
2024-09-09 12:10:52,184 [INFO] CodeEngine:239 - oldGeneratedFile, D:\BKU\CO3009\LAB1\LAB1\Core\Src\stm32f1xx_hal_msp.c_save
2024-09-09 12:10:52,256 [INFO] CodeEngine:257 - Generated code: D:\BKU\CO3009\LAB1\LAB1\Core\Src\stm32f1xx_hal_msp.c
2024-09-09 12:10:52,260 [INFO] CodeEngine:239 - oldGeneratedFile, D:\BKU\CO3009\LAB1\LAB1\MXTmpFiles\system.tmp_save
2024-09-09 12:10:52,300 [INFO] CodeEngine:257 - Generated code: D:\BKU\CO3009\LAB1\LAB1\MXTmpFiles\system.tmp
2024-09-09 12:10:52,310 [INFO] CodeEngine:239 - oldGeneratedFile, D:\BKU\CO3009\LAB1\LAB1\Core\Inc\stm32f1xx_hal_conf.h_save
2024-09-09 12:10:52,392 [INFO] CodeEngine:257 - Generated code: D:\BKU\CO3009\LAB1\LAB1\Core\Inc\stm32f1xx_hal_conf.h
2024-09-09 12:10:52,420 [INFO] CodeEngine:239 - oldGeneratedFile, D:\BKU\CO3009\LAB1\LAB1\Core\Inc\main.h_save
2024-09-09 12:10:52,503 [INFO] CodeEngine:257 - Generated code: D:\BKU\CO3009\LAB1\LAB1\Core\Inc\main.h
2024-09-09 12:10:52,516 [INFO] CodeEngine:239 - oldGeneratedFile, D:\BKU\CO3009\LAB1\LAB1\Core\Src\main.c_save
2024-09-09 12:10:52,642 [INFO] CodeEngine:257 - Generated code: D:\BKU\CO3009\LAB1\LAB1\Core\Src\main.c
2024-09-09 12:10:53,234 [INFO] ProjectBuilder:2578 - Time for Copy HAL[1] : 51mS.
2024-09-09 12:10:53,236 [INFO] ProjectBuilder:3622 - Project Generator version: 3.14.1
2024-09-09 12:10:54,015 [INFO] ConfigFileManager:1271 - The Die is : DIE412
2024-09-09 12:10:56,014 [INFO] ProjectBuilder:3789 - Time for Generating toolchain IDE Files: 2778mS.
2024-09-09 12:10:56,015 [INFO] ProjectBuilder:2457 - Time for Copy CMSIS : 1mS.
2024-09-09 12:10:56,016 [INFO] ProjectBuilder:2457 - Time for Copy CMSIS : 0mS.
2024-09-09 12:51:59,081 [INFO] UtilMem:74 - End SaveConfig() Used Memory: 932765800 Bytes (1073741824)
2024-09-09 12:51:59,936 [INFO] UtilMem:74 - End SaveConfig() Used Memory: 805738672 Bytes (1073741824)
2024-09-09 12:52:00,950 [INFO] UtilMem:74 - End SaveConfig() Used Memory: 846921928 Bytes (1073741824)
2024-09-09 12:52:01,200 [INFO] BlockDiagram:2740 - set Specific Code input for plugin: NVIC
2024-09-09 12:52:01,201 [INFO] BlockDiagram:2740 - set Specific Code input for plugin: SYS
2024-09-09 12:52:01,201 [INFO] BlockDiagram:2740 - set Specific Code input for plugin: GPIO
2024-09-09 12:52:01,201 [INFO] BlockDiagram:2740 - set Specific Code input for plugin: RCC
2024-09-09 12:52:01,202 [INFO] CodeGenerator:663 - code generatio: config db path: C:\ST\STM32CubeIDE_1.7.0\STM32CubeIDE\plugins\com.st.stm32cube.common.mx_6.3.0.202107141111\\db\
2024-09-09 12:52:01,437 [INFO] CodeEngine:239 - oldGeneratedFile, D:\BKU\CO3009\LAB1\LAB1\MXTmpFiles\license.tmp_save
2024-09-09 12:52:01,544 [INFO] CodeEngine:257 - Generated code: D:\BKU\CO3009\LAB1\LAB1\MXTmpFiles\license.tmp
2024-09-09 12:52:01,556 [INFO] CodeEngine:239 - oldGeneratedFile, D:\BKU\CO3009\LAB1\LAB1\MXTmpFiles\gpio.tmp_save
2024-09-09 12:52:01,613 [INFO] CodeEngine:257 - Generated code: D:\BKU\CO3009\LAB1\LAB1\MXTmpFiles\gpio.tmp
2024-09-09 12:52:01,636 [INFO] CodeEngine:239 - oldGeneratedFile, D:\BKU\CO3009\LAB1\LAB1\Core\Src\stm32f1xx_it.c_save
2024-09-09 12:52:01,717 [INFO] CodeEngine:257 - Generated code: D:\BKU\CO3009\LAB1\LAB1\Core\Src\stm32f1xx_it.c
2024-09-09 12:52:01,728 [INFO] CodeEngine:239 - oldGeneratedFile, D:\BKU\CO3009\LAB1\LAB1\Core\Inc\stm32f1xx_it.h_save
2024-09-09 12:52:01,774 [INFO] CodeEngine:257 - Generated code: D:\BKU\CO3009\LAB1\LAB1\Core\Inc\stm32f1xx_it.h
2024-09-09 12:52:01,788 [INFO] CodeEngine:239 - oldGeneratedFile, D:\BKU\CO3009\LAB1\LAB1\Core\Src\stm32f1xx_hal_msp.c_save
2024-09-09 12:52:01,867 [INFO] CodeEngine:257 - Generated code: D:\BKU\CO3009\LAB1\LAB1\Core\Src\stm32f1xx_hal_msp.c
2024-09-09 12:52:01,869 [INFO] CodeEngine:239 - oldGeneratedFile, D:\BKU\CO3009\LAB1\LAB1\MXTmpFiles\system.tmp_save
2024-09-09 12:52:01,908 [INFO] CodeEngine:257 - Generated code: D:\BKU\CO3009\LAB1\LAB1\MXTmpFiles\system.tmp
2024-09-09 12:52:01,922 [INFO] CodeEngine:239 - oldGeneratedFile, D:\BKU\CO3009\LAB1\LAB1\Core\Inc\stm32f1xx_hal_conf.h_save
2024-09-09 12:52:02,004 [INFO] CodeEngine:257 - Generated code: D:\BKU\CO3009\LAB1\LAB1\Core\Inc\stm32f1xx_hal_conf.h
2024-09-09 12:52:02,036 [INFO] CodeEngine:239 - oldGeneratedFile, D:\BKU\CO3009\LAB1\LAB1\Core\Inc\main.h_save
2024-09-09 12:52:02,104 [INFO] CodeEngine:257 - Generated code: D:\BKU\CO3009\LAB1\LAB1\Core\Inc\main.h
2024-09-09 12:52:02,114 [INFO] CodeEngine:239 - oldGeneratedFile, D:\BKU\CO3009\LAB1\LAB1\Core\Src\main.c_save
2024-09-09 12:52:02,224 [INFO] CodeEngine:257 - Generated code: D:\BKU\CO3009\LAB1\LAB1\Core\Src\main.c
2024-09-09 12:52:02,871 [INFO] ProjectBuilder:2578 - Time for Copy HAL[1] : 44mS.
2024-09-09 12:52:02,874 [INFO] ProjectBuilder:3622 - Project Generator version: 3.14.1
2024-09-09 12:52:03,702 [INFO] ConfigFileManager:1271 - The Die is : DIE412
2024-09-09 12:52:05,548 [INFO] ProjectBuilder:3789 - Time for Generating toolchain IDE Files: 2674mS.
2024-09-09 12:52:05,549 [INFO] ProjectBuilder:2457 - Time for Copy CMSIS : 0mS.
2024-09-09 12:52:05,551 [INFO] ProjectBuilder:2457 - Time for Copy CMSIS : 1mS.
2024-09-11 12:23:47,658 [INFO] Activator:177 - 


2024-09-11 12:23:47,660 [INFO] Activator:178 - !SESSION log4j initialized
2024-09-11 12:49:51,831 [INFO] McuFinderGlobals:39 - Set McuFinder mode to 2 (CubeIDE integrated)
2024-09-11 12:49:52,265 [INFO] ApplicationProperties:181 - Using Application install path: C:\ST\STM32CubeIDE_1.7.0\STM32CubeIDE\plugins\com.st.stm32cube.common.mx_6.3.0.202107141111
2024-09-11 12:49:52,281 [INFO] DbMcusXml:74 - Set database path to: C:\ST\STM32CubeIDE_1.7.0\STM32CubeIDE\plugins\com.st.stm32cube.common.mx_6.3.0.202107141111\\db\/mcu/
2024-09-11 12:49:52,285 [INFO] DbBoardsPdsc:56 - Set plugin database path to: C:\ST\STM32CubeIDE_1.7.0\STM32CubeIDE\plugins\com.st.stm32cube.common.mx_6.3.0.202107141111\\db\/plugins/boardmanager/
2024-09-11 12:49:52,286 [INFO] DbMcus:258 - Set plugin images path to: C:\ST\STM32CubeIDE_1.7.0\STM32CubeIDE\plugins\com.st.stm32cube.common.mx_6.3.0.202107141111\\db\/plugins/mcufinder/images/
2024-09-11 12:49:52,286 [INFO] DbBoards:264 - Set plugin images path to: C:\ST\STM32CubeIDE_1.7.0\STM32CubeIDE\plugins\com.st.stm32cube.common.mx_6.3.0.202107141111\\db\/plugins/mcufinder/images/
2024-09-11 12:49:52,290 [INFO] DbExamples:333 - Set plugin images path to: C:\ST\STM32CubeIDE_1.7.0\STM32CubeIDE\plugins\com.st.stm32cube.common.mx_6.3.0.202107141111\\db\/plugins/mcufinder/images/
2024-09-11 12:49:52,299 [INFO] DbMcusAds:119 - Set database path to: C:\Users\Azuki\.stmcufinder\plugins\mcufinder//mcu/
2024-09-11 12:49:52,301 [INFO] DbMcusDocs:110 - Set database path to: C:\Users\Azuki\.stmcufinder\plugins\mcufinder//mcu/
2024-09-11 12:49:52,303 [INFO] DbMcusJson:64 - Set database path to: C:\Users\Azuki\.stmcufinder\plugins\mcufinder//mcu/
2024-09-11 12:49:52,305 [INFO] DbBoardsDocs:110 - Set database path to: C:\Users\Azuki\.stmcufinder\plugins\mcufinder//mcu/
2024-09-11 12:49:52,306 [INFO] DbBoardsJson:57 - Set database path to: C:\Users\Azuki\.stmcufinder\plugins\mcufinder//mcu/
2024-09-11 12:49:52,965 [INFO] CrossReferenceDbSqlite:196 - Set database path to: C:\Users\Azuki\.stmcufinder\plugins\mcufinder//mcu/cs/
2024-09-11 12:49:52,969 [INFO] DbExamplesSqlite:767 - Set database path to: C:\Users\Azuki\.stmcufinder\plugins\mcufinder//mcu/
2024-09-11 12:49:53,081 [INFO] RulesReader:57 - Compatibility file has been processed (242 Rules)
2024-09-11 12:49:53,174 [INFO] DbMcusXml:74 - Set database path to: C:\ST\STM32CubeIDE_1.7.0\STM32CubeIDE\plugins\com.st.stm32cube.common.mx_6.3.0.202107141111\\db\/mcu/
2024-09-11 12:49:53,175 [INFO] DbBoardsPdsc:56 - Set plugin database path to: C:\ST\STM32CubeIDE_1.7.0\STM32CubeIDE\plugins\com.st.stm32cube.common.mx_6.3.0.202107141111\\db\/plugins/boardmanager/
2024-09-11 12:49:53,176 [INFO] DbMcus:258 - Set plugin images path to: C:\ST\STM32CubeIDE_1.7.0\STM32CubeIDE\plugins\com.st.stm32cube.common.mx_6.3.0.202107141111\\db\/plugins/mcufinder/images/
2024-09-11 12:49:53,176 [INFO] DbBoards:264 - Set plugin images path to: C:\ST\STM32CubeIDE_1.7.0\STM32CubeIDE\plugins\com.st.stm32cube.common.mx_6.3.0.202107141111\\db\/plugins/mcufinder/images/
2024-09-11 12:49:53,176 [INFO] DbExamples:333 - Set plugin images path to: C:\ST\STM32CubeIDE_1.7.0\STM32CubeIDE\plugins\com.st.stm32cube.common.mx_6.3.0.202107141111\\db\/plugins/mcufinder/images/
2024-09-11 12:49:53,177 [WARN] DbFile:35 - Overriding database path with different value: C:\Users\Azuki\.stmcufinder\plugins\mcufinder/ => C:\Users\Azuki\.stmcufinder\plugins\mcufinder
2024-09-11 12:49:53,177 [INFO] DbMcusAds:119 - Set database path to: C:\Users\Azuki\.stmcufinder\plugins\mcufinder//mcu/
2024-09-11 12:49:53,178 [WARN] DbFile:35 - Overriding database path with different value: C:\Users\Azuki\.stmcufinder\plugins\mcufinder/ => C:\Users\Azuki\.stmcufinder\plugins\mcufinder
2024-09-11 12:49:53,178 [INFO] DbMcusDocs:110 - Set database path to: C:\Users\Azuki\.stmcufinder\plugins\mcufinder//mcu/
2024-09-11 12:49:53,178 [WARN] DbFile:35 - Overriding database path with different value: C:\Users\Azuki\.stmcufinder\plugins\mcufinder/ => C:\Users\Azuki\.stmcufinder\plugins\mcufinder
2024-09-11 12:49:53,178 [INFO] DbMcusJson:64 - Set database path to: C:\Users\Azuki\.stmcufinder\plugins\mcufinder//mcu/
2024-09-11 12:49:53,178 [WARN] DbFile:35 - Overriding database path with different value: C:\Users\Azuki\.stmcufinder\plugins\mcufinder/ => C:\Users\Azuki\.stmcufinder\plugins\mcufinder
2024-09-11 12:49:53,178 [INFO] DbBoardsDocs:110 - Set database path to: C:\Users\Azuki\.stmcufinder\plugins\mcufinder//mcu/
2024-09-11 12:49:53,178 [WARN] DbFile:35 - Overriding database path with different value: C:\Users\Azuki\.stmcufinder\plugins\mcufinder/ => C:\Users\Azuki\.stmcufinder\plugins\mcufinder
2024-09-11 12:49:53,178 [INFO] DbBoardsJson:57 - Set database path to: C:\Users\Azuki\.stmcufinder\plugins\mcufinder//mcu/
2024-09-11 12:49:53,178 [WARN] DbFile:35 - Overriding database path with different value: C:\Users\Azuki\.stmcufinder\plugins\mcufinder/ => C:\Users\Azuki\.stmcufinder\plugins\mcufinder
2024-09-11 12:49:53,178 [WARN] DbFile:35 - Overriding database path with different value: C:\Users\Azuki\.stmcufinder\plugins\mcufinder/ => C:\Users\Azuki\.stmcufinder\plugins\mcufinder
2024-09-11 12:49:53,964 [INFO] CrossReferenceDbSqlite:196 - Set database path to: C:\Users\Azuki\.stmcufinder\plugins\mcufinder//mcu/cs/
2024-09-11 12:49:53,964 [WARN] DbFile:35 - Overriding database path with different value: C:\Users\Azuki\.stmcufinder\plugins\mcufinder/ => C:\Users\Azuki\.stmcufinder\plugins\mcufinder
2024-09-11 12:49:53,964 [INFO] DbExamplesSqlite:767 - Set database path to: C:\Users\Azuki\.stmcufinder\plugins\mcufinder//mcu/
2024-09-11 12:49:54,035 [INFO] MainPanel:214 - HeapMemory: 897581056
2024-09-11 12:49:54,130 [INFO] DbMcusXml:74 - Set database path to: C:\ST\STM32CubeIDE_1.7.0\STM32CubeIDE\plugins\com.st.stm32cube.common.mx_6.3.0.202107141111\\db\/mcu/
2024-09-11 12:49:54,130 [INFO] DbBoardsPdsc:56 - Set plugin database path to: C:\ST\STM32CubeIDE_1.7.0\STM32CubeIDE\plugins\com.st.stm32cube.common.mx_6.3.0.202107141111\\db\/plugins/boardmanager/
2024-09-11 12:49:54,130 [INFO] DbMcus:258 - Set plugin images path to: C:\ST\STM32CubeIDE_1.7.0\STM32CubeIDE\plugins\com.st.stm32cube.common.mx_6.3.0.202107141111\\db\/plugins/mcufinder/images/
2024-09-11 12:49:54,130 [INFO] DbBoards:264 - Set plugin images path to: C:\ST\STM32CubeIDE_1.7.0\STM32CubeIDE\plugins\com.st.stm32cube.common.mx_6.3.0.202107141111\\db\/plugins/mcufinder/images/
2024-09-11 12:49:54,130 [INFO] DbExamples:333 - Set plugin images path to: C:\ST\STM32CubeIDE_1.7.0\STM32CubeIDE\plugins\com.st.stm32cube.common.mx_6.3.0.202107141111\\db\/plugins/mcufinder/images/
2024-09-11 12:49:54,131 [WARN] DbFile:35 - Overriding database path with different value: C:\Users\Azuki\.stmcufinder\plugins\mcufinder/ => C:\Users\Azuki\.stmcufinder\plugins\mcufinder
2024-09-11 12:49:54,131 [INFO] DbMcusAds:119 - Set database path to: C:\Users\Azuki\.stmcufinder\plugins\mcufinder//mcu/
2024-09-11 12:49:54,131 [WARN] DbFile:35 - Overriding database path with different value: C:\Users\Azuki\.stmcufinder\plugins\mcufinder/ => C:\Users\Azuki\.stmcufinder\plugins\mcufinder
2024-09-11 12:49:54,131 [INFO] DbMcusDocs:110 - Set database path to: C:\Users\Azuki\.stmcufinder\plugins\mcufinder//mcu/
2024-09-11 12:49:54,132 [WARN] DbFile:35 - Overriding database path with different value: C:\Users\Azuki\.stmcufinder\plugins\mcufinder/ => C:\Users\Azuki\.stmcufinder\plugins\mcufinder
2024-09-11 12:49:54,132 [INFO] DbMcusJson:64 - Set database path to: C:\Users\Azuki\.stmcufinder\plugins\mcufinder//mcu/
2024-09-11 12:49:54,132 [WARN] DbFile:35 - Overriding database path with different value: C:\Users\Azuki\.stmcufinder\plugins\mcufinder/ => C:\Users\Azuki\.stmcufinder\plugins\mcufinder
2024-09-11 12:49:54,132 [INFO] DbBoardsDocs:110 - Set database path to: C:\Users\Azuki\.stmcufinder\plugins\mcufinder//mcu/
2024-09-11 12:49:54,132 [WARN] DbFile:35 - Overriding database path with different value: C:\Users\Azuki\.stmcufinder\plugins\mcufinder/ => C:\Users\Azuki\.stmcufinder\plugins\mcufinder
2024-09-11 12:49:54,132 [INFO] DbBoardsJson:57 - Set database path to: C:\Users\Azuki\.stmcufinder\plugins\mcufinder//mcu/
2024-09-11 12:49:54,132 [WARN] DbFile:35 - Overriding database path with different value: C:\Users\Azuki\.stmcufinder\plugins\mcufinder/ => C:\Users\Azuki\.stmcufinder\plugins\mcufinder
2024-09-11 12:49:54,132 [WARN] DbFile:35 - Overriding database path with different value: C:\Users\Azuki\.stmcufinder\plugins\mcufinder/ => C:\Users\Azuki\.stmcufinder\plugins\mcufinder
2024-09-11 12:49:54,964 [INFO] CrossReferenceDbSqlite:196 - Set database path to: C:\Users\Azuki\.stmcufinder\plugins\mcufinder//mcu/cs/
2024-09-11 12:49:54,965 [WARN] DbFile:35 - Overriding database path with different value: C:\Users\Azuki\.stmcufinder\plugins\mcufinder/ => C:\Users\Azuki\.stmcufinder\plugins\mcufinder
2024-09-11 12:49:54,965 [INFO] DbExamplesSqlite:767 - Set database path to: C:\Users\Azuki\.stmcufinder\plugins\mcufinder//mcu/
2024-09-11 12:49:54,984 [INFO] ApplicationProperties:181 - Using Application install path: C:\ST\STM32CubeIDE_1.7.0\STM32CubeIDE\plugins\com.st.stm32cube.common.mx_6.3.0.202107141111
2024-09-11 12:49:54,986 [INFO] PluginManage:188 - Search for loadable plugins [exclusion list=, ]
2024-09-11 12:49:54,987 [INFO] PluginManage:302 - Check plugin analytics
2024-09-11 12:50:00,579 [INFO] AnalyticsPlugin:257 - Accepted Software Licenses: 
2024-09-11 12:50:00,580 [INFO] AnalyticsPlugin:259 - Accepted CMSIS Pack Licenses: 
2024-09-11 12:50:00,581 [INFO] AnalyticsPlugin:261 - Accepted Firmware Licenses: 
2024-09-11 12:50:00,581 [INFO] PluginManage:352 - Loaded plugin analytics (category:tool,tabindex:-1)
2024-09-11 12:50:00,581 [INFO] PluginManage:302 - Check plugin clock
2024-09-11 12:50:00,620 [INFO] PluginManage:352 - Loaded plugin clock (category:base,tabindex:2)
2024-09-11 12:50:00,620 [INFO] PluginManage:302 - Check plugin ddr
2024-09-11 12:50:00,622 [INFO] PluginManage:352 - Loaded plugin ddr (category:tool,tabindex:6)
2024-09-11 12:50:00,622 [INFO] PluginManage:302 - Check plugin filemanager
2024-09-11 12:50:00,776 [INFO] PluginManage:352 - Loaded plugin filemanager (category:base,tabindex:10)
2024-09-11 12:50:00,777 [INFO] PluginManage:302 - Check plugin ipmanager
2024-09-11 12:50:00,787 [INFO] PluginManage:352 - Loaded plugin ipmanager (category:base,tabindex:5)
2024-09-11 12:50:00,787 [INFO] PluginManage:302 - Check plugin pinoutandconfiguration
2024-09-11 12:50:00,809 [INFO] PluginManage:352 - Loaded plugin pinoutandconfiguration (category:base,tabindex:1)
2024-09-11 12:50:00,810 [INFO] PluginManage:302 - Check plugin pinoutconfig
2024-09-11 12:50:00,857 [INFO] PluginManage:352 - Loaded plugin pinoutconfig (category:base,tabindex:0)
2024-09-11 12:50:00,858 [INFO] PluginManage:302 - Check plugin power
2024-09-11 12:50:00,881 [INFO] PluginManage:352 - Loaded plugin power (category:power,tabindex:4)
2024-09-11 12:50:00,881 [INFO] PluginManage:302 - Check plugin projectmanager
2024-09-11 12:50:00,898 [INFO] PluginManage:352 - Loaded plugin projectmanager (category:projectmanager,tabindex:3)
2024-09-11 12:50:00,898 [INFO] PluginManage:302 - Check plugin thirdparty
2024-09-11 12:50:01,197 [WARN] IntegrityCheckThread:78 - waiting for thirdparty lock release [integrity check]
2024-09-11 12:50:01,197 [INFO] PluginManage:352 - Loaded plugin thirdparty (category:base,tabindex:-1)
2024-09-11 12:50:01,197 [INFO] IntegrityCheckThread:80 - entering critical section [integrity check]
2024-09-11 12:50:01,197 [INFO] PluginManage:302 - Check plugin tools
2024-09-11 12:50:01,197 [INFO] ThirdPartyUpdaterWithRetryManager:66 - Updater plugin not ready yet. [1/15]
2024-09-11 12:50:01,319 [INFO] PluginManage:352 - Loaded plugin tools (category:base,tabindex:7)
2024-09-11 12:50:01,319 [INFO] PluginManage:302 - Check plugin tutovideos
2024-09-11 12:50:01,583 [INFO] PluginManage:352 - Loaded plugin tutovideos (category:base,tabindex:-1)
2024-09-11 12:50:01,583 [INFO] PluginManage:302 - Check plugin updater
2024-09-11 12:50:01,596 [INFO] PluginManage:352 - Loaded plugin updater (category:base,tabindex:12)
2024-09-11 12:50:01,597 [INFO] PluginManage:275 - PluginManage : Loaded plugins [13]
2024-09-11 12:50:01,794 [INFO] PinOutPanel:1463 - setPackage(No Configuration,No Configuration)
2024-09-11 12:50:01,900 [INFO] IPUIPlugin:74 - create IPUIPlugin
2024-09-11 12:50:01,901 [INFO] PluginManager:213 - loadIPPluginJar : add adc
2024-09-11 12:50:01,952 [INFO] IPUIPlugin:74 - create IPUIPlugin
2024-09-11 12:50:01,953 [INFO] PluginManager:213 - loadIPPluginJar : add aes
2024-09-11 12:50:02,009 [INFO] IPUIPlugin:74 - create IPUIPlugin
2024-09-11 12:50:02,009 [INFO] PluginManager:213 - loadIPPluginJar : add can
2024-09-11 12:50:02,057 [INFO] IPUIPlugin:74 - create IPUIPlugin
2024-09-11 12:50:02,058 [INFO] PluginManager:213 - loadIPPluginJar : add comp
2024-09-11 12:50:02,106 [INFO] IPUIPlugin:74 - create IPUIPlugin
2024-09-11 12:50:02,106 [INFO] PluginManager:213 - loadIPPluginJar : add cryp
2024-09-11 12:50:02,163 [INFO] IPUIPlugin:74 - create IPUIPlugin
2024-09-11 12:50:02,164 [INFO] PluginManager:213 - loadIPPluginJar : add dfsdm
2024-09-11 12:50:02,182 [INFO] IPUIPlugin:74 - create IPUIPlugin
2024-09-11 12:50:02,183 [INFO] PluginManager:213 - loadIPPluginJar : add dma
2024-09-11 12:50:02,256 [INFO] IPUIPlugin:74 - create IPUIPlugin
2024-09-11 12:50:02,257 [INFO] PluginManager:213 - loadIPPluginJar : add dma3
2024-09-11 12:50:02,295 [INFO] IPUIPlugin:74 - create IPUIPlugin
2024-09-11 12:50:02,296 [INFO] PluginManager:213 - loadIPPluginJar : add fatfs
2024-09-11 12:50:02,369 [INFO] IPUIPlugin:74 - create IPUIPlugin
2024-09-11 12:50:02,369 [INFO] PluginManager:213 - loadIPPluginJar : add fmc
2024-09-11 12:50:02,387 [INFO] IPUIPlugin:74 - create IPUIPlugin
2024-09-11 12:50:02,388 [INFO] PluginManager:213 - loadIPPluginJar : add freertos
2024-09-11 12:50:02,425 [INFO] IPUIPlugin:74 - create IPUIPlugin
2024-09-11 12:50:02,426 [INFO] PluginManager:213 - loadIPPluginJar : add genericplugin
2024-09-11 12:50:02,570 [INFO] IPUIPlugin:74 - create IPUIPlugin
2024-09-11 12:50:02,571 [INFO] PluginManager:213 - loadIPPluginJar : add gfxmmu
2024-09-11 12:50:02,751 [INFO] IPUIPlugin:74 - create IPUIPlugin
2024-09-11 12:50:02,753 [INFO] PluginManager:213 - loadIPPluginJar : add gic
2024-09-11 12:50:02,768 [INFO] IPUIPlugin:74 - create IPUIPlugin
2024-09-11 12:50:02,768 [INFO] PluginManager:213 - loadIPPluginJar : add gpio
2024-09-11 12:50:02,859 [INFO] IPUIPlugin:74 - create IPUIPlugin
2024-09-11 12:50:02,859 [INFO] PluginManager:213 - loadIPPluginJar : add gtzc
2024-09-11 12:50:02,909 [INFO] IPUIPlugin:74 - create IPUIPlugin
2024-09-11 12:50:02,909 [INFO] PluginManager:213 - loadIPPluginJar : add hash
2024-09-11 12:50:02,996 [INFO] IPUIPlugin:74 - create IPUIPlugin
2024-09-11 12:50:02,996 [INFO] PluginManager:213 - loadIPPluginJar : add i2c
2024-09-11 12:50:03,066 [INFO] IPUIPlugin:74 - create IPUIPlugin
2024-09-11 12:50:03,066 [INFO] PluginManager:213 - loadIPPluginJar : add i2s
2024-09-11 12:50:03,081 [INFO] IPUIPlugin:74 - create IPUIPlugin
2024-09-11 12:50:03,082 [INFO] PluginManager:213 - loadIPPluginJar : add ipddr
2024-09-11 12:50:03,236 [INFO] IPUIPlugin:74 - create IPUIPlugin
2024-09-11 12:50:03,236 [INFO] PluginManager:213 - loadIPPluginJar : add linkedlist
2024-09-11 12:50:03,320 [INFO] IPUIPlugin:74 - create IPUIPlugin
2024-09-11 12:50:03,321 [INFO] PluginManager:213 - loadIPPluginJar : add lorawan
2024-09-11 12:50:03,403 [INFO] IPUIPlugin:74 - create IPUIPlugin
2024-09-11 12:50:03,404 [INFO] PluginManager:213 - loadIPPluginJar : add ltdc
2024-09-11 12:50:03,421 [INFO] IPUIPlugin:74 - create IPUIPlugin
2024-09-11 12:50:03,422 [INFO] PluginManager:213 - loadIPPluginJar : add mdma
2024-09-11 12:50:03,439 [INFO] IPUIPlugin:74 - create IPUIPlugin
2024-09-11 12:50:03,439 [INFO] PluginManager:213 - loadIPPluginJar : add nvic
2024-09-11 12:50:03,507 [INFO] IPUIPlugin:74 - create IPUIPlugin
2024-09-11 12:50:03,507 [INFO] PluginManager:213 - loadIPPluginJar : add opamp
2024-09-11 12:50:03,612 [INFO] IPUIPlugin:74 - create IPUIPlugin
2024-09-11 12:50:03,613 [INFO] PluginManager:213 - loadIPPluginJar : add openamp
2024-09-11 12:50:03,687 [INFO] IPUIPlugin:74 - create IPUIPlugin
2024-09-11 12:50:03,689 [INFO] PluginManager:213 - loadIPPluginJar : add pdm2pcm
2024-09-11 12:50:03,707 [INFO] IPUIPlugin:74 - create IPUIPlugin
2024-09-11 12:50:03,710 [INFO] PluginManager:213 - loadIPPluginJar : add plateformsettings
2024-09-11 12:50:03,753 [INFO] IPUIPlugin:74 - create IPUIPlugin
2024-09-11 12:50:03,753 [INFO] PluginManager:213 - loadIPPluginJar : add quadspi
2024-09-11 12:50:03,765 [INFO] IPUIPlugin:74 - create IPUIPlugin
2024-09-11 12:50:03,766 [INFO] PluginManager:213 - loadIPPluginJar : add resmgrutility
2024-09-11 12:50:03,835 [INFO] IPUIPlugin:74 - create IPUIPlugin
2024-09-11 12:50:03,835 [INFO] PluginManager:213 - loadIPPluginJar : add sai
2024-09-11 12:50:03,909 [INFO] IPUIPlugin:74 - create IPUIPlugin
2024-09-11 12:50:03,910 [INFO] PluginManager:213 - loadIPPluginJar : add spi
2024-09-11 12:50:03,997 [INFO] IPUIPlugin:74 - create IPUIPlugin
2024-09-11 12:50:03,999 [INFO] PluginManager:213 - loadIPPluginJar : add stm32_wpan
2024-09-11 12:50:04,049 [INFO] IPUIPlugin:74 - create IPUIPlugin
2024-09-11 12:50:04,050 [INFO] PluginManager:213 - loadIPPluginJar : add tim
2024-09-11 12:50:04,139 [INFO] IPUIPlugin:74 - create IPUIPlugin
2024-09-11 12:50:04,139 [INFO] PluginManager:213 - loadIPPluginJar : add touchsensing
2024-09-11 12:50:04,188 [INFO] IPUIPlugin:74 - create IPUIPlugin
2024-09-11 12:50:04,188 [INFO] PluginManager:213 - loadIPPluginJar : add tracer_emb
2024-09-11 12:50:04,206 [INFO] ThirdPartyUpdaterWithRetryManager:66 - Updater plugin not ready yet. [2/15]
2024-09-11 12:50:04,235 [INFO] IPUIPlugin:74 - create IPUIPlugin
2024-09-11 12:50:04,236 [INFO] PluginManager:213 - loadIPPluginJar : add ts
2024-09-11 12:50:04,276 [INFO] IPUIPlugin:74 - create IPUIPlugin
2024-09-11 12:50:04,276 [INFO] PluginManager:213 - loadIPPluginJar : add tsc
2024-09-11 12:50:04,319 [INFO] IPUIPlugin:74 - create IPUIPlugin
2024-09-11 12:50:04,319 [INFO] PluginManager:213 - loadIPPluginJar : add ucpd
2024-09-11 12:50:04,384 [INFO] IPUIPlugin:74 - create IPUIPlugin
2024-09-11 12:50:04,385 [INFO] PluginManager:213 - loadIPPluginJar : add usart
2024-09-11 12:50:04,444 [INFO] IPUIPlugin:74 - create IPUIPlugin
2024-09-11 12:50:04,445 [INFO] PluginManager:213 - loadIPPluginJar : add usbx
2024-09-11 12:50:04,741 [FATAL] Updater:294 - Updater called before beeing initialized
2024-09-11 12:50:04,879 [FATAL] Updater:294 - Updater called before beeing initialized
2024-09-11 12:50:04,898 [INFO] DbMcusAds:47 - JSON generation date=Thu May 16 16:22:00 ICT 2024 (1715851320667)
2024-09-11 12:50:04,899 [FATAL] Updater:294 - Updater called before beeing initialized
2024-09-11 12:50:04,950 [WARN] DetailPanel:314 - Failed to get advertising image, set to default
2024-09-11 12:50:05,097 [FATAL] Updater:294 - Updater called before beeing initialized
2024-09-11 12:50:05,101 [FATAL] Updater:294 - Updater called before beeing initialized
2024-09-11 12:50:05,101 [FATAL] Updater:294 - Updater called before beeing initialized
2024-09-11 12:50:05,101 [WARN] DetailPanel:314 - Failed to get advertising image, set to default
2024-09-11 12:50:05,104 [FATAL] Updater:294 - Updater called before beeing initialized
2024-09-11 12:50:05,184 [ERROR] Updater:1075 - MainUpdater not yet initialized. External WinMGr cannot be set.
2024-09-11 12:50:05,203 [INFO] Updater:1012 - Updater Version found : 6.3.0
2024-09-11 12:50:05,233 [INFO] ApplicationProperties:181 - Using Application install path: C:\ST\STM32CubeIDE_1.7.0\STM32CubeIDE\plugins\com.st.stm32cube.common.mx_6.3.0.202107141111
2024-09-11 12:50:05,587 [INFO] MainUpdater:2671 - connection check result : 10
2024-09-11 12:50:05,587 [INFO] MainUpdater:3359 - Updater definition file requires update
2024-09-11 12:50:05,589 [INFO] MainUpdater:265 - Updater Check For Update Now.
2024-09-11 12:50:05,589 [INFO] MicroXplorer:478 - Change Database Version : DB.6.0.30
2024-09-11 12:50:05,775 [INFO] ServerAccessManage:362 - Download File updaters.zip
2024-09-11 12:50:05,889 [INFO] FileExtend:235 - Unzip File : updaters.zip
2024-09-11 12:50:05,890 [INFO] FileExtend:250 - Standard Zip Deflate
2024-09-11 12:50:07,212 [WARN] MainUpdater:1122 - Updater busy. Cannot search thirdparties
2024-09-11 12:50:07,212 [INFO] ThirdPartyUpdaterWithRetryManager:92 - Updater plugin is busy. [1/15]
2024-09-11 12:50:07,259 [INFO] ServerAccessManage:362 - Download File PacksControlFlags.xml
2024-09-11 12:50:07,480 [INFO] ServerAccessManage:362 - Download File cubemx.pidx
2024-09-11 12:50:08,773 [INFO] ServerAccessManage:362 - Download File STMicroelectronics.X-CUBE-GNSS1.pdsc
2024-09-11 12:50:10,219 [WARN] MainUpdater:1122 - Updater busy. Cannot search thirdparties
2024-09-11 12:50:10,219 [INFO] ThirdPartyUpdaterWithRetryManager:92 - Updater plugin is busy. [2/15]
2024-09-11 12:50:11,816 [ERROR] ServerAccessManage:974 - Problem, file not found on Server
2024-09-11 12:50:12,766 [ERROR] ServerAccessManage:974 - Problem, file not found on Server
2024-09-11 12:50:13,159 [ERROR] ServerAccessManage:974 - Problem, file not found on Server
2024-09-11 12:50:13,232 [WARN] MainUpdater:1122 - Updater busy. Cannot search thirdparties
2024-09-11 12:50:13,232 [INFO] ThirdPartyUpdaterWithRetryManager:92 - Updater plugin is busy. [3/15]
2024-09-11 12:50:14,137 [ERROR] ServerAccessManage:974 - Problem, file not found on Server
2024-09-11 12:50:15,122 [ERROR] ServerAccessManage:974 - Problem, file not found on Server
2024-09-11 12:50:16,066 [ERROR] ServerAccessManage:974 - Problem, file not found on Server
2024-09-11 12:50:16,244 [WARN] MainUpdater:1122 - Updater busy. Cannot search thirdparties
2024-09-11 12:50:16,244 [INFO] ThirdPartyUpdaterWithRetryManager:92 - Updater plugin is busy. [4/15]
2024-09-11 12:50:16,306 [INFO] MainUpdater:2671 - connection check result : 10
2024-09-11 12:50:17,052 [WARN] PackLoader:238 - Cannot read IP mode file for STMicroelectronics.X-CUBE-GNSS1.7.0.0
2024-09-11 12:50:17,056 [INFO] PopulateThirdPartyThread:60 - Ending populate Thread
2024-09-11 12:50:17,060 [INFO] ThirdParty:967 - CMSIS Pack Vendor :STMicroelectronics X-CUBE-GNSS1 7.0.0
2024-09-11 12:50:17,061 [INFO] LoadServerUpdatesThread:339 - End of LoadServerUpdate Thread
2024-09-11 12:50:17,179 [INFO] CheckServerUpdateThread:112 - End of CheckServer Thread
2024-09-11 12:50:17,282 [INFO] MainUpdater:2671 - connection check result : 10
2024-09-11 12:50:17,553 [INFO] MicroXplorer:448 - Change Database Path : 
2024-09-11 12:50:17,554 [INFO] MicroXplorer:478 - Change Database Version : DB.6.0.30
2024-09-11 12:50:17,554 [WARN] ThirdParty:813 - waiting for thirdparty lock release [close project]
2024-09-11 12:50:19,369 [ERROR] Engine:463 - C:\Users\Azuki\.stm32cubemx\thirdparties\pdsc\STMicroelectronics.FP-SNS-MOTENVWB1.1.4.0.pdsc: PDSC version is not supported
2024-09-11 12:50:19,382 [ERROR] Engine:463 - C:\Users\Azuki\.stm32cubemx\thirdparties\pdsc\STMicroelectronics.X-CUBE-SMBUS.2.1.0.pdsc: PDSC version is not supported
2024-09-11 12:50:19,420 [WARN] PackLoader:238 - Cannot read IP mode file for STMicroelectronics.X-CUBE-AZRTOS-F7.1.1.0
2024-09-11 12:50:19,480 [WARN] PackLoader:238 - Cannot read IP mode file for STMicroelectronics.X-CUBE-MEMS1.11.0.0
2024-09-11 12:50:19,632 [ERROR] Engine:463 - C:\Users\Azuki\.stm32cubemx\thirdparties\pdsc\STMicroelectronics.FP-SNS-FLIGHT1.5.0.2.pdsc: PDSC version is not supported
2024-09-11 12:50:19,645 [ERROR] Engine:463 - C:\Users\Azuki\.stm32cubemx\thirdparties\pdsc\STMicroelectronics.X-CUBE-DISPLAY.3.0.0.pdsc: PDSC version is not supported
2024-09-11 12:50:19,660 [WARN] PackLoader:238 - Cannot read IP mode file for STMicroelectronics.X-CUBE-BLE1.7.0.0
2024-09-11 12:50:19,672 [ERROR] Engine:463 - C:\Users\Azuki\.stm32cubemx\thirdparties\pdsc\emotas.I-CUBE-CANOPEN.1.3.0.pdsc: PDSC version is not supported
2024-09-11 12:50:19,684 [ERROR] Engine:463 - C:\Users\Azuki\.stm32cubemx\thirdparties\pdsc\STMicroelectronics.X-CUBE-BLEMGR.3.1.0.pdsc: PDSC version is not supported
2024-09-11 12:50:19,695 [ERROR] Engine:463 - C:\Users\Azuki\.stm32cubemx\thirdparties\pdsc\STMicroelectronics.FP-SNS-SMARTAG2.1.2.0.pdsc: PDSC version is not supported
2024-09-11 12:50:19,724 [INFO] LogOutputStream:76 - [STDOUT_REDIRECT] 1 : Invalid condition id : UX_CORESTACK_Condition cause : null
2024-09-11 12:50:19,728 [INFO] LogOutputStream:76 - [STDOUT_REDIRECT] 1 : Invalid condition id : UX_CORESTACK_Condition cause : null
2024-09-11 12:50:19,729 [INFO] LogOutputStream:76 - [STDOUT_REDIRECT] 1 : Invalid condition id : UX_CORESTACK_Condition cause : null
2024-09-11 12:50:19,729 [INFO] LogOutputStream:76 - [STDOUT_REDIRECT] 1 : Invalid condition id : UX_CORESTACK_Condition cause : null
2024-09-11 12:50:19,730 [INFO] LogOutputStream:76 - [STDOUT_REDIRECT] 1 : Invalid condition id : UX_CORESTACK_Condition cause : null
2024-09-11 12:50:19,733 [WARN] PackLoader:238 - Cannot read IP mode file for STMicroelectronics.X-CUBE-AZRTOS-WL.2.0.0
2024-09-11 12:50:19,750 [ERROR] Engine:463 - C:\Users\Azuki\.stm32cubemx\thirdparties\pdsc\STMicroelectronics.FP-SNS-MOTENV1.5.0.0.pdsc: PDSC version is not supported
2024-09-11 12:50:19,755 [WARN] PackLoader:238 - Cannot read IP mode file for wolfSSL.I-CUBE-wolfMQTT.1.19.0
2024-09-11 12:50:19,773 [WARN] PackLoader:238 - Cannot read IP mode file for WES.I-CUBE-Cesium.1.3.0
2024-09-11 12:50:19,790 [WARN] PackLoader:238 - Cannot read IP mode file for STMicroelectronics.X-CUBE-BLE2.3.3.0
2024-09-11 12:50:19,807 [ERROR] Engine:463 - C:\Users\Azuki\.stm32cubemx\thirdparties\pdsc\STMicroelectronics.X-CUBE-TCPP.4.1.0.pdsc: PDSC version is not supported
2024-09-11 12:50:19,839 [WARN] PackLoader:238 - Cannot read IP mode file for STMicroelectronics.X-CUBE-AZRTOS-G0.1.1.0
2024-09-11 12:50:19,856 [WARN] PackLoader:238 - Cannot read IP mode file for STMicroelectronics.X-CUBE-SAFEA1.1.2.2
2024-09-11 12:50:19,875 [WARN] PackLoader:238 - Cannot read IP mode file for STMicroelectronics.X-CUBE-NFC4.3.0.0
2024-09-11 12:50:19,892 [ERROR] Engine:463 - C:\Users\Azuki\.stm32cubemx\thirdparties\pdsc\EmbeddedOffice.I-CUBE-FS-RTOS.1.0.1.pdsc: PDSC version is not supported
2024-09-11 12:50:19,903 [ERROR] Engine:463 - C:\Users\Azuki\.stm32cubemx\thirdparties\pdsc\RealThread.X-CUBE-RT-Thread_Nano.4.1.1.pdsc: PDSC version is not supported
2024-09-11 12:50:19,909 [WARN] PackLoader:238 - Cannot read IP mode file for STMicroelectronics.FP-ATR-SIGFOX1.3.2.0
2024-09-11 12:50:19,926 [WARN] PackLoader:238 - Cannot read IP mode file for wolfSSL.I-CUBE-wolfSSL.5.7.2
2024-09-11 12:50:19,945 [WARN] PackLoader:238 - Cannot read IP mode file for STMicroelectronics.X-CUBE-EEPRMA1.5.1.0
2024-09-11 12:50:19,964 [ERROR] Engine:463 - C:\Users\Azuki\.stm32cubemx\thirdparties\pdsc\ITTIA_DB.I-CUBE-ITTIADB.8.9.0.pdsc: PDSC version is not supported
2024-09-11 12:50:20,010 [WARN] PackLoader:238 - Cannot read IP mode file for SEGGER.I-CUBE-embOS.1.3.1
2024-09-11 12:50:20,081 [WARN] PackLoader:238 - Cannot read IP mode file for STMicroelectronics.X-CUBE-ALGOBUILD.1.4.0
2024-09-11 12:50:20,097 [WARN] PackLoader:238 - Cannot read IP mode file for STMicroelectronics.X-CUBE-GNSS1.6.0.0
2024-09-11 12:50:20,144 [WARN] PackLoader:238 - Cannot read IP mode file for STMicroelectronics.X-CUBE-AZRTOS-F4.1.1.0
2024-09-11 12:50:20,162 [ERROR] Engine:463 - C:\Users\Azuki\.stm32cubemx\thirdparties\pdsc\STMicroelectronics.X-CUBE-FREERTOS.1.2.0.pdsc: PDSC version is not supported
2024-09-11 12:50:20,194 [WARN] PackLoader:238 - Cannot read IP mode file for STMicroelectronics.X-CUBE-AZRTOS-L5.2.0.0
2024-09-11 12:50:20,213 [WARN] PackLoader:238 - Cannot read IP mode file for STMicroelectronics.X-CUBE-NFC6.3.1.0
2024-09-11 12:50:20,229 [ERROR] Engine:463 - C:\Users\Azuki\.stm32cubemx\thirdparties\pdsc\STMicroelectronics.X-CUBE-DPower.1.2.0.pdsc: PDSC version is not supported
2024-09-11 12:50:20,243 [WARN] PackLoader:238 - Cannot read IP mode file for STMicroelectronics.X-CUBE-AI.9.0.0
2024-09-11 12:50:20,259 [WARN] PackLoader:238 - Cannot read IP mode file for STMicroelectronics.X-CUBE-NFC7.1.0.1
2024-09-11 12:50:20,290 [WARN] ConditionMgr:437 - getConditionDescription Invalid condition id : LAN8742 Phy interface Condition cause : null
2024-09-11 12:50:20,290 [WARN] PackLoader:238 - Cannot read IP mode file for STMicroelectronics.X-CUBE-AZRTOS-L4.2.0.0
2024-09-11 12:50:20,291 [WARN] ConditionMgr:1038 - genDependencies : Invalid condition id : LAN8742 Phy interface Condition cause : null
2024-09-11 12:50:20,292 [WARN] ConditionMgr:1038 - genDependencies : Invalid condition id : LAN8742 Phy interface Condition cause : null
2024-09-11 12:50:20,292 [WARN] ConditionMgr:1038 - genDependencies : Invalid condition id : LAN8742 Phy interface Condition cause : null
2024-09-11 12:50:20,307 [WARN] PackLoader:238 - Cannot read IP mode file for STMicroelectronics.X-CUBE-SFXS2LP1.4.0.0
2024-09-11 12:50:20,338 [WARN] PackLoader:238 - Cannot read IP mode file for STMicroelectronics.X-CUBE-AZRTOS-H7.3.3.0
2024-09-11 12:50:20,363 [WARN] ConditionMgr:437 - getConditionDescription Invalid condition id : UX DEVICE CLASS RTOS Condition cause : null
2024-09-11 12:50:20,363 [WARN] ConditionMgr:437 - getConditionDescription Invalid condition id : UX DEVICE CLASS RTOS Condition cause : null
2024-09-11 12:50:20,365 [WARN] PackLoader:238 - Cannot read IP mode file for STMicroelectronics.X-CUBE-AZRTOS-WB.2.0.0
2024-09-11 12:50:20,365 [WARN] ConditionMgr:1038 - genDependencies : Invalid condition id : UX DEVICE CLASS RTOS Condition cause : null
2024-09-11 12:50:20,365 [WARN] ConditionMgr:1038 - genDependencies : Invalid condition id : UX DEVICE CLASS RTOS Condition cause : null
2024-09-11 12:50:20,366 [WARN] ConditionMgr:1038 - genDependencies : Invalid condition id : UX DEVICE CLASS RTOS Condition cause : null
2024-09-11 12:50:20,366 [WARN] ConditionMgr:1038 - genDependencies : Invalid condition id : UX DEVICE CLASS RTOS Condition cause : null
2024-09-11 12:50:20,366 [WARN] ConditionMgr:1038 - genDependencies : Invalid condition id : UX DEVICE CLASS RTOS Condition cause : null
2024-09-11 12:50:20,370 [WARN] PackLoader:238 - Cannot read IP mode file for STMicroelectronics.X-CUBE-GNSS1.7.0.0
2024-09-11 12:50:20,383 [ERROR] Engine:463 - C:\Users\Azuki\.stm32cubemx\thirdparties\pdsc\STMicroelectronics.FP-SNS-STBOX1.2.0.0.pdsc: PDSC version is not supported
2024-09-11 12:50:20,400 [WARN] PackLoader:238 - Cannot read IP mode file for STMicroelectronics.X-CUBE-SUBG2.5.0.0
2024-09-11 12:50:20,406 [ERROR] Engine:463 - C:\Users\Azuki\.stm32cubemx\thirdparties\pdsc\Cesanta.I-CUBE-Mongoose.7.13.0.pdsc: PDSC version is not supported
2024-09-11 12:50:20,431 [WARN] PackLoader:238 - Cannot read IP mode file for STMicroelectronics.X-CUBE-AZRTOS-G4.2.0.0
2024-09-11 12:50:20,444 [WARN] PackLoader:238 - Cannot read IP mode file for STMicroelectronics.X-CUBE-ISPU.2.0.0
2024-09-11 12:50:20,455 [ERROR] Engine:463 - C:\Users\Azuki\.stm32cubemx\thirdparties\pdsc\STMicroelectronics.X-CUBE-ALS.1.0.2.pdsc: PDSC version is not supported
2024-09-11 12:50:20,466 [WARN] PackLoader:238 - Cannot read IP mode file for STMicroelectronics.X-CUBE-TOUCHGFX.4.24.0
2024-09-11 12:50:20,470 [WARN] PackLoader:238 - Cannot read IP mode file for wolfSSL.I-CUBE-wolfTPM.3.4.0
2024-09-11 12:50:20,483 [WARN] PackLoader:238 - Cannot read IP mode file for portGmbH.I-Cube-SoM-uGOAL.1.1.0
2024-09-11 12:50:20,512 [WARN] PackLoader:238 - Cannot read IP mode file for STMicroelectronics.X-CUBE-AZRTOS-H7RS.1.0.0
2024-09-11 12:50:20,520 [WARN] PackLoader:238 - Cannot read IP mode file for STMicroelectronics.FP-ATR-ASTRA1.2.0.0
2024-09-11 12:50:20,534 [ERROR] Engine:463 - C:\Users\Azuki\.stm32cubemx\thirdparties\pdsc\STMicroelectronics.X-CUBE-TOF1.3.4.2.pdsc: PDSC version is not supported
2024-09-11 12:50:20,550 [ERROR] Engine:463 - C:\Users\Azuki\.stm32cubemx\thirdparties\pdsc\Infineon.AIROC-Wi-Fi-Bluetooth-STM32.1.6.1.pdsc: PDSC version is not supported
2024-09-11 12:50:20,554 [WARN] PackLoader:238 - Cannot read IP mode file for wolfSSL.I-CUBE-wolfSSH.1.4.17
2024-09-11 12:50:20,555 [INFO] ThirdParty:915 - Integrity check success = true
2024-09-11 12:50:20,555 [INFO] IntegrityCheckThread:94 - exiting critical section [integrity check]
2024-09-11 12:50:20,555 [INFO] IntegrityCheckThread:97 - End integrity checks thread
2024-09-11 12:50:20,555 [INFO] ThirdParty:815 - entering critical section [close project]
2024-09-11 12:50:20,556 [INFO] ThirdParty:825 - exiting critical section [close project]
2024-09-11 12:50:20,559 [INFO] PinOutPanel:1463 - setPackage(No Configuration,No Configuration)
2024-09-11 12:50:20,559 [INFO] UtilMem:74 - Begin LoadConfig() Used Memory: 914310832 Bytes (1073741824)
2024-09-11 12:50:20,561 [INFO] MicroXplorer:448 - Change Database Path : 
2024-09-11 12:50:20,561 [INFO] MicroXplorer:478 - Change Database Version : DB.6.0.30
2024-09-11 12:50:20,561 [INFO] OpenFileManager:313 - Change cursor
2024-09-11 12:50:21,317 [INFO] Context:592 - Trying to add GPIOservice into a context  which must be forbidden
2024-09-11 12:50:21,599 [WARN] ApiManager:304 - Cannot register API 'Board Extension:GNSS1A1' from pack STMicroelectronics.X-CUBE-GNSS1.6.0.0: no header file found
2024-09-11 12:50:21,599 [WARN] ApiManager:304 - Cannot register API 'Board Support:Custom' from pack STMicroelectronics.X-CUBE-GNSS1.6.0.0: no header file found
2024-09-11 12:50:21,599 [WARN] ApiManager:304 - Cannot register API 'Data Exchange:lib_gnss' from pack STMicroelectronics.X-CUBE-GNSS1.6.0.0: no header file found
2024-09-11 12:50:21,606 [WARN] ApiManager:304 - Cannot register API 'Board Extension:GNSS1A1' from pack STMicroelectronics.X-CUBE-GNSS1.7.0.0: no header file found
2024-09-11 12:50:21,606 [WARN] ApiManager:304 - Cannot register API 'Board Support:Custom' from pack STMicroelectronics.X-CUBE-GNSS1.7.0.0: no header file found
2024-09-11 12:50:21,607 [WARN] ApiManager:304 - Cannot register API 'Data Exchange:lib_gnss' from pack STMicroelectronics.X-CUBE-GNSS1.7.0.0: no header file found
2024-09-11 12:50:21,614 [WARN] ApiManager:304 - Cannot register API 'Board Extension:NFC06A1' from pack STMicroelectronics.X-CUBE-NFC6.3.1.0: no header file found
2024-09-11 12:50:21,614 [WARN] ApiManager:304 - Cannot register API 'Board Extension:NFC08A1' from pack STMicroelectronics.X-CUBE-NFC6.3.1.0: no header file found
2024-09-11 12:50:21,763 [WARN] ApiManager:304 - Cannot register API 'Board Extension:IKS01A3' from pack STMicroelectronics.X-CUBE-MEMS1.11.0.0: no header file found
2024-09-11 12:50:21,764 [WARN] ApiManager:304 - Cannot register API 'Board Extension:IKS02A1' from pack STMicroelectronics.X-CUBE-MEMS1.11.0.0: no header file found
2024-09-11 12:50:21,764 [WARN] ApiManager:304 - Cannot register API 'Board Extension:IKS4A1' from pack STMicroelectronics.X-CUBE-MEMS1.11.0.0: no header file found
2024-09-11 12:50:21,773 [INFO] RtosManager:484 - Registered RTOS mode: class=CMSIS, group=RTOS, mode=CMSIS_V1, owner=FREERTOS
2024-09-11 12:50:21,774 [INFO] RtosManager:484 - Registered RTOS mode: class=CMSIS, group=RTOS2, mode=CMSIS_V2, owner=FREERTOS
2024-09-11 12:50:21,774 [INFO] RtosManager:484 - Registered RTOS mode: class=RTOS, group=Core, mode=CMSIS_V1, owner=FREERTOS
2024-09-11 12:50:21,774 [INFO] RtosManager:484 - Registered RTOS mode: class=RTOS, group=Core, mode=CMSIS_V2, owner=FREERTOS
2024-09-11 12:50:21,776 [WARN] ModelIntegratedComponent:181 - Missing modes for component STMicroelectronics:FreeRTOS:0.0.1:STMicroelectronics:RTOS:FreeRTOS:Core:::10.2.0:
2024-09-11 12:50:21,777 [WARN] ApiManager:304 - Cannot register API 'Board Extension:STSAFEA1' from pack STMicroelectronics.X-CUBE-SAFEA1.1.2.2: no header file found
2024-09-11 12:50:21,777 [WARN] ApiManager:304 - Cannot register API 'Board Part:STSAFEA110' from pack STMicroelectronics.X-CUBE-SAFEA1.1.2.2: no header file found
2024-09-11 12:50:21,777 [WARN] ApiManager:304 - Cannot register API 'Security:ST_Cryptolib' from pack STMicroelectronics.X-CUBE-SAFEA1.1.2.2: no header file found
2024-09-11 12:50:21,777 [WARN] ApiManager:304 - Cannot register API 'Security:MbedTLS' from pack STMicroelectronics.X-CUBE-SAFEA1.1.2.2: no header file found
2024-09-11 12:50:21,778 [WARN] ApiManager:304 - Cannot register API 'Board Extension:NFC04A1' from pack STMicroelectronics.X-CUBE-NFC4.3.0.0: no header file found
2024-09-11 12:50:21,779 [WARN] ApiManager:304 - Cannot register API 'Board Extension:S2868A1' from pack STMicroelectronics.X-CUBE-SUBG2.5.0.0: no header file found
2024-09-11 12:50:21,781 [WARN] ApiManager:304 - Cannot register API 'Board Extension:S2868A2' from pack STMicroelectronics.X-CUBE-SUBG2.5.0.0: no header file found
2024-09-11 12:50:21,781 [WARN] ApiManager:304 - Cannot register API 'Board Extension:S2915A1' from pack STMicroelectronics.X-CUBE-SUBG2.5.0.0: no header file found
2024-09-11 12:50:21,782 [WARN] ApiManager:304 - Cannot register API 'Wireless:BlueNRG-MS' from pack STMicroelectronics.X-CUBE-BLE1.7.0.0: no header file found
2024-09-11 12:50:21,783 [WARN] ApiManager:304 - Cannot register API 'Board Extension:EEPRMA2' from pack STMicroelectronics.X-CUBE-EEPRMA1.5.1.0: no header file found
2024-09-11 12:50:21,783 [WARN] ApiManager:304 - Cannot register API 'Board Extension:PGEEZ1' from pack STMicroelectronics.X-CUBE-EEPRMA1.5.1.0: no header file found
2024-09-11 12:50:21,783 [WARN] ApiManager:304 - Cannot register API 'Board Extension:EEICA1' from pack STMicroelectronics.X-CUBE-EEPRMA1.5.1.0: no header file found
2024-09-11 12:50:21,783 [WARN] ApiManager:304 - Cannot register API 'Board Part:M24' from pack STMicroelectronics.X-CUBE-EEPRMA1.5.1.0: no header file found
2024-09-11 12:50:21,784 [WARN] ApiManager:304 - Cannot register API 'Board Part:M95' from pack STMicroelectronics.X-CUBE-EEPRMA1.5.1.0: no header file found
2024-09-11 12:50:21,784 [WARN] ApiManager:304 - Cannot register API 'Board Part:M95P32' from pack STMicroelectronics.X-CUBE-EEPRMA1.5.1.0: no header file found
2024-09-11 12:50:21,784 [WARN] ApiManager:304 - Cannot register API 'Board Part:M24256E-F' from pack STMicroelectronics.X-CUBE-EEPRMA1.5.1.0: no header file found
2024-09-11 12:50:21,784 [WARN] ApiManager:304 - Cannot register API 'Board Part:M24M01E-F' from pack STMicroelectronics.X-CUBE-EEPRMA1.5.1.0: no header file found
2024-09-11 12:50:21,784 [WARN] ApiManager:304 - Cannot register API 'PGEEZ1:SPI' from pack STMicroelectronics.X-CUBE-EEPRMA1.5.1.0: no header file found
2024-09-11 12:50:21,784 [WARN] ApiManager:304 - Cannot register API 'PGEEZ1:QDSPI' from pack STMicroelectronics.X-CUBE-EEPRMA1.5.1.0: no header file found
2024-09-11 12:50:21,784 [WARN] ModelIntegratedComponent:60 - No mode defined for component null
2024-09-11 12:50:21,786 [WARN] ModelIntegratedComponent:60 - No mode defined for component null
2024-09-11 12:50:21,786 [WARN] ModelIntegratedComponent:60 - No mode defined for component null
2024-09-11 12:50:21,786 [WARN] ModelIntegratedComponent:60 - No mode defined for component null
2024-09-11 12:50:21,786 [WARN] ModelIntegratedComponent:60 - No mode defined for component null
2024-09-11 12:50:21,786 [WARN] ModelIntegratedComponent:60 - No mode defined for component null
2024-09-11 12:50:21,786 [WARN] ModelIntegratedComponent:60 - No mode defined for component null
2024-09-11 12:50:21,786 [WARN] ModelIntegratedComponent:60 - No mode defined for component null
2024-09-11 12:50:21,786 [WARN] ModelIntegratedComponent:60 - No mode defined for component null
2024-09-11 12:50:21,786 [WARN] ModelIntegratedComponent:60 - No mode defined for component null
2024-09-11 12:50:21,786 [WARN] ModelIntegratedComponent:60 - No mode defined for component null
2024-09-11 12:50:21,787 [WARN] ModelIntegratedComponent:60 - No mode defined for component null
2024-09-11 12:50:21,787 [WARN] ModelIntegratedComponent:60 - No mode defined for component null
2024-09-11 12:50:21,787 [WARN] ModelIntegratedComponent:60 - No mode defined for component null
2024-09-11 12:50:21,787 [WARN] ModelIntegratedComponent:60 - No mode defined for component null
2024-09-11 12:50:21,787 [WARN] ModelIntegratedComponent:60 - No mode defined for component null
2024-09-11 12:50:21,787 [WARN] ModelIntegratedComponent:60 - No mode defined for component null
2024-09-11 12:50:21,787 [WARN] ModelIntegratedComponent:60 - No mode defined for component null
2024-09-11 12:50:21,787 [WARN] ModelIntegratedComponent:60 - No mode defined for component null
2024-09-11 12:50:21,787 [WARN] ModelIntegratedComponent:60 - No mode defined for component null
2024-09-11 12:50:21,787 [WARN] ModelIntegratedComponent:60 - No mode defined for component null
2024-09-11 12:50:21,787 [WARN] ModelIntegratedComponent:60 - No mode defined for component null
2024-09-11 12:50:21,787 [WARN] ModelIntegratedComponent:60 - No mode defined for component null
2024-09-11 12:50:21,787 [WARN] ModelIntegratedComponent:60 - No mode defined for component null
2024-09-11 12:50:21,787 [WARN] ModelIntegratedComponent:60 - No mode defined for component null
2024-09-11 12:50:21,787 [WARN] ModelIntegratedComponent:60 - No mode defined for component null
2024-09-11 12:50:21,787 [WARN] ModelIntegratedComponent:60 - No mode defined for component null
2024-09-11 12:50:21,787 [WARN] ModelIntegratedComponent:60 - No mode defined for component null
2024-09-11 12:50:21,787 [WARN] ModelIntegratedComponent:60 - No mode defined for component null
2024-09-11 12:50:21,787 [WARN] ModelIntegratedComponent:60 - No mode defined for component null
2024-09-11 12:50:21,787 [WARN] ModelIntegratedComponent:60 - No mode defined for component null
2024-09-11 12:50:21,788 [WARN] ApiManager:304 - Cannot register API 'Board Extension:NFC07A1' from pack STMicroelectronics.X-CUBE-NFC7.1.0.1: no header file found
2024-09-11 12:50:21,797 [WARN] ApiManager:304 - Cannot register API 'Board Extension:S2868A1' from pack STMicroelectronics.X-CUBE-SFXS2LP1.4.0.0: no header file found
2024-09-11 12:50:21,797 [WARN] ApiManager:304 - Cannot register API 'Board Extension:S2868A2' from pack STMicroelectronics.X-CUBE-SFXS2LP1.4.0.0: no header file found
2024-09-11 12:50:21,797 [WARN] ApiManager:304 - Cannot register API 'Board Extension:S2915A1' from pack STMicroelectronics.X-CUBE-SFXS2LP1.4.0.0: no header file found
2024-09-11 12:50:21,797 [WARN] ApiManager:304 - Cannot register API 'Wireless:BlueNRG-2' from pack STMicroelectronics.X-CUBE-BLE2.3.3.0: no header file found
2024-09-11 12:50:23,350 [INFO] UtilMem:74 - End LoadConfig() Used Memory: 827491152 Bytes (1073741824)
2024-09-11 12:50:23,351 [INFO] DbMcusXml:100 - Load MCU database from C:\ST\STM32CubeIDE_1.7.0\STM32CubeIDE\plugins\com.st.stm32cube.common.mx_6.3.0.202107141111\\db\/mcu/families.xml
2024-09-11 12:50:24,072 [INFO] DbMcusJson:93 - JSON generation date=Tue Nov 16 23:17:54 ICT 2021 (1637079474)
2024-09-11 12:50:24,672 [INFO] DbMcus:175 - Found 1951 MCUs (1903 are supported by CubeMX, 1914 are visible in CubeMX)
2024-09-11 12:50:24,673 [INFO] ApiDb:251 - Load user favorites file C:\Users\Azuki/.stm32cubeide/favorites.mcus.txt: 0 item(s)
2024-09-11 12:50:24,673 [INFO] ApiDb:255 - User favorites MCUs=[]
2024-09-11 12:50:24,673 [INFO] DbMcus:187 - Set 0 / 0 favorites MCUs
2024-09-11 12:50:24,687 [WARN] ThirdParty:779 - waiting for thirdparty lock release [change project]
2024-09-11 12:50:24,687 [INFO] ThirdParty:781 - entering critical section [change project]
2024-09-11 12:50:24,687 [INFO] ThirdParty:967 - CMSIS Pack Vendor :STMicroelectronics X-CUBE-AZRTOS-H7 3.3.0
2024-09-11 12:50:24,688 [INFO] ThirdParty:967 - CMSIS Pack Vendor :STMicroelectronics X-CUBE-GNSS1 6.0.0
2024-09-11 12:50:24,688 [INFO] ThirdParty:967 - CMSIS Pack Vendor :STMicroelectronics USB_HOST 2.0.0
2024-09-11 12:50:24,688 [INFO] ThirdParty:967 - CMSIS Pack Vendor :STMicroelectronics X-CUBE-AZRTOS-F4 1.1.0
2024-09-11 12:50:24,688 [INFO] ThirdParty:967 - CMSIS Pack Vendor :STMicroelectronics USB_DEVICE 3.0.0
2024-09-11 12:50:24,688 [INFO] ThirdParty:967 - CMSIS Pack Vendor :STMicroelectronics X-CUBE-AZRTOS-WB 2.0.0
2024-09-11 12:50:24,688 [INFO] ThirdParty:967 - CMSIS Pack Vendor :STMicroelectronics X-CUBE-GNSS1 7.0.0
2024-09-11 12:50:24,688 [INFO] ThirdParty:967 - CMSIS Pack Vendor :STMicroelectronics X-CUBE-AZRTOS-F7 1.1.0
2024-09-11 12:50:24,688 [INFO] ThirdParty:967 - CMSIS Pack Vendor :STMicroelectronics X-CUBE-AZRTOS-L5 2.0.0
2024-09-11 12:50:24,688 [INFO] ThirdParty:967 - CMSIS Pack Vendor :STMicroelectronics USB_DEVICE 2.0.0
2024-09-11 12:50:24,688 [INFO] ThirdParty:967 - CMSIS Pack Vendor :STMicroelectronics X-CUBE-NFC6 3.1.0
2024-09-11 12:50:24,688 [INFO] ThirdParty:967 - CMSIS Pack Vendor :STMicroelectronics X-CUBE-MEMS1 11.0.0
2024-09-11 12:50:24,688 [INFO] ThirdParty:967 - CMSIS Pack Vendor :STMicroelectronics FreeRTOS 0.0.1
2024-09-11 12:50:24,688 [INFO] ThirdParty:967 - CMSIS Pack Vendor :STMicroelectronics X-CUBE-AZRTOS-G0 1.1.0
2024-09-11 12:50:24,688 [INFO] ThirdParty:967 - CMSIS Pack Vendor :STMicroelectronics X-CUBE-SAFEA1 1.2.2
2024-09-11 12:50:24,688 [INFO] ThirdParty:967 - CMSIS Pack Vendor :STMicroelectronics X-CUBE-NFC4 3.0.0
2024-09-11 12:50:24,689 [INFO] ThirdParty:967 - CMSIS Pack Vendor :STMicroelectronics X-CUBE-SUBG2 5.0.0
2024-09-11 12:50:24,689 [INFO] ThirdParty:967 - CMSIS Pack Vendor :STMicroelectronics lwIP 2.0.3
2024-09-11 12:50:24,689 [INFO] ThirdParty:967 - CMSIS Pack Vendor :STMicroelectronics USB_HOST 1.0.0
2024-09-11 12:50:24,689 [INFO] ThirdParty:967 - CMSIS Pack Vendor :STMicroelectronics X-CUBE-AI 9.0.0
2024-09-11 12:50:24,689 [INFO] ThirdParty:967 - CMSIS Pack Vendor :STMicroelectronics X-CUBE-AZRTOS-G4 2.0.0
2024-09-11 12:50:24,689 [INFO] ThirdParty:967 - CMSIS Pack Vendor :STMicroelectronics PDM2PCM 3.1.0
2024-09-11 12:50:24,689 [INFO] ThirdParty:967 - CMSIS Pack Vendor :STMicroelectronics PDM2PCM 3.3.0
2024-09-11 12:50:24,689 [INFO] ThirdParty:967 - CMSIS Pack Vendor :STMicroelectronics X-CUBE-BLE1 7.0.0
2024-09-11 12:50:24,689 [INFO] ThirdParty:967 - CMSIS Pack Vendor :STMicroelectronics FP-ATR-SIGFOX1 3.2.0
2024-09-11 12:50:24,689 [INFO] ThirdParty:967 - CMSIS Pack Vendor :wolfSSL I-CUBE-wolfSSL 5.7.2
2024-09-11 12:50:24,689 [INFO] ThirdParty:967 - CMSIS Pack Vendor :STMicroelectronics X-CUBE-ISPU 2.0.0
2024-09-11 12:50:24,689 [INFO] ThirdParty:967 - CMSIS Pack Vendor :STMicroelectronics X-CUBE-EEPRMA1 5.1.0
2024-09-11 12:50:24,689 [INFO] ThirdParty:967 - CMSIS Pack Vendor :STMicroelectronics HAL Drivers 0.0.0
2024-09-11 12:50:24,690 [INFO] ThirdParty:967 - CMSIS Pack Vendor :STMicroelectronics MBEDTLS 2.16.2
2024-09-11 12:50:24,690 [INFO] ThirdParty:967 - CMSIS Pack Vendor :STMicroelectronics X-CUBE-NFC7 1.0.1
2024-09-11 12:50:24,690 [INFO] ThirdParty:967 - CMSIS Pack Vendor :STMicroelectronics MBEDTLS 2.14.1
2024-09-11 12:50:24,690 [INFO] ThirdParty:967 - CMSIS Pack Vendor :STMicroelectronics X-CUBE-TOUCHGFX 4.24.0
2024-09-11 12:50:24,690 [INFO] ThirdParty:967 - CMSIS Pack Vendor :wolfSSL I-CUBE-wolfTPM 3.4.0
2024-09-11 12:50:24,690 [INFO] ThirdParty:967 - CMSIS Pack Vendor :portGmbH I-Cube-SoM-uGOAL 1.1.0
2024-09-11 12:50:24,690 [INFO] ThirdParty:967 - CMSIS Pack Vendor :STMicroelectronics X-CUBE-AZRTOS-WL 2.0.0
2024-09-11 12:50:24,690 [INFO] ThirdParty:967 - CMSIS Pack Vendor :SEGGER I-CUBE-embOS 1.3.1
2024-09-11 12:50:24,690 [INFO] ThirdParty:967 - CMSIS Pack Vendor :STMicroelectronics X-CUBE-ALGOBUILD 1.4.0
2024-09-11 12:50:24,690 [INFO] ThirdParty:967 - CMSIS Pack Vendor :STMicroelectronics USB_DEVICE 1.0.0
2024-09-11 12:50:24,690 [INFO] ThirdParty:967 - CMSIS Pack Vendor :STMicroelectronics X-CUBE-AZRTOS-H7RS 1.0.0
2024-09-11 12:50:24,690 [INFO] ThirdParty:967 - CMSIS Pack Vendor :wolfSSL I-CUBE-wolfMQTT 1.19.0
2024-09-11 12:50:24,690 [INFO] ThirdParty:967 - CMSIS Pack Vendor :STMicroelectronics X-CUBE-AZRTOS-L4 2.0.0
2024-09-11 12:50:24,690 [INFO] ThirdParty:967 - CMSIS Pack Vendor :STMicroelectronics ThreadX 0.0.2
2024-09-11 12:50:24,690 [INFO] ThirdParty:967 - CMSIS Pack Vendor :WES I-CUBE-Cesium 1.3.0
2024-09-11 12:50:24,690 [INFO] ThirdParty:967 - CMSIS Pack Vendor :STMicroelectronics FP-ATR-ASTRA1 2.0.0
2024-09-11 12:50:24,690 [INFO] ThirdParty:967 - CMSIS Pack Vendor :STMicroelectronics lwIP 2.1.2
2024-09-11 12:50:24,691 [INFO] ThirdParty:967 - CMSIS Pack Vendor :STMicroelectronics X-CUBE-SFXS2LP1 4.0.0
2024-09-11 12:50:24,691 [INFO] ThirdParty:967 - CMSIS Pack Vendor :STMicroelectronics X-CUBE-BLE2 3.3.0
2024-09-11 12:50:24,691 [INFO] ThirdParty:967 - CMSIS Pack Vendor :STMicroelectronics PDM2PCM 3.2.0
2024-09-11 12:50:24,691 [INFO] ThirdParty:967 - CMSIS Pack Vendor :wolfSSL I-CUBE-wolfSSH 1.4.17
2024-09-11 12:50:24,691 [INFO] ThirdParty:787 - exiting critical section [change project]
2024-09-11 12:50:25,037 [INFO] PinOutPanel:1463 - setPackage(No Configuration,No Configuration)
2024-09-11 12:50:25,038 [INFO] PinOutPanel:1463 - setPackage(STM32F103C6Ux,UFQFPN48)
2024-09-11 12:50:25,472 [INFO] UtilMem:74 - Before build in PCC Used Memory: 995287400 Bytes (1073741824)
2024-09-11 12:50:26,221 [INFO] UtilMem:74 - After build in PCC Used Memory: 974010184 Bytes (1073741824)
2024-09-11 12:50:26,247 [INFO] IPUIPlugin:74 - create IPUIPlugin
2024-09-11 12:50:26,247 [INFO] IPUIPlugin:74 - create IPUIPlugin
2024-09-11 12:50:26,249 [INFO] IPUIPlugin:74 - create IPUIPlugin
2024-09-11 12:50:26,249 [INFO] IPUIPlugin:74 - create IPUIPlugin
2024-09-11 12:50:26,249 [INFO] IPUIPlugin:74 - create IPUIPlugin
2024-09-11 12:50:26,249 [INFO] IPUIPlugin:74 - create IPUIPlugin
2024-09-11 12:50:26,249 [INFO] IPUIPlugin:74 - create IPUIPlugin
2024-09-11 12:50:26,249 [INFO] IPUIPlugin:74 - create IPUIPlugin
2024-09-11 12:50:26,249 [INFO] IPUIPlugin:74 - create IPUIPlugin
2024-09-11 12:50:26,249 [INFO] IPUIPlugin:74 - create IPUIPlugin
2024-09-11 12:50:26,250 [INFO] IPUIPlugin:74 - create IPUIPlugin
2024-09-11 12:50:26,250 [INFO] IPUIPlugin:74 - create IPUIPlugin
2024-09-11 12:50:26,250 [INFO] IPUIPlugin:74 - create IPUIPlugin
2024-09-11 12:50:26,250 [INFO] IPUIPlugin:74 - create IPUIPlugin
2024-09-11 12:50:26,250 [INFO] IPUIPlugin:74 - create IPUIPlugin
2024-09-11 12:50:26,251 [INFO] IPUIPlugin:74 - create IPUIPlugin
2024-09-11 12:50:26,251 [INFO] IPUIPlugin:74 - create IPUIPlugin
2024-09-11 12:50:26,251 [INFO] IPUIPlugin:74 - create IPUIPlugin
2024-09-11 12:50:26,252 [INFO] IPUIPlugin:74 - create IPUIPlugin
2024-09-11 12:50:26,252 [INFO] IPUIPlugin:74 - create IPUIPlugin
2024-09-11 12:50:26,252 [INFO] IPUIPlugin:74 - create IPUIPlugin
2024-09-11 12:50:26,253 [INFO] IPUIPlugin:74 - create IPUIPlugin
2024-09-11 12:50:26,254 [INFO] IPUIPlugin:74 - create IPUIPlugin
2024-09-11 12:50:26,431 [INFO] OpenFileManager:333 - Restore cursor
2024-09-12 13:11:10,727 [INFO] Activator:177 - 


2024-09-12 13:11:10,730 [INFO] Activator:178 - !SESSION log4j initialized
2024-09-12 13:11:49,210 [INFO] McuFinderGlobals:39 - Set McuFinder mode to 2 (CubeIDE integrated)
2024-09-12 13:11:49,675 [INFO] ApplicationProperties:181 - Using Application install path: C:\ST\STM32CubeIDE_1.7.0\STM32CubeIDE\plugins\com.st.stm32cube.common.mx_6.3.0.202107141111
2024-09-12 13:11:49,693 [INFO] DbMcusXml:74 - Set database path to: C:\ST\STM32CubeIDE_1.7.0\STM32CubeIDE\plugins\com.st.stm32cube.common.mx_6.3.0.202107141111\\db\/mcu/
2024-09-12 13:11:49,701 [INFO] DbBoardsPdsc:56 - Set plugin database path to: C:\ST\STM32CubeIDE_1.7.0\STM32CubeIDE\plugins\com.st.stm32cube.common.mx_6.3.0.202107141111\\db\/plugins/boardmanager/
2024-09-12 13:11:49,702 [INFO] DbMcus:258 - Set plugin images path to: C:\ST\STM32CubeIDE_1.7.0\STM32CubeIDE\plugins\com.st.stm32cube.common.mx_6.3.0.202107141111\\db\/plugins/mcufinder/images/
2024-09-12 13:11:49,703 [INFO] DbBoards:264 - Set plugin images path to: C:\ST\STM32CubeIDE_1.7.0\STM32CubeIDE\plugins\com.st.stm32cube.common.mx_6.3.0.202107141111\\db\/plugins/mcufinder/images/
2024-09-12 13:11:49,706 [INFO] DbExamples:333 - Set plugin images path to: C:\ST\STM32CubeIDE_1.7.0\STM32CubeIDE\plugins\com.st.stm32cube.common.mx_6.3.0.202107141111\\db\/plugins/mcufinder/images/
2024-09-12 13:11:49,718 [INFO] DbMcusAds:119 - Set database path to: C:\Users\Azuki\.stmcufinder\plugins\mcufinder//mcu/
2024-09-12 13:11:49,720 [INFO] DbMcusDocs:110 - Set database path to: C:\Users\Azuki\.stmcufinder\plugins\mcufinder//mcu/
2024-09-12 13:11:49,722 [INFO] DbMcusJson:64 - Set database path to: C:\Users\Azuki\.stmcufinder\plugins\mcufinder//mcu/
2024-09-12 13:11:49,723 [INFO] DbBoardsDocs:110 - Set database path to: C:\Users\Azuki\.stmcufinder\plugins\mcufinder//mcu/
2024-09-12 13:11:49,724 [INFO] DbBoardsJson:57 - Set database path to: C:\Users\Azuki\.stmcufinder\plugins\mcufinder//mcu/
2024-09-12 13:11:50,465 [INFO] CrossReferenceDbSqlite:196 - Set database path to: C:\Users\Azuki\.stmcufinder\plugins\mcufinder//mcu/cs/
2024-09-12 13:11:50,475 [INFO] DbExamplesSqlite:767 - Set database path to: C:\Users\Azuki\.stmcufinder\plugins\mcufinder//mcu/
2024-09-12 13:11:50,665 [INFO] RulesReader:57 - Compatibility file has been processed (242 Rules)
2024-09-12 13:11:50,807 [INFO] DbMcusXml:74 - Set database path to: C:\ST\STM32CubeIDE_1.7.0\STM32CubeIDE\plugins\com.st.stm32cube.common.mx_6.3.0.202107141111\\db\/mcu/
2024-09-12 13:11:50,810 [INFO] DbBoardsPdsc:56 - Set plugin database path to: C:\ST\STM32CubeIDE_1.7.0\STM32CubeIDE\plugins\com.st.stm32cube.common.mx_6.3.0.202107141111\\db\/plugins/boardmanager/
2024-09-12 13:11:50,810 [INFO] DbMcus:258 - Set plugin images path to: C:\ST\STM32CubeIDE_1.7.0\STM32CubeIDE\plugins\com.st.stm32cube.common.mx_6.3.0.202107141111\\db\/plugins/mcufinder/images/
2024-09-12 13:11:50,810 [INFO] DbBoards:264 - Set plugin images path to: C:\ST\STM32CubeIDE_1.7.0\STM32CubeIDE\plugins\com.st.stm32cube.common.mx_6.3.0.202107141111\\db\/plugins/mcufinder/images/
2024-09-12 13:11:50,811 [INFO] DbExamples:333 - Set plugin images path to: C:\ST\STM32CubeIDE_1.7.0\STM32CubeIDE\plugins\com.st.stm32cube.common.mx_6.3.0.202107141111\\db\/plugins/mcufinder/images/
2024-09-12 13:11:50,811 [WARN] DbFile:35 - Overriding database path with different value: C:\Users\Azuki\.stmcufinder\plugins\mcufinder/ => C:\Users\Azuki\.stmcufinder\plugins\mcufinder
2024-09-12 13:11:50,811 [INFO] DbMcusAds:119 - Set database path to: C:\Users\Azuki\.stmcufinder\plugins\mcufinder//mcu/
2024-09-12 13:11:50,811 [WARN] DbFile:35 - Overriding database path with different value: C:\Users\Azuki\.stmcufinder\plugins\mcufinder/ => C:\Users\Azuki\.stmcufinder\plugins\mcufinder
2024-09-12 13:11:50,812 [INFO] DbMcusDocs:110 - Set database path to: C:\Users\Azuki\.stmcufinder\plugins\mcufinder//mcu/
2024-09-12 13:11:50,812 [WARN] DbFile:35 - Overriding database path with different value: C:\Users\Azuki\.stmcufinder\plugins\mcufinder/ => C:\Users\Azuki\.stmcufinder\plugins\mcufinder
2024-09-12 13:11:50,812 [INFO] DbMcusJson:64 - Set database path to: C:\Users\Azuki\.stmcufinder\plugins\mcufinder//mcu/
2024-09-12 13:11:50,812 [WARN] DbFile:35 - Overriding database path with different value: C:\Users\Azuki\.stmcufinder\plugins\mcufinder/ => C:\Users\Azuki\.stmcufinder\plugins\mcufinder
2024-09-12 13:11:50,812 [INFO] DbBoardsDocs:110 - Set database path to: C:\Users\Azuki\.stmcufinder\plugins\mcufinder//mcu/
2024-09-12 13:11:50,812 [WARN] DbFile:35 - Overriding database path with different value: C:\Users\Azuki\.stmcufinder\plugins\mcufinder/ => C:\Users\Azuki\.stmcufinder\plugins\mcufinder
2024-09-12 13:11:50,812 [INFO] DbBoardsJson:57 - Set database path to: C:\Users\Azuki\.stmcufinder\plugins\mcufinder//mcu/
2024-09-12 13:11:50,812 [WARN] DbFile:35 - Overriding database path with different value: C:\Users\Azuki\.stmcufinder\plugins\mcufinder/ => C:\Users\Azuki\.stmcufinder\plugins\mcufinder
2024-09-12 13:11:50,812 [WARN] DbFile:35 - Overriding database path with different value: C:\Users\Azuki\.stmcufinder\plugins\mcufinder/ => C:\Users\Azuki\.stmcufinder\plugins\mcufinder
2024-09-12 13:11:51,465 [INFO] CrossReferenceDbSqlite:196 - Set database path to: C:\Users\Azuki\.stmcufinder\plugins\mcufinder//mcu/cs/
2024-09-12 13:11:51,465 [WARN] DbFile:35 - Overriding database path with different value: C:\Users\Azuki\.stmcufinder\plugins\mcufinder/ => C:\Users\Azuki\.stmcufinder\plugins\mcufinder
2024-09-12 13:11:51,466 [INFO] DbExamplesSqlite:767 - Set database path to: C:\Users\Azuki\.stmcufinder\plugins\mcufinder//mcu/
2024-09-12 13:11:51,545 [INFO] MainPanel:214 - HeapMemory: 268435456
2024-09-12 13:11:51,662 [INFO] DbMcusXml:74 - Set database path to: C:\ST\STM32CubeIDE_1.7.0\STM32CubeIDE\plugins\com.st.stm32cube.common.mx_6.3.0.202107141111\\db\/mcu/
2024-09-12 13:11:51,662 [INFO] DbBoardsPdsc:56 - Set plugin database path to: C:\ST\STM32CubeIDE_1.7.0\STM32CubeIDE\plugins\com.st.stm32cube.common.mx_6.3.0.202107141111\\db\/plugins/boardmanager/
2024-09-12 13:11:51,662 [INFO] DbMcus:258 - Set plugin images path to: C:\ST\STM32CubeIDE_1.7.0\STM32CubeIDE\plugins\com.st.stm32cube.common.mx_6.3.0.202107141111\\db\/plugins/mcufinder/images/
2024-09-12 13:11:51,662 [INFO] DbBoards:264 - Set plugin images path to: C:\ST\STM32CubeIDE_1.7.0\STM32CubeIDE\plugins\com.st.stm32cube.common.mx_6.3.0.202107141111\\db\/plugins/mcufinder/images/
2024-09-12 13:11:51,662 [INFO] DbExamples:333 - Set plugin images path to: C:\ST\STM32CubeIDE_1.7.0\STM32CubeIDE\plugins\com.st.stm32cube.common.mx_6.3.0.202107141111\\db\/plugins/mcufinder/images/
2024-09-12 13:11:51,663 [WARN] DbFile:35 - Overriding database path with different value: C:\Users\Azuki\.stmcufinder\plugins\mcufinder/ => C:\Users\Azuki\.stmcufinder\plugins\mcufinder
2024-09-12 13:11:51,663 [INFO] DbMcusAds:119 - Set database path to: C:\Users\Azuki\.stmcufinder\plugins\mcufinder//mcu/
2024-09-12 13:11:51,663 [WARN] DbFile:35 - Overriding database path with different value: C:\Users\Azuki\.stmcufinder\plugins\mcufinder/ => C:\Users\Azuki\.stmcufinder\plugins\mcufinder
2024-09-12 13:11:51,663 [INFO] DbMcusDocs:110 - Set database path to: C:\Users\Azuki\.stmcufinder\plugins\mcufinder//mcu/
2024-09-12 13:11:51,663 [WARN] DbFile:35 - Overriding database path with different value: C:\Users\Azuki\.stmcufinder\plugins\mcufinder/ => C:\Users\Azuki\.stmcufinder\plugins\mcufinder
2024-09-12 13:11:51,664 [INFO] DbMcusJson:64 - Set database path to: C:\Users\Azuki\.stmcufinder\plugins\mcufinder//mcu/
2024-09-12 13:11:51,664 [WARN] DbFile:35 - Overriding database path with different value: C:\Users\Azuki\.stmcufinder\plugins\mcufinder/ => C:\Users\Azuki\.stmcufinder\plugins\mcufinder
2024-09-12 13:11:51,664 [INFO] DbBoardsDocs:110 - Set database path to: C:\Users\Azuki\.stmcufinder\plugins\mcufinder//mcu/
2024-09-12 13:11:51,664 [WARN] DbFile:35 - Overriding database path with different value: C:\Users\Azuki\.stmcufinder\plugins\mcufinder/ => C:\Users\Azuki\.stmcufinder\plugins\mcufinder
2024-09-12 13:11:51,664 [INFO] DbBoardsJson:57 - Set database path to: C:\Users\Azuki\.stmcufinder\plugins\mcufinder//mcu/
2024-09-12 13:11:51,664 [WARN] DbFile:35 - Overriding database path with different value: C:\Users\Azuki\.stmcufinder\plugins\mcufinder/ => C:\Users\Azuki\.stmcufinder\plugins\mcufinder
2024-09-12 13:11:51,664 [WARN] DbFile:35 - Overriding database path with different value: C:\Users\Azuki\.stmcufinder\plugins\mcufinder/ => C:\Users\Azuki\.stmcufinder\plugins\mcufinder
2024-09-12 13:11:52,474 [INFO] CrossReferenceDbSqlite:196 - Set database path to: C:\Users\Azuki\.stmcufinder\plugins\mcufinder//mcu/cs/
2024-09-12 13:11:52,474 [WARN] DbFile:35 - Overriding database path with different value: C:\Users\Azuki\.stmcufinder\plugins\mcufinder/ => C:\Users\Azuki\.stmcufinder\plugins\mcufinder
2024-09-12 13:11:52,474 [INFO] DbExamplesSqlite:767 - Set database path to: C:\Users\Azuki\.stmcufinder\plugins\mcufinder//mcu/
2024-09-12 13:11:52,500 [INFO] ApplicationProperties:181 - Using Application install path: C:\ST\STM32CubeIDE_1.7.0\STM32CubeIDE\plugins\com.st.stm32cube.common.mx_6.3.0.202107141111
2024-09-12 13:11:52,501 [INFO] PluginManage:188 - Search for loadable plugins [exclusion list=, ]
2024-09-12 13:11:52,503 [INFO] PluginManage:302 - Check plugin analytics
2024-09-12 13:11:58,128 [INFO] AnalyticsPlugin:257 - Accepted Software Licenses: 
2024-09-12 13:11:58,130 [INFO] AnalyticsPlugin:259 - Accepted CMSIS Pack Licenses: 
2024-09-12 13:11:58,131 [INFO] AnalyticsPlugin:261 - Accepted Firmware Licenses: 
2024-09-12 13:11:58,131 [INFO] PluginManage:352 - Loaded plugin analytics (category:tool,tabindex:-1)
2024-09-12 13:11:58,132 [INFO] PluginManage:302 - Check plugin clock
2024-09-12 13:11:58,198 [INFO] PluginManage:352 - Loaded plugin clock (category:base,tabindex:2)
2024-09-12 13:11:58,199 [INFO] PluginManage:302 - Check plugin ddr
2024-09-12 13:11:58,224 [INFO] PluginManage:352 - Loaded plugin ddr (category:tool,tabindex:6)
2024-09-12 13:11:58,225 [INFO] PluginManage:302 - Check plugin filemanager
2024-09-12 13:11:58,644 [INFO] PluginManage:352 - Loaded plugin filemanager (category:base,tabindex:10)
2024-09-12 13:11:58,645 [INFO] PluginManage:302 - Check plugin ipmanager
2024-09-12 13:11:58,668 [INFO] PluginManage:352 - Loaded plugin ipmanager (category:base,tabindex:5)
2024-09-12 13:11:58,669 [INFO] PluginManage:302 - Check plugin pinoutandconfiguration
2024-09-12 13:11:58,714 [INFO] PluginManage:352 - Loaded plugin pinoutandconfiguration (category:base,tabindex:1)
2024-09-12 13:11:58,714 [INFO] PluginManage:302 - Check plugin pinoutconfig
2024-09-12 13:11:58,796 [INFO] PluginManage:352 - Loaded plugin pinoutconfig (category:base,tabindex:0)
2024-09-12 13:11:58,796 [INFO] PluginManage:302 - Check plugin power
2024-09-12 13:11:58,830 [INFO] PluginManage:352 - Loaded plugin power (category:power,tabindex:4)
2024-09-12 13:11:58,830 [INFO] PluginManage:302 - Check plugin projectmanager
2024-09-12 13:11:58,909 [INFO] PluginManage:352 - Loaded plugin projectmanager (category:projectmanager,tabindex:3)
2024-09-12 13:11:58,912 [INFO] PluginManage:302 - Check plugin thirdparty
2024-09-12 13:11:59,654 [WARN] IntegrityCheckThread:78 - waiting for thirdparty lock release [integrity check]
2024-09-12 13:11:59,657 [INFO] PluginManage:352 - Loaded plugin thirdparty (category:base,tabindex:-1)
2024-09-12 13:11:59,657 [INFO] IntegrityCheckThread:80 - entering critical section [integrity check]
2024-09-12 13:11:59,657 [INFO] PluginManage:302 - Check plugin tools
2024-09-12 13:11:59,658 [INFO] ThirdPartyUpdaterWithRetryManager:66 - Updater plugin not ready yet. [1/15]
2024-09-12 13:11:59,835 [INFO] PluginManage:352 - Loaded plugin tools (category:base,tabindex:7)
2024-09-12 13:11:59,836 [INFO] PluginManage:302 - Check plugin tutovideos
2024-09-12 13:12:00,170 [INFO] PluginManage:352 - Loaded plugin tutovideos (category:base,tabindex:-1)
2024-09-12 13:12:00,170 [INFO] PluginManage:302 - Check plugin updater
2024-09-12 13:12:00,202 [INFO] PluginManage:352 - Loaded plugin updater (category:base,tabindex:12)
2024-09-12 13:12:00,203 [INFO] PluginManage:275 - PluginManage : Loaded plugins [13]
2024-09-12 13:12:00,444 [INFO] PinOutPanel:1463 - setPackage(No Configuration,No Configuration)
2024-09-12 13:12:00,603 [INFO] IPUIPlugin:74 - create IPUIPlugin
2024-09-12 13:12:00,604 [INFO] PluginManager:213 - loadIPPluginJar : add adc
2024-09-12 13:12:00,675 [INFO] IPUIPlugin:74 - create IPUIPlugin
2024-09-12 13:12:00,675 [INFO] PluginManager:213 - loadIPPluginJar : add aes
2024-09-12 13:12:00,743 [INFO] IPUIPlugin:74 - create IPUIPlugin
2024-09-12 13:12:00,743 [INFO] PluginManager:213 - loadIPPluginJar : add can
2024-09-12 13:12:00,787 [INFO] IPUIPlugin:74 - create IPUIPlugin
2024-09-12 13:12:00,787 [INFO] PluginManager:213 - loadIPPluginJar : add comp
2024-09-12 13:12:00,849 [INFO] IPUIPlugin:74 - create IPUIPlugin
2024-09-12 13:12:00,849 [INFO] PluginManager:213 - loadIPPluginJar : add cryp
2024-09-12 13:12:00,930 [INFO] IPUIPlugin:74 - create IPUIPlugin
2024-09-12 13:12:00,930 [INFO] PluginManager:213 - loadIPPluginJar : add dfsdm
2024-09-12 13:12:00,956 [INFO] IPUIPlugin:74 - create IPUIPlugin
2024-09-12 13:12:00,958 [INFO] PluginManager:213 - loadIPPluginJar : add dma
2024-09-12 13:12:01,049 [INFO] IPUIPlugin:74 - create IPUIPlugin
2024-09-12 13:12:01,049 [INFO] PluginManager:213 - loadIPPluginJar : add dma3
2024-09-12 13:12:01,120 [INFO] IPUIPlugin:74 - create IPUIPlugin
2024-09-12 13:12:01,121 [INFO] PluginManager:213 - loadIPPluginJar : add fatfs
2024-09-12 13:12:01,284 [INFO] IPUIPlugin:74 - create IPUIPlugin
2024-09-12 13:12:01,285 [INFO] PluginManager:213 - loadIPPluginJar : add fmc
2024-09-12 13:12:01,329 [INFO] IPUIPlugin:74 - create IPUIPlugin
2024-09-12 13:12:01,331 [INFO] PluginManager:213 - loadIPPluginJar : add freertos
2024-09-12 13:12:01,407 [INFO] IPUIPlugin:74 - create IPUIPlugin
2024-09-12 13:12:01,407 [INFO] PluginManager:213 - loadIPPluginJar : add genericplugin
2024-09-12 13:12:01,581 [INFO] IPUIPlugin:74 - create IPUIPlugin
2024-09-12 13:12:01,581 [INFO] PluginManager:213 - loadIPPluginJar : add gfxmmu
2024-09-12 13:12:01,807 [INFO] IPUIPlugin:74 - create IPUIPlugin
2024-09-12 13:12:01,807 [INFO] PluginManager:213 - loadIPPluginJar : add gic
2024-09-12 13:12:01,826 [INFO] IPUIPlugin:74 - create IPUIPlugin
2024-09-12 13:12:01,826 [INFO] PluginManager:213 - loadIPPluginJar : add gpio
2024-09-12 13:12:01,938 [INFO] IPUIPlugin:74 - create IPUIPlugin
2024-09-12 13:12:01,938 [INFO] PluginManager:213 - loadIPPluginJar : add gtzc
2024-09-12 13:12:02,027 [INFO] IPUIPlugin:74 - create IPUIPlugin
2024-09-12 13:12:02,028 [INFO] PluginManager:213 - loadIPPluginJar : add hash
2024-09-12 13:12:02,178 [INFO] IPUIPlugin:74 - create IPUIPlugin
2024-09-12 13:12:02,179 [INFO] PluginManager:213 - loadIPPluginJar : add i2c
2024-09-12 13:12:02,250 [INFO] IPUIPlugin:74 - create IPUIPlugin
2024-09-12 13:12:02,250 [INFO] PluginManager:213 - loadIPPluginJar : add i2s
2024-09-12 13:12:02,266 [INFO] IPUIPlugin:74 - create IPUIPlugin
2024-09-12 13:12:02,267 [INFO] PluginManager:213 - loadIPPluginJar : add ipddr
2024-09-12 13:12:02,412 [INFO] IPUIPlugin:74 - create IPUIPlugin
2024-09-12 13:12:02,414 [INFO] PluginManager:213 - loadIPPluginJar : add linkedlist
2024-09-12 13:12:02,530 [INFO] IPUIPlugin:74 - create IPUIPlugin
2024-09-12 13:12:02,531 [INFO] PluginManager:213 - loadIPPluginJar : add lorawan
2024-09-12 13:12:02,644 [INFO] IPUIPlugin:74 - create IPUIPlugin
2024-09-12 13:12:02,644 [INFO] PluginManager:213 - loadIPPluginJar : add ltdc
2024-09-12 13:12:02,661 [INFO] ThirdPartyUpdaterWithRetryManager:66 - Updater plugin not ready yet. [2/15]
2024-09-12 13:12:02,667 [INFO] IPUIPlugin:74 - create IPUIPlugin
2024-09-12 13:12:02,668 [INFO] PluginManager:213 - loadIPPluginJar : add mdma
2024-09-12 13:12:02,692 [INFO] IPUIPlugin:74 - create IPUIPlugin
2024-09-12 13:12:02,693 [INFO] PluginManager:213 - loadIPPluginJar : add nvic
2024-09-12 13:12:02,792 [INFO] IPUIPlugin:74 - create IPUIPlugin
2024-09-12 13:12:02,792 [INFO] PluginManager:213 - loadIPPluginJar : add opamp
2024-09-12 13:12:03,002 [INFO] IPUIPlugin:74 - create IPUIPlugin
2024-09-12 13:12:03,004 [INFO] PluginManager:213 - loadIPPluginJar : add openamp
2024-09-12 13:12:03,151 [INFO] IPUIPlugin:74 - create IPUIPlugin
2024-09-12 13:12:03,151 [INFO] PluginManager:213 - loadIPPluginJar : add pdm2pcm
2024-09-12 13:12:03,179 [INFO] IPUIPlugin:74 - create IPUIPlugin
2024-09-12 13:12:03,182 [INFO] PluginManager:213 - loadIPPluginJar : add plateformsettings
2024-09-12 13:12:03,242 [INFO] IPUIPlugin:74 - create IPUIPlugin
2024-09-12 13:12:03,242 [INFO] PluginManager:213 - loadIPPluginJar : add quadspi
2024-09-12 13:12:03,267 [INFO] IPUIPlugin:74 - create IPUIPlugin
2024-09-12 13:12:03,268 [INFO] PluginManager:213 - loadIPPluginJar : add resmgrutility
2024-09-12 13:12:03,393 [INFO] IPUIPlugin:74 - create IPUIPlugin
2024-09-12 13:12:03,394 [INFO] PluginManager:213 - loadIPPluginJar : add sai
2024-09-12 13:12:03,521 [INFO] IPUIPlugin:74 - create IPUIPlugin
2024-09-12 13:12:03,521 [INFO] PluginManager:213 - loadIPPluginJar : add spi
2024-09-12 13:12:03,683 [INFO] IPUIPlugin:74 - create IPUIPlugin
2024-09-12 13:12:03,684 [INFO] PluginManager:213 - loadIPPluginJar : add stm32_wpan
2024-09-12 13:12:03,760 [INFO] IPUIPlugin:74 - create IPUIPlugin
2024-09-12 13:12:03,761 [INFO] PluginManager:213 - loadIPPluginJar : add tim
2024-09-12 13:12:03,868 [INFO] IPUIPlugin:74 - create IPUIPlugin
2024-09-12 13:12:03,869 [INFO] PluginManager:213 - loadIPPluginJar : add touchsensing
2024-09-12 13:12:03,940 [INFO] IPUIPlugin:74 - create IPUIPlugin
2024-09-12 13:12:03,941 [INFO] PluginManager:213 - loadIPPluginJar : add tracer_emb
2024-09-12 13:12:04,045 [INFO] IPUIPlugin:74 - create IPUIPlugin
2024-09-12 13:12:04,046 [INFO] PluginManager:213 - loadIPPluginJar : add ts
2024-09-12 13:12:04,132 [INFO] IPUIPlugin:74 - create IPUIPlugin
2024-09-12 13:12:04,132 [INFO] PluginManager:213 - loadIPPluginJar : add tsc
2024-09-12 13:12:04,186 [INFO] IPUIPlugin:74 - create IPUIPlugin
2024-09-12 13:12:04,186 [INFO] PluginManager:213 - loadIPPluginJar : add ucpd
2024-09-12 13:12:04,264 [INFO] IPUIPlugin:74 - create IPUIPlugin
2024-09-12 13:12:04,264 [INFO] PluginManager:213 - loadIPPluginJar : add usart
2024-09-12 13:12:04,332 [INFO] IPUIPlugin:74 - create IPUIPlugin
2024-09-12 13:12:04,332 [INFO] PluginManager:213 - loadIPPluginJar : add usbx
2024-09-12 13:12:04,745 [FATAL] Updater:294 - Updater called before beeing initialized
2024-09-12 13:12:04,938 [FATAL] Updater:294 - Updater called before beeing initialized
2024-09-12 13:12:04,957 [INFO] DbMcusAds:47 - JSON generation date=Thu May 16 16:22:00 ICT 2024 (1715851320667)
2024-09-12 13:12:04,958 [FATAL] Updater:294 - Updater called before beeing initialized
2024-09-12 13:12:05,014 [WARN] DetailPanel:314 - Failed to get advertising image, set to default
2024-09-12 13:12:05,123 [FATAL] Updater:294 - Updater called before beeing initialized
2024-09-12 13:12:05,128 [FATAL] Updater:294 - Updater called before beeing initialized
2024-09-12 13:12:05,128 [FATAL] Updater:294 - Updater called before beeing initialized
2024-09-12 13:12:05,129 [WARN] DetailPanel:314 - Failed to get advertising image, set to default
2024-09-12 13:12:05,132 [FATAL] Updater:294 - Updater called before beeing initialized
2024-09-12 13:12:05,257 [ERROR] Updater:1075 - MainUpdater not yet initialized. External WinMGr cannot be set.
2024-09-12 13:12:05,276 [INFO] Updater:1012 - Updater Version found : 6.3.0
2024-09-12 13:12:05,300 [INFO] ApplicationProperties:181 - Using Application install path: C:\ST\STM32CubeIDE_1.7.0\STM32CubeIDE\plugins\com.st.stm32cube.common.mx_6.3.0.202107141111
2024-09-12 13:12:05,517 [INFO] MainUpdater:2671 - connection check result : 10
2024-09-12 13:12:05,519 [INFO] MainUpdater:265 - Updater Check For Update Now.
2024-09-12 13:12:05,519 [INFO] MicroXplorer:478 - Change Database Version : DB.6.0.30
2024-09-12 13:12:05,669 [WARN] MainUpdater:1122 - Updater busy. Cannot search thirdparties
2024-09-12 13:12:05,669 [INFO] ThirdPartyUpdaterWithRetryManager:92 - Updater plugin is busy. [1/15]
2024-09-12 13:12:05,782 [INFO] CheckServerUpdateThread:112 - End of CheckServer Thread
2024-09-12 13:12:05,791 [INFO] MainUpdater:2671 - connection check result : 10
2024-09-12 13:12:05,814 [INFO] MainUpdater:2671 - connection check result : 10
2024-09-12 13:12:06,455 [INFO] MicroXplorer:448 - Change Database Path : 
2024-09-12 13:12:06,455 [INFO] MicroXplorer:478 - Change Database Version : DB.6.0.30
2024-09-12 13:12:06,456 [WARN] ThirdParty:813 - waiting for thirdparty lock release [close project]
2024-09-12 13:12:08,828 [ERROR] Engine:463 - C:\Users\Azuki\.stm32cubemx\thirdparties\pdsc\STMicroelectronics.FP-SNS-MOTENVWB1.1.4.0.pdsc: PDSC version is not supported
2024-09-12 13:12:08,843 [ERROR] Engine:463 - C:\Users\Azuki\.stm32cubemx\thirdparties\pdsc\STMicroelectronics.X-CUBE-SMBUS.2.1.0.pdsc: PDSC version is not supported
2024-09-12 13:12:08,909 [WARN] PackLoader:238 - Cannot read IP mode file for STMicroelectronics.X-CUBE-AZRTOS-F7.1.1.0
2024-09-12 13:12:08,999 [WARN] PackLoader:238 - Cannot read IP mode file for STMicroelectronics.X-CUBE-MEMS1.11.0.0
2024-09-12 13:12:09,332 [ERROR] Engine:463 - C:\Users\Azuki\.stm32cubemx\thirdparties\pdsc\STMicroelectronics.FP-SNS-FLIGHT1.5.0.2.pdsc: PDSC version is not supported
2024-09-12 13:12:09,394 [ERROR] Engine:463 - C:\Users\Azuki\.stm32cubemx\thirdparties\pdsc\STMicroelectronics.X-CUBE-DISPLAY.3.0.0.pdsc: PDSC version is not supported
2024-09-12 13:12:09,435 [WARN] PackLoader:238 - Cannot read IP mode file for STMicroelectronics.X-CUBE-BLE1.7.0.0
2024-09-12 13:12:09,457 [ERROR] Engine:463 - C:\Users\Azuki\.stm32cubemx\thirdparties\pdsc\emotas.I-CUBE-CANOPEN.1.3.0.pdsc: PDSC version is not supported
2024-09-12 13:12:09,481 [ERROR] Engine:463 - C:\Users\Azuki\.stm32cubemx\thirdparties\pdsc\STMicroelectronics.X-CUBE-BLEMGR.3.1.0.pdsc: PDSC version is not supported
2024-09-12 13:12:09,508 [ERROR] Engine:463 - C:\Users\Azuki\.stm32cubemx\thirdparties\pdsc\STMicroelectronics.FP-SNS-SMARTAG2.1.2.0.pdsc: PDSC version is not supported
2024-09-12 13:12:09,563 [INFO] LogOutputStream:76 - [STDOUT_REDIRECT] 1 : Invalid condition id : UX_CORESTACK_Condition cause : null
2024-09-12 13:12:09,563 [INFO] LogOutputStream:76 - [STDOUT_REDIRECT] 1 : Invalid condition id : UX_CORESTACK_Condition cause : null
2024-09-12 13:12:09,565 [INFO] LogOutputStream:76 - [STDOUT_REDIRECT] 1 : Invalid condition id : UX_CORESTACK_Condition cause : null
2024-09-12 13:12:09,566 [INFO] LogOutputStream:76 - [STDOUT_REDIRECT] 1 : Invalid condition id : UX_CORESTACK_Condition cause : null
2024-09-12 13:12:09,567 [INFO] LogOutputStream:76 - [STDOUT_REDIRECT] 1 : Invalid condition id : UX_CORESTACK_Condition cause : null
2024-09-12 13:12:09,571 [WARN] PackLoader:238 - Cannot read IP mode file for STMicroelectronics.X-CUBE-AZRTOS-WL.2.0.0
2024-09-12 13:12:09,590 [ERROR] Engine:463 - C:\Users\Azuki\.stm32cubemx\thirdparties\pdsc\STMicroelectronics.FP-SNS-MOTENV1.5.0.0.pdsc: PDSC version is not supported
2024-09-12 13:12:09,615 [WARN] PackLoader:238 - Cannot read IP mode file for wolfSSL.I-CUBE-wolfMQTT.1.19.0
2024-09-12 13:12:09,645 [WARN] PackLoader:238 - Cannot read IP mode file for WES.I-CUBE-Cesium.1.3.0
2024-09-12 13:12:09,674 [WARN] PackLoader:238 - Cannot read IP mode file for STMicroelectronics.X-CUBE-BLE2.3.3.0
2024-09-12 13:12:09,702 [ERROR] Engine:463 - C:\Users\Azuki\.stm32cubemx\thirdparties\pdsc\STMicroelectronics.X-CUBE-TCPP.4.1.0.pdsc: PDSC version is not supported
2024-09-12 13:12:09,752 [WARN] PackLoader:238 - Cannot read IP mode file for STMicroelectronics.X-CUBE-AZRTOS-G0.1.1.0
2024-09-12 13:12:09,787 [WARN] PackLoader:238 - Cannot read IP mode file for STMicroelectronics.X-CUBE-SAFEA1.1.2.2
2024-09-12 13:12:09,809 [WARN] PackLoader:238 - Cannot read IP mode file for STMicroelectronics.X-CUBE-NFC4.3.0.0
2024-09-12 13:12:09,826 [ERROR] Engine:463 - C:\Users\Azuki\.stm32cubemx\thirdparties\pdsc\EmbeddedOffice.I-CUBE-FS-RTOS.1.0.1.pdsc: PDSC version is not supported
2024-09-12 13:12:09,838 [ERROR] Engine:463 - C:\Users\Azuki\.stm32cubemx\thirdparties\pdsc\RealThread.X-CUBE-RT-Thread_Nano.4.1.1.pdsc: PDSC version is not supported
2024-09-12 13:12:09,853 [WARN] PackLoader:238 - Cannot read IP mode file for STMicroelectronics.FP-ATR-SIGFOX1.3.2.0
2024-09-12 13:12:09,869 [WARN] PackLoader:238 - Cannot read IP mode file for wolfSSL.I-CUBE-wolfSSL.5.7.2
2024-09-12 13:12:09,895 [WARN] PackLoader:238 - Cannot read IP mode file for STMicroelectronics.X-CUBE-EEPRMA1.5.1.0
2024-09-12 13:12:09,921 [ERROR] Engine:463 - C:\Users\Azuki\.stm32cubemx\thirdparties\pdsc\ITTIA_DB.I-CUBE-ITTIADB.8.9.0.pdsc: PDSC version is not supported
2024-09-12 13:12:09,969 [WARN] PackLoader:238 - Cannot read IP mode file for SEGGER.I-CUBE-embOS.1.3.1
2024-09-12 13:12:10,081 [WARN] PackLoader:238 - Cannot read IP mode file for STMicroelectronics.X-CUBE-ALGOBUILD.1.4.0
2024-09-12 13:12:10,260 [WARN] PackLoader:238 - Cannot read IP mode file for STMicroelectronics.X-CUBE-GNSS1.6.0.0
2024-09-12 13:12:10,313 [WARN] PackLoader:238 - Cannot read IP mode file for STMicroelectronics.X-CUBE-AZRTOS-F4.1.1.0
2024-09-12 13:12:10,350 [ERROR] Engine:463 - C:\Users\Azuki\.stm32cubemx\thirdparties\pdsc\STMicroelectronics.X-CUBE-FREERTOS.1.2.0.pdsc: PDSC version is not supported
2024-09-12 13:12:10,389 [WARN] PackLoader:238 - Cannot read IP mode file for STMicroelectronics.X-CUBE-AZRTOS-L5.2.0.0
2024-09-12 13:12:10,407 [WARN] PackLoader:238 - Cannot read IP mode file for STMicroelectronics.X-CUBE-NFC6.3.1.0
2024-09-12 13:12:10,427 [ERROR] Engine:463 - C:\Users\Azuki\.stm32cubemx\thirdparties\pdsc\STMicroelectronics.X-CUBE-DPower.1.2.0.pdsc: PDSC version is not supported
2024-09-12 13:12:10,442 [WARN] PackLoader:238 - Cannot read IP mode file for STMicroelectronics.X-CUBE-AI.9.0.0
2024-09-12 13:12:10,461 [WARN] PackLoader:238 - Cannot read IP mode file for STMicroelectronics.X-CUBE-NFC7.1.0.1
2024-09-12 13:12:10,509 [WARN] ConditionMgr:437 - getConditionDescription Invalid condition id : LAN8742 Phy interface Condition cause : null
2024-09-12 13:12:10,510 [WARN] PackLoader:238 - Cannot read IP mode file for STMicroelectronics.X-CUBE-AZRTOS-L4.2.0.0
2024-09-12 13:12:10,511 [WARN] ConditionMgr:1038 - genDependencies : Invalid condition id : LAN8742 Phy interface Condition cause : null
2024-09-12 13:12:10,512 [WARN] ConditionMgr:1038 - genDependencies : Invalid condition id : LAN8742 Phy interface Condition cause : null
2024-09-12 13:12:10,513 [WARN] ConditionMgr:1038 - genDependencies : Invalid condition id : LAN8742 Phy interface Condition cause : null
2024-09-12 13:12:10,540 [WARN] PackLoader:238 - Cannot read IP mode file for STMicroelectronics.X-CUBE-SFXS2LP1.4.0.0
2024-09-12 13:12:10,600 [WARN] PackLoader:238 - Cannot read IP mode file for STMicroelectronics.X-CUBE-AZRTOS-H7.3.3.0
2024-09-12 13:12:10,664 [WARN] ConditionMgr:437 - getConditionDescription Invalid condition id : UX DEVICE CLASS RTOS Condition cause : null
2024-09-12 13:12:10,665 [WARN] ConditionMgr:437 - getConditionDescription Invalid condition id : UX DEVICE CLASS RTOS Condition cause : null
2024-09-12 13:12:10,669 [WARN] PackLoader:238 - Cannot read IP mode file for STMicroelectronics.X-CUBE-AZRTOS-WB.2.0.0
2024-09-12 13:12:10,671 [WARN] ConditionMgr:1038 - genDependencies : Invalid condition id : UX DEVICE CLASS RTOS Condition cause : null
2024-09-12 13:12:10,671 [WARN] ConditionMgr:1038 - genDependencies : Invalid condition id : UX DEVICE CLASS RTOS Condition cause : null
2024-09-12 13:12:10,682 [WARN] ConditionMgr:1038 - genDependencies : Invalid condition id : UX DEVICE CLASS RTOS Condition cause : null
2024-09-12 13:12:10,682 [WARN] ConditionMgr:1038 - genDependencies : Invalid condition id : UX DEVICE CLASS RTOS Condition cause : null
2024-09-12 13:12:10,682 [WARN] ConditionMgr:1038 - genDependencies : Invalid condition id : UX DEVICE CLASS RTOS Condition cause : null
2024-09-12 13:12:10,706 [WARN] PackLoader:238 - Cannot read IP mode file for STMicroelectronics.X-CUBE-GNSS1.7.0.0
2024-09-12 13:12:10,726 [ERROR] Engine:463 - C:\Users\Azuki\.stm32cubemx\thirdparties\pdsc\STMicroelectronics.FP-SNS-STBOX1.2.0.0.pdsc: PDSC version is not supported
2024-09-12 13:12:10,755 [WARN] PackLoader:238 - Cannot read IP mode file for STMicroelectronics.X-CUBE-SUBG2.5.0.0
2024-09-12 13:12:10,777 [ERROR] Engine:463 - C:\Users\Azuki\.stm32cubemx\thirdparties\pdsc\Cesanta.I-CUBE-Mongoose.7.13.0.pdsc: PDSC version is not supported
2024-09-12 13:12:10,823 [WARN] PackLoader:238 - Cannot read IP mode file for STMicroelectronics.X-CUBE-AZRTOS-G4.2.0.0
2024-09-12 13:12:10,846 [WARN] PackLoader:238 - Cannot read IP mode file for STMicroelectronics.X-CUBE-ISPU.2.0.0
2024-09-12 13:12:10,861 [ERROR] Engine:463 - C:\Users\Azuki\.stm32cubemx\thirdparties\pdsc\STMicroelectronics.X-CUBE-ALS.1.0.2.pdsc: PDSC version is not supported
2024-09-12 13:12:10,880 [WARN] PackLoader:238 - Cannot read IP mode file for STMicroelectronics.X-CUBE-TOUCHGFX.4.24.0
2024-09-12 13:12:10,894 [WARN] PackLoader:238 - Cannot read IP mode file for wolfSSL.I-CUBE-wolfTPM.3.4.0
2024-09-12 13:12:10,913 [WARN] PackLoader:238 - Cannot read IP mode file for portGmbH.I-Cube-SoM-uGOAL.1.1.0
2024-09-12 13:12:10,963 [WARN] PackLoader:238 - Cannot read IP mode file for STMicroelectronics.X-CUBE-AZRTOS-H7RS.1.0.0
2024-09-12 13:12:10,987 [WARN] PackLoader:238 - Cannot read IP mode file for STMicroelectronics.FP-ATR-ASTRA1.2.0.0
2024-09-12 13:12:11,008 [ERROR] Engine:463 - C:\Users\Azuki\.stm32cubemx\thirdparties\pdsc\STMicroelectronics.X-CUBE-TOF1.3.4.2.pdsc: PDSC version is not supported
2024-09-12 13:12:11,028 [ERROR] Engine:463 - C:\Users\Azuki\.stm32cubemx\thirdparties\pdsc\Infineon.AIROC-Wi-Fi-Bluetooth-STM32.1.6.1.pdsc: PDSC version is not supported
2024-09-12 13:12:11,043 [WARN] PackLoader:238 - Cannot read IP mode file for wolfSSL.I-CUBE-wolfSSH.1.4.17
2024-09-12 13:12:11,044 [INFO] ThirdParty:915 - Integrity check success = true
2024-09-12 13:12:11,044 [INFO] IntegrityCheckThread:94 - exiting critical section [integrity check]
2024-09-12 13:12:11,044 [INFO] IntegrityCheckThread:97 - End integrity checks thread
2024-09-12 13:12:11,044 [INFO] ThirdParty:815 - entering critical section [close project]
2024-09-12 13:12:11,046 [INFO] ThirdParty:825 - exiting critical section [close project]
2024-09-12 13:12:11,051 [INFO] PinOutPanel:1463 - setPackage(No Configuration,No Configuration)
2024-09-12 13:12:11,053 [INFO] UtilMem:74 - Begin LoadConfig() Used Memory: 285070800 Bytes (434110464)
2024-09-12 13:12:11,054 [INFO] MicroXplorer:448 - Change Database Path : 
2024-09-12 13:12:11,054 [INFO] MicroXplorer:478 - Change Database Version : DB.6.0.30
2024-09-12 13:12:11,054 [INFO] OpenFileManager:313 - Change cursor
2024-09-12 13:12:12,115 [INFO] Context:592 - Trying to add GPIOservice into a context  which must be forbidden
2024-09-12 13:12:12,442 [WARN] ApiManager:304 - Cannot register API 'Board Extension:GNSS1A1' from pack STMicroelectronics.X-CUBE-GNSS1.6.0.0: no header file found
2024-09-12 13:12:12,442 [WARN] ApiManager:304 - Cannot register API 'Board Support:Custom' from pack STMicroelectronics.X-CUBE-GNSS1.6.0.0: no header file found
2024-09-12 13:12:12,442 [WARN] ApiManager:304 - Cannot register API 'Data Exchange:lib_gnss' from pack STMicroelectronics.X-CUBE-GNSS1.6.0.0: no header file found
2024-09-12 13:12:12,448 [WARN] ApiManager:304 - Cannot register API 'Board Extension:GNSS1A1' from pack STMicroelectronics.X-CUBE-GNSS1.7.0.0: no header file found
2024-09-12 13:12:12,448 [WARN] ApiManager:304 - Cannot register API 'Board Support:Custom' from pack STMicroelectronics.X-CUBE-GNSS1.7.0.0: no header file found
2024-09-12 13:12:12,448 [WARN] ApiManager:304 - Cannot register API 'Data Exchange:lib_gnss' from pack STMicroelectronics.X-CUBE-GNSS1.7.0.0: no header file found
2024-09-12 13:12:12,456 [WARN] ApiManager:304 - Cannot register API 'Board Extension:NFC06A1' from pack STMicroelectronics.X-CUBE-NFC6.3.1.0: no header file found
2024-09-12 13:12:12,456 [WARN] ApiManager:304 - Cannot register API 'Board Extension:NFC08A1' from pack STMicroelectronics.X-CUBE-NFC6.3.1.0: no header file found
2024-09-12 13:12:12,643 [WARN] ApiManager:304 - Cannot register API 'Board Extension:IKS01A3' from pack STMicroelectronics.X-CUBE-MEMS1.11.0.0: no header file found
2024-09-12 13:12:12,644 [WARN] ApiManager:304 - Cannot register API 'Board Extension:IKS02A1' from pack STMicroelectronics.X-CUBE-MEMS1.11.0.0: no header file found
2024-09-12 13:12:12,644 [WARN] ApiManager:304 - Cannot register API 'Board Extension:IKS4A1' from pack STMicroelectronics.X-CUBE-MEMS1.11.0.0: no header file found
2024-09-12 13:12:12,651 [INFO] RtosManager:484 - Registered RTOS mode: class=CMSIS, group=RTOS, mode=CMSIS_V1, owner=FREERTOS
2024-09-12 13:12:12,651 [INFO] RtosManager:484 - Registered RTOS mode: class=CMSIS, group=RTOS2, mode=CMSIS_V2, owner=FREERTOS
2024-09-12 13:12:12,652 [INFO] RtosManager:484 - Registered RTOS mode: class=RTOS, group=Core, mode=CMSIS_V1, owner=FREERTOS
2024-09-12 13:12:12,652 [INFO] RtosManager:484 - Registered RTOS mode: class=RTOS, group=Core, mode=CMSIS_V2, owner=FREERTOS
2024-09-12 13:12:12,652 [WARN] ModelIntegratedComponent:181 - Missing modes for component STMicroelectronics:FreeRTOS:0.0.1:STMicroelectronics:RTOS:FreeRTOS:Core:::10.2.0:
2024-09-12 13:12:12,654 [WARN] ApiManager:304 - Cannot register API 'Board Extension:STSAFEA1' from pack STMicroelectronics.X-CUBE-SAFEA1.1.2.2: no header file found
2024-09-12 13:12:12,654 [WARN] ApiManager:304 - Cannot register API 'Board Part:STSAFEA110' from pack STMicroelectronics.X-CUBE-SAFEA1.1.2.2: no header file found
2024-09-12 13:12:12,654 [WARN] ApiManager:304 - Cannot register API 'Security:ST_Cryptolib' from pack STMicroelectronics.X-CUBE-SAFEA1.1.2.2: no header file found
2024-09-12 13:12:12,654 [WARN] ApiManager:304 - Cannot register API 'Security:MbedTLS' from pack STMicroelectronics.X-CUBE-SAFEA1.1.2.2: no header file found
2024-09-12 13:12:12,655 [WARN] ApiManager:304 - Cannot register API 'Board Extension:NFC04A1' from pack STMicroelectronics.X-CUBE-NFC4.3.0.0: no header file found
2024-09-12 13:12:12,658 [WARN] ApiManager:304 - Cannot register API 'Board Extension:S2868A1' from pack STMicroelectronics.X-CUBE-SUBG2.5.0.0: no header file found
2024-09-12 13:12:12,658 [WARN] ApiManager:304 - Cannot register API 'Board Extension:S2868A2' from pack STMicroelectronics.X-CUBE-SUBG2.5.0.0: no header file found
2024-09-12 13:12:12,658 [WARN] ApiManager:304 - Cannot register API 'Board Extension:S2915A1' from pack STMicroelectronics.X-CUBE-SUBG2.5.0.0: no header file found
2024-09-12 13:12:12,661 [WARN] ApiManager:304 - Cannot register API 'Wireless:BlueNRG-MS' from pack STMicroelectronics.X-CUBE-BLE1.7.0.0: no header file found
2024-09-12 13:12:12,662 [WARN] ApiManager:304 - Cannot register API 'Board Extension:EEPRMA2' from pack STMicroelectronics.X-CUBE-EEPRMA1.5.1.0: no header file found
2024-09-12 13:12:12,662 [WARN] ApiManager:304 - Cannot register API 'Board Extension:PGEEZ1' from pack STMicroelectronics.X-CUBE-EEPRMA1.5.1.0: no header file found
2024-09-12 13:12:12,662 [WARN] ApiManager:304 - Cannot register API 'Board Extension:EEICA1' from pack STMicroelectronics.X-CUBE-EEPRMA1.5.1.0: no header file found
2024-09-12 13:12:12,662 [WARN] ApiManager:304 - Cannot register API 'Board Part:M24' from pack STMicroelectronics.X-CUBE-EEPRMA1.5.1.0: no header file found
2024-09-12 13:12:12,662 [WARN] ApiManager:304 - Cannot register API 'Board Part:M95' from pack STMicroelectronics.X-CUBE-EEPRMA1.5.1.0: no header file found
2024-09-12 13:12:12,662 [WARN] ApiManager:304 - Cannot register API 'Board Part:M95P32' from pack STMicroelectronics.X-CUBE-EEPRMA1.5.1.0: no header file found
2024-09-12 13:12:12,662 [WARN] ApiManager:304 - Cannot register API 'Board Part:M24256E-F' from pack STMicroelectronics.X-CUBE-EEPRMA1.5.1.0: no header file found
2024-09-12 13:12:12,662 [WARN] ApiManager:304 - Cannot register API 'Board Part:M24M01E-F' from pack STMicroelectronics.X-CUBE-EEPRMA1.5.1.0: no header file found
2024-09-12 13:12:12,662 [WARN] ApiManager:304 - Cannot register API 'PGEEZ1:SPI' from pack STMicroelectronics.X-CUBE-EEPRMA1.5.1.0: no header file found
2024-09-12 13:12:12,662 [WARN] ApiManager:304 - Cannot register API 'PGEEZ1:QDSPI' from pack STMicroelectronics.X-CUBE-EEPRMA1.5.1.0: no header file found
2024-09-12 13:12:12,664 [WARN] ModelIntegratedComponent:60 - No mode defined for component null
2024-09-12 13:12:12,664 [WARN] ModelIntegratedComponent:60 - No mode defined for component null
2024-09-12 13:12:12,664 [WARN] ModelIntegratedComponent:60 - No mode defined for component null
2024-09-12 13:12:12,664 [WARN] ModelIntegratedComponent:60 - No mode defined for component null
2024-09-12 13:12:12,664 [WARN] ModelIntegratedComponent:60 - No mode defined for component null
2024-09-12 13:12:12,664 [WARN] ModelIntegratedComponent:60 - No mode defined for component null
2024-09-12 13:12:12,664 [WARN] ModelIntegratedComponent:60 - No mode defined for component null
2024-09-12 13:12:12,664 [WARN] ModelIntegratedComponent:60 - No mode defined for component null
2024-09-12 13:12:12,664 [WARN] ModelIntegratedComponent:60 - No mode defined for component null
2024-09-12 13:12:12,664 [WARN] ModelIntegratedComponent:60 - No mode defined for component null
2024-09-12 13:12:12,664 [WARN] ModelIntegratedComponent:60 - No mode defined for component null
2024-09-12 13:12:12,664 [WARN] ModelIntegratedComponent:60 - No mode defined for component null
2024-09-12 13:12:12,664 [WARN] ModelIntegratedComponent:60 - No mode defined for component null
2024-09-12 13:12:12,664 [WARN] ModelIntegratedComponent:60 - No mode defined for component null
2024-09-12 13:12:12,664 [WARN] ModelIntegratedComponent:60 - No mode defined for component null
2024-09-12 13:12:12,665 [WARN] ModelIntegratedComponent:60 - No mode defined for component null
2024-09-12 13:12:12,665 [WARN] ModelIntegratedComponent:60 - No mode defined for component null
2024-09-12 13:12:12,665 [WARN] ModelIntegratedComponent:60 - No mode defined for component null
2024-09-12 13:12:12,665 [WARN] ModelIntegratedComponent:60 - No mode defined for component null
2024-09-12 13:12:12,665 [WARN] ModelIntegratedComponent:60 - No mode defined for component null
2024-09-12 13:12:12,665 [WARN] ModelIntegratedComponent:60 - No mode defined for component null
2024-09-12 13:12:12,665 [WARN] ModelIntegratedComponent:60 - No mode defined for component null
2024-09-12 13:12:12,665 [WARN] ModelIntegratedComponent:60 - No mode defined for component null
2024-09-12 13:12:12,665 [WARN] ModelIntegratedComponent:60 - No mode defined for component null
2024-09-12 13:12:12,665 [WARN] ModelIntegratedComponent:60 - No mode defined for component null
2024-09-12 13:12:12,665 [WARN] ModelIntegratedComponent:60 - No mode defined for component null
2024-09-12 13:12:12,666 [WARN] ModelIntegratedComponent:60 - No mode defined for component null
2024-09-12 13:12:12,666 [WARN] ModelIntegratedComponent:60 - No mode defined for component null
2024-09-12 13:12:12,666 [WARN] ModelIntegratedComponent:60 - No mode defined for component null
2024-09-12 13:12:12,666 [WARN] ModelIntegratedComponent:60 - No mode defined for component null
2024-09-12 13:12:12,666 [WARN] ModelIntegratedComponent:60 - No mode defined for component null
2024-09-12 13:12:12,667 [WARN] ApiManager:304 - Cannot register API 'Board Extension:NFC07A1' from pack STMicroelectronics.X-CUBE-NFC7.1.0.1: no header file found
2024-09-12 13:12:12,687 [WARN] ApiManager:304 - Cannot register API 'Board Extension:S2868A1' from pack STMicroelectronics.X-CUBE-SFXS2LP1.4.0.0: no header file found
2024-09-12 13:12:12,689 [WARN] ApiManager:304 - Cannot register API 'Board Extension:S2868A2' from pack STMicroelectronics.X-CUBE-SFXS2LP1.4.0.0: no header file found
2024-09-12 13:12:12,689 [WARN] ApiManager:304 - Cannot register API 'Board Extension:S2915A1' from pack STMicroelectronics.X-CUBE-SFXS2LP1.4.0.0: no header file found
2024-09-12 13:12:12,690 [WARN] ApiManager:304 - Cannot register API 'Wireless:BlueNRG-2' from pack STMicroelectronics.X-CUBE-BLE2.3.3.0: no header file found
2024-09-12 13:12:14,955 [INFO] UtilMem:74 - End LoadConfig() Used Memory: 371877112 Bytes (491782144)
2024-09-12 13:12:14,964 [INFO] DbMcusXml:100 - Load MCU database from C:\ST\STM32CubeIDE_1.7.0\STM32CubeIDE\plugins\com.st.stm32cube.common.mx_6.3.0.202107141111\\db\/mcu/families.xml
2024-09-12 13:12:15,904 [INFO] DbMcusJson:93 - JSON generation date=Tue Nov 16 23:17:54 ICT 2021 (1637079474)
2024-09-12 13:12:16,780 [INFO] DbMcus:175 - Found 1951 MCUs (1903 are supported by CubeMX, 1914 are visible in CubeMX)
2024-09-12 13:12:16,781 [INFO] ApiDb:251 - Load user favorites file C:\Users\Azuki/.stm32cubeide/favorites.mcus.txt: 0 item(s)
2024-09-12 13:12:16,781 [INFO] ApiDb:255 - User favorites MCUs=[]
2024-09-12 13:12:16,781 [INFO] DbMcus:187 - Set 0 / 0 favorites MCUs
2024-09-12 13:12:16,793 [WARN] ThirdParty:779 - waiting for thirdparty lock release [change project]
2024-09-12 13:12:16,795 [INFO] ThirdParty:781 - entering critical section [change project]
2024-09-12 13:12:16,795 [INFO] ThirdParty:967 - CMSIS Pack Vendor :STMicroelectronics X-CUBE-AZRTOS-H7 3.3.0
2024-09-12 13:12:16,795 [INFO] ThirdParty:967 - CMSIS Pack Vendor :STMicroelectronics X-CUBE-GNSS1 6.0.0
2024-09-12 13:12:16,795 [INFO] ThirdParty:967 - CMSIS Pack Vendor :STMicroelectronics USB_HOST 2.0.0
2024-09-12 13:12:16,795 [INFO] ThirdParty:967 - CMSIS Pack Vendor :STMicroelectronics X-CUBE-AZRTOS-F4 1.1.0
2024-09-12 13:12:16,795 [INFO] ThirdParty:967 - CMSIS Pack Vendor :STMicroelectronics USB_DEVICE 3.0.0
2024-09-12 13:12:16,795 [INFO] ThirdParty:967 - CMSIS Pack Vendor :STMicroelectronics X-CUBE-AZRTOS-WB 2.0.0
2024-09-12 13:12:16,795 [INFO] ThirdParty:967 - CMSIS Pack Vendor :STMicroelectronics X-CUBE-GNSS1 7.0.0
2024-09-12 13:12:16,795 [INFO] ThirdParty:967 - CMSIS Pack Vendor :STMicroelectronics X-CUBE-AZRTOS-F7 1.1.0
2024-09-12 13:12:16,795 [INFO] ThirdParty:967 - CMSIS Pack Vendor :STMicroelectronics X-CUBE-AZRTOS-L5 2.0.0
2024-09-12 13:12:16,795 [INFO] ThirdParty:967 - CMSIS Pack Vendor :STMicroelectronics USB_DEVICE 2.0.0
2024-09-12 13:12:16,795 [INFO] ThirdParty:967 - CMSIS Pack Vendor :STMicroelectronics X-CUBE-NFC6 3.1.0
2024-09-12 13:12:16,795 [INFO] ThirdParty:967 - CMSIS Pack Vendor :STMicroelectronics X-CUBE-MEMS1 11.0.0
2024-09-12 13:12:16,795 [INFO] ThirdParty:967 - CMSIS Pack Vendor :STMicroelectronics FreeRTOS 0.0.1
2024-09-12 13:12:16,795 [INFO] ThirdParty:967 - CMSIS Pack Vendor :STMicroelectronics X-CUBE-AZRTOS-G0 1.1.0
2024-09-12 13:12:16,795 [INFO] ThirdParty:967 - CMSIS Pack Vendor :STMicroelectronics X-CUBE-SAFEA1 1.2.2
2024-09-12 13:12:16,795 [INFO] ThirdParty:967 - CMSIS Pack Vendor :STMicroelectronics X-CUBE-NFC4 3.0.0
2024-09-12 13:12:16,795 [INFO] ThirdParty:967 - CMSIS Pack Vendor :STMicroelectronics X-CUBE-SUBG2 5.0.0
2024-09-12 13:12:16,795 [INFO] ThirdParty:967 - CMSIS Pack Vendor :STMicroelectronics lwIP 2.0.3
2024-09-12 13:12:16,795 [INFO] ThirdParty:967 - CMSIS Pack Vendor :STMicroelectronics USB_HOST 1.0.0
2024-09-12 13:12:16,796 [INFO] ThirdParty:967 - CMSIS Pack Vendor :STMicroelectronics X-CUBE-AI 9.0.0
2024-09-12 13:12:16,796 [INFO] ThirdParty:967 - CMSIS Pack Vendor :STMicroelectronics X-CUBE-AZRTOS-G4 2.0.0
2024-09-12 13:12:16,796 [INFO] ThirdParty:967 - CMSIS Pack Vendor :STMicroelectronics PDM2PCM 3.1.0
2024-09-12 13:12:16,796 [INFO] ThirdParty:967 - CMSIS Pack Vendor :STMicroelectronics PDM2PCM 3.3.0
2024-09-12 13:12:16,796 [INFO] ThirdParty:967 - CMSIS Pack Vendor :STMicroelectronics X-CUBE-BLE1 7.0.0
2024-09-12 13:12:16,796 [INFO] ThirdParty:967 - CMSIS Pack Vendor :STMicroelectronics FP-ATR-SIGFOX1 3.2.0
2024-09-12 13:12:16,796 [INFO] ThirdParty:967 - CMSIS Pack Vendor :wolfSSL I-CUBE-wolfSSL 5.7.2
2024-09-12 13:12:16,796 [INFO] ThirdParty:967 - CMSIS Pack Vendor :STMicroelectronics X-CUBE-ISPU 2.0.0
2024-09-12 13:12:16,796 [INFO] ThirdParty:967 - CMSIS Pack Vendor :STMicroelectronics X-CUBE-EEPRMA1 5.1.0
2024-09-12 13:12:16,796 [INFO] ThirdParty:967 - CMSIS Pack Vendor :STMicroelectronics HAL Drivers 0.0.0
2024-09-12 13:12:16,796 [INFO] ThirdParty:967 - CMSIS Pack Vendor :STMicroelectronics MBEDTLS 2.16.2
2024-09-12 13:12:16,796 [INFO] ThirdParty:967 - CMSIS Pack Vendor :STMicroelectronics X-CUBE-NFC7 1.0.1
2024-09-12 13:12:16,796 [INFO] ThirdParty:967 - CMSIS Pack Vendor :STMicroelectronics MBEDTLS 2.14.1
2024-09-12 13:12:16,796 [INFO] ThirdParty:967 - CMSIS Pack Vendor :STMicroelectronics X-CUBE-TOUCHGFX 4.24.0
2024-09-12 13:12:16,796 [INFO] ThirdParty:967 - CMSIS Pack Vendor :wolfSSL I-CUBE-wolfTPM 3.4.0
2024-09-12 13:12:16,796 [INFO] ThirdParty:967 - CMSIS Pack Vendor :portGmbH I-Cube-SoM-uGOAL 1.1.0
2024-09-12 13:12:16,796 [INFO] ThirdParty:967 - CMSIS Pack Vendor :STMicroelectronics X-CUBE-AZRTOS-WL 2.0.0
2024-09-12 13:12:16,796 [INFO] ThirdParty:967 - CMSIS Pack Vendor :SEGGER I-CUBE-embOS 1.3.1
2024-09-12 13:12:16,796 [INFO] ThirdParty:967 - CMSIS Pack Vendor :STMicroelectronics X-CUBE-ALGOBUILD 1.4.0
2024-09-12 13:12:16,796 [INFO] ThirdParty:967 - CMSIS Pack Vendor :STMicroelectronics USB_DEVICE 1.0.0
2024-09-12 13:12:16,796 [INFO] ThirdParty:967 - CMSIS Pack Vendor :STMicroelectronics X-CUBE-AZRTOS-H7RS 1.0.0
2024-09-12 13:12:16,796 [INFO] ThirdParty:967 - CMSIS Pack Vendor :wolfSSL I-CUBE-wolfMQTT 1.19.0
2024-09-12 13:12:16,796 [INFO] ThirdParty:967 - CMSIS Pack Vendor :STMicroelectronics X-CUBE-AZRTOS-L4 2.0.0
2024-09-12 13:12:16,797 [INFO] ThirdParty:967 - CMSIS Pack Vendor :STMicroelectronics ThreadX 0.0.2
2024-09-12 13:12:16,797 [INFO] ThirdParty:967 - CMSIS Pack Vendor :WES I-CUBE-Cesium 1.3.0
2024-09-12 13:12:16,797 [INFO] ThirdParty:967 - CMSIS Pack Vendor :STMicroelectronics FP-ATR-ASTRA1 2.0.0
2024-09-12 13:12:16,797 [INFO] ThirdParty:967 - CMSIS Pack Vendor :STMicroelectronics lwIP 2.1.2
2024-09-12 13:12:16,797 [INFO] ThirdParty:967 - CMSIS Pack Vendor :STMicroelectronics X-CUBE-SFXS2LP1 4.0.0
2024-09-12 13:12:16,797 [INFO] ThirdParty:967 - CMSIS Pack Vendor :STMicroelectronics X-CUBE-BLE2 3.3.0
2024-09-12 13:12:16,797 [INFO] ThirdParty:967 - CMSIS Pack Vendor :STMicroelectronics PDM2PCM 3.2.0
2024-09-12 13:12:16,797 [INFO] ThirdParty:967 - CMSIS Pack Vendor :wolfSSL I-CUBE-wolfSSH 1.4.17
2024-09-12 13:12:16,797 [INFO] ThirdParty:787 - exiting critical section [change project]
2024-09-12 13:12:17,309 [INFO] PinOutPanel:1463 - setPackage(No Configuration,No Configuration)
2024-09-12 13:12:17,318 [INFO] PinOutPanel:1463 - setPackage(STM32F103C6Ux,UFQFPN48)
2024-09-12 13:12:18,000 [INFO] UtilMem:74 - Before build in PCC Used Memory: 379289080 Bytes (699400192)
2024-09-12 13:12:19,145 [INFO] UtilMem:74 - After build in PCC Used Memory: 444596216 Bytes (753926144)
2024-09-12 13:12:19,166 [INFO] IPUIPlugin:74 - create IPUIPlugin
2024-09-12 13:12:19,167 [INFO] IPUIPlugin:74 - create IPUIPlugin
2024-09-12 13:12:19,167 [INFO] IPUIPlugin:74 - create IPUIPlugin
2024-09-12 13:12:19,167 [INFO] IPUIPlugin:74 - create IPUIPlugin
2024-09-12 13:12:19,167 [INFO] IPUIPlugin:74 - create IPUIPlugin
2024-09-12 13:12:19,168 [INFO] IPUIPlugin:74 - create IPUIPlugin
2024-09-12 13:12:19,168 [INFO] IPUIPlugin:74 - create IPUIPlugin
2024-09-12 13:12:19,168 [INFO] IPUIPlugin:74 - create IPUIPlugin
2024-09-12 13:12:19,168 [INFO] IPUIPlugin:74 - create IPUIPlugin
2024-09-12 13:12:19,168 [INFO] IPUIPlugin:74 - create IPUIPlugin
2024-09-12 13:12:19,169 [INFO] IPUIPlugin:74 - create IPUIPlugin
2024-09-12 13:12:19,169 [INFO] IPUIPlugin:74 - create IPUIPlugin
2024-09-12 13:12:19,169 [INFO] IPUIPlugin:74 - create IPUIPlugin
2024-09-12 13:12:19,170 [INFO] IPUIPlugin:74 - create IPUIPlugin
2024-09-12 13:12:19,170 [INFO] IPUIPlugin:74 - create IPUIPlugin
2024-09-12 13:12:19,170 [INFO] IPUIPlugin:74 - create IPUIPlugin
2024-09-12 13:12:19,170 [INFO] IPUIPlugin:74 - create IPUIPlugin
2024-09-12 13:12:19,171 [INFO] IPUIPlugin:74 - create IPUIPlugin
2024-09-12 13:12:19,171 [INFO] IPUIPlugin:74 - create IPUIPlugin
2024-09-12 13:12:19,171 [INFO] IPUIPlugin:74 - create IPUIPlugin
2024-09-12 13:12:19,171 [INFO] IPUIPlugin:74 - create IPUIPlugin
2024-09-12 13:12:19,172 [INFO] IPUIPlugin:74 - create IPUIPlugin
2024-09-12 13:12:19,172 [INFO] IPUIPlugin:74 - create IPUIPlugin
2024-09-12 13:12:19,349 [INFO] OpenFileManager:333 - Restore cursor
2024-09-13 12:41:31,423 [INFO] Activator:177 - 


2024-09-13 12:41:31,425 [INFO] Activator:178 - !SESSION log4j initialized
2024-09-13 12:41:52,261 [INFO] McuFinderGlobals:39 - Set McuFinder mode to 2 (CubeIDE integrated)
2024-09-13 12:41:52,621 [INFO] ApplicationProperties:181 - Using Application install path: C:\ST\STM32CubeIDE_1.7.0\STM32CubeIDE\plugins\com.st.stm32cube.common.mx_6.3.0.202107141111
2024-09-13 12:41:52,631 [INFO] DbMcusXml:74 - Set database path to: C:\ST\STM32CubeIDE_1.7.0\STM32CubeIDE\plugins\com.st.stm32cube.common.mx_6.3.0.202107141111\\db\/mcu/
2024-09-13 12:41:52,634 [INFO] DbBoardsPdsc:56 - Set plugin database path to: C:\ST\STM32CubeIDE_1.7.0\STM32CubeIDE\plugins\com.st.stm32cube.common.mx_6.3.0.202107141111\\db\/plugins/boardmanager/
2024-09-13 12:41:52,634 [INFO] DbMcus:258 - Set plugin images path to: C:\ST\STM32CubeIDE_1.7.0\STM32CubeIDE\plugins\com.st.stm32cube.common.mx_6.3.0.202107141111\\db\/plugins/mcufinder/images/
2024-09-13 12:41:52,634 [INFO] DbBoards:264 - Set plugin images path to: C:\ST\STM32CubeIDE_1.7.0\STM32CubeIDE\plugins\com.st.stm32cube.common.mx_6.3.0.202107141111\\db\/plugins/mcufinder/images/
2024-09-13 12:41:52,636 [INFO] DbExamples:333 - Set plugin images path to: C:\ST\STM32CubeIDE_1.7.0\STM32CubeIDE\plugins\com.st.stm32cube.common.mx_6.3.0.202107141111\\db\/plugins/mcufinder/images/
2024-09-13 12:41:52,642 [INFO] DbMcusAds:119 - Set database path to: C:\Users\Azuki\.stmcufinder\plugins\mcufinder//mcu/
2024-09-13 12:41:52,643 [INFO] DbMcusDocs:110 - Set database path to: C:\Users\Azuki\.stmcufinder\plugins\mcufinder//mcu/
2024-09-13 12:41:52,645 [INFO] DbMcusJson:64 - Set database path to: C:\Users\Azuki\.stmcufinder\plugins\mcufinder//mcu/
2024-09-13 12:41:52,645 [INFO] DbBoardsDocs:110 - Set database path to: C:\Users\Azuki\.stmcufinder\plugins\mcufinder//mcu/
2024-09-13 12:41:52,646 [INFO] DbBoardsJson:57 - Set database path to: C:\Users\Azuki\.stmcufinder\plugins\mcufinder//mcu/
2024-09-13 12:41:53,471 [INFO] CrossReferenceDbSqlite:196 - Set database path to: C:\Users\Azuki\.stmcufinder\plugins\mcufinder//mcu/cs/
2024-09-13 12:41:53,474 [INFO] DbExamplesSqlite:767 - Set database path to: C:\Users\Azuki\.stmcufinder\plugins\mcufinder//mcu/
2024-09-13 12:41:53,558 [INFO] RulesReader:57 - Compatibility file has been processed (242 Rules)
2024-09-13 12:41:53,633 [INFO] DbMcusXml:74 - Set database path to: C:\ST\STM32CubeIDE_1.7.0\STM32CubeIDE\plugins\com.st.stm32cube.common.mx_6.3.0.202107141111\\db\/mcu/
2024-09-13 12:41:53,633 [INFO] DbBoardsPdsc:56 - Set plugin database path to: C:\ST\STM32CubeIDE_1.7.0\STM32CubeIDE\plugins\com.st.stm32cube.common.mx_6.3.0.202107141111\\db\/plugins/boardmanager/
2024-09-13 12:41:53,634 [INFO] DbMcus:258 - Set plugin images path to: C:\ST\STM32CubeIDE_1.7.0\STM32CubeIDE\plugins\com.st.stm32cube.common.mx_6.3.0.202107141111\\db\/plugins/mcufinder/images/
2024-09-13 12:41:53,634 [INFO] DbBoards:264 - Set plugin images path to: C:\ST\STM32CubeIDE_1.7.0\STM32CubeIDE\plugins\com.st.stm32cube.common.mx_6.3.0.202107141111\\db\/plugins/mcufinder/images/
2024-09-13 12:41:53,634 [INFO] DbExamples:333 - Set plugin images path to: C:\ST\STM32CubeIDE_1.7.0\STM32CubeIDE\plugins\com.st.stm32cube.common.mx_6.3.0.202107141111\\db\/plugins/mcufinder/images/
2024-09-13 12:41:53,634 [WARN] DbFile:35 - Overriding database path with different value: C:\Users\Azuki\.stmcufinder\plugins\mcufinder/ => C:\Users\Azuki\.stmcufinder\plugins\mcufinder
2024-09-13 12:41:53,634 [INFO] DbMcusAds:119 - Set database path to: C:\Users\Azuki\.stmcufinder\plugins\mcufinder//mcu/
2024-09-13 12:41:53,634 [WARN] DbFile:35 - Overriding database path with different value: C:\Users\Azuki\.stmcufinder\plugins\mcufinder/ => C:\Users\Azuki\.stmcufinder\plugins\mcufinder
2024-09-13 12:41:53,634 [INFO] DbMcusDocs:110 - Set database path to: C:\Users\Azuki\.stmcufinder\plugins\mcufinder//mcu/
2024-09-13 12:41:53,634 [WARN] DbFile:35 - Overriding database path with different value: C:\Users\Azuki\.stmcufinder\plugins\mcufinder/ => C:\Users\Azuki\.stmcufinder\plugins\mcufinder
2024-09-13 12:41:53,634 [INFO] DbMcusJson:64 - Set database path to: C:\Users\Azuki\.stmcufinder\plugins\mcufinder//mcu/
2024-09-13 12:41:53,634 [WARN] DbFile:35 - Overriding database path with different value: C:\Users\Azuki\.stmcufinder\plugins\mcufinder/ => C:\Users\Azuki\.stmcufinder\plugins\mcufinder
2024-09-13 12:41:53,634 [INFO] DbBoardsDocs:110 - Set database path to: C:\Users\Azuki\.stmcufinder\plugins\mcufinder//mcu/
2024-09-13 12:41:53,634 [WARN] DbFile:35 - Overriding database path with different value: C:\Users\Azuki\.stmcufinder\plugins\mcufinder/ => C:\Users\Azuki\.stmcufinder\plugins\mcufinder
2024-09-13 12:41:53,634 [INFO] DbBoardsJson:57 - Set database path to: C:\Users\Azuki\.stmcufinder\plugins\mcufinder//mcu/
2024-09-13 12:41:53,635 [WARN] DbFile:35 - Overriding database path with different value: C:\Users\Azuki\.stmcufinder\plugins\mcufinder/ => C:\Users\Azuki\.stmcufinder\plugins\mcufinder
2024-09-13 12:41:53,635 [WARN] DbFile:35 - Overriding database path with different value: C:\Users\Azuki\.stmcufinder\plugins\mcufinder/ => C:\Users\Azuki\.stmcufinder\plugins\mcufinder
2024-09-13 12:41:54,467 [INFO] CrossReferenceDbSqlite:196 - Set database path to: C:\Users\Azuki\.stmcufinder\plugins\mcufinder//mcu/cs/
2024-09-13 12:41:54,467 [WARN] DbFile:35 - Overriding database path with different value: C:\Users\Azuki\.stmcufinder\plugins\mcufinder/ => C:\Users\Azuki\.stmcufinder\plugins\mcufinder
2024-09-13 12:41:54,467 [INFO] DbExamplesSqlite:767 - Set database path to: C:\Users\Azuki\.stmcufinder\plugins\mcufinder//mcu/
2024-09-13 12:41:54,517 [INFO] MainPanel:214 - HeapMemory: 268435456
2024-09-13 12:41:54,582 [INFO] DbMcusXml:74 - Set database path to: C:\ST\STM32CubeIDE_1.7.0\STM32CubeIDE\plugins\com.st.stm32cube.common.mx_6.3.0.202107141111\\db\/mcu/
2024-09-13 12:41:54,582 [INFO] DbBoardsPdsc:56 - Set plugin database path to: C:\ST\STM32CubeIDE_1.7.0\STM32CubeIDE\plugins\com.st.stm32cube.common.mx_6.3.0.202107141111\\db\/plugins/boardmanager/
2024-09-13 12:41:54,582 [INFO] DbMcus:258 - Set plugin images path to: C:\ST\STM32CubeIDE_1.7.0\STM32CubeIDE\plugins\com.st.stm32cube.common.mx_6.3.0.202107141111\\db\/plugins/mcufinder/images/
2024-09-13 12:41:54,582 [INFO] DbBoards:264 - Set plugin images path to: C:\ST\STM32CubeIDE_1.7.0\STM32CubeIDE\plugins\com.st.stm32cube.common.mx_6.3.0.202107141111\\db\/plugins/mcufinder/images/
2024-09-13 12:41:54,582 [INFO] DbExamples:333 - Set plugin images path to: C:\ST\STM32CubeIDE_1.7.0\STM32CubeIDE\plugins\com.st.stm32cube.common.mx_6.3.0.202107141111\\db\/plugins/mcufinder/images/
2024-09-13 12:41:54,583 [WARN] DbFile:35 - Overriding database path with different value: C:\Users\Azuki\.stmcufinder\plugins\mcufinder/ => C:\Users\Azuki\.stmcufinder\plugins\mcufinder
2024-09-13 12:41:54,583 [INFO] DbMcusAds:119 - Set database path to: C:\Users\Azuki\.stmcufinder\plugins\mcufinder//mcu/
2024-09-13 12:41:54,583 [WARN] DbFile:35 - Overriding database path with different value: C:\Users\Azuki\.stmcufinder\plugins\mcufinder/ => C:\Users\Azuki\.stmcufinder\plugins\mcufinder
2024-09-13 12:41:54,583 [INFO] DbMcusDocs:110 - Set database path to: C:\Users\Azuki\.stmcufinder\plugins\mcufinder//mcu/
2024-09-13 12:41:54,583 [WARN] DbFile:35 - Overriding database path with different value: C:\Users\Azuki\.stmcufinder\plugins\mcufinder/ => C:\Users\Azuki\.stmcufinder\plugins\mcufinder
2024-09-13 12:41:54,583 [INFO] DbMcusJson:64 - Set database path to: C:\Users\Azuki\.stmcufinder\plugins\mcufinder//mcu/
2024-09-13 12:41:54,583 [WARN] DbFile:35 - Overriding database path with different value: C:\Users\Azuki\.stmcufinder\plugins\mcufinder/ => C:\Users\Azuki\.stmcufinder\plugins\mcufinder
2024-09-13 12:41:54,583 [INFO] DbBoardsDocs:110 - Set database path to: C:\Users\Azuki\.stmcufinder\plugins\mcufinder//mcu/
2024-09-13 12:41:54,583 [WARN] DbFile:35 - Overriding database path with different value: C:\Users\Azuki\.stmcufinder\plugins\mcufinder/ => C:\Users\Azuki\.stmcufinder\plugins\mcufinder
2024-09-13 12:41:54,583 [INFO] DbBoardsJson:57 - Set database path to: C:\Users\Azuki\.stmcufinder\plugins\mcufinder//mcu/
2024-09-13 12:41:54,583 [WARN] DbFile:35 - Overriding database path with different value: C:\Users\Azuki\.stmcufinder\plugins\mcufinder/ => C:\Users\Azuki\.stmcufinder\plugins\mcufinder
2024-09-13 12:41:54,583 [WARN] DbFile:35 - Overriding database path with different value: C:\Users\Azuki\.stmcufinder\plugins\mcufinder/ => C:\Users\Azuki\.stmcufinder\plugins\mcufinder
2024-09-13 12:41:55,467 [INFO] CrossReferenceDbSqlite:196 - Set database path to: C:\Users\Azuki\.stmcufinder\plugins\mcufinder//mcu/cs/
2024-09-13 12:41:55,467 [WARN] DbFile:35 - Overriding database path with different value: C:\Users\Azuki\.stmcufinder\plugins\mcufinder/ => C:\Users\Azuki\.stmcufinder\plugins\mcufinder
2024-09-13 12:41:55,468 [INFO] DbExamplesSqlite:767 - Set database path to: C:\Users\Azuki\.stmcufinder\plugins\mcufinder//mcu/
2024-09-13 12:41:55,483 [INFO] ApplicationProperties:181 - Using Application install path: C:\ST\STM32CubeIDE_1.7.0\STM32CubeIDE\plugins\com.st.stm32cube.common.mx_6.3.0.202107141111
2024-09-13 12:41:55,484 [INFO] PluginManage:188 - Search for loadable plugins [exclusion list=, ]
2024-09-13 12:41:55,485 [INFO] PluginManage:302 - Check plugin analytics
2024-09-13 12:42:01,019 [INFO] AnalyticsPlugin:257 - Accepted Software Licenses: 
2024-09-13 12:42:01,019 [INFO] AnalyticsPlugin:259 - Accepted CMSIS Pack Licenses: 
2024-09-13 12:42:01,019 [INFO] AnalyticsPlugin:261 - Accepted Firmware Licenses: 
2024-09-13 12:42:01,020 [INFO] PluginManage:352 - Loaded plugin analytics (category:tool,tabindex:-1)
2024-09-13 12:42:01,020 [INFO] PluginManage:302 - Check plugin clock
2024-09-13 12:42:01,039 [INFO] PluginManage:352 - Loaded plugin clock (category:base,tabindex:2)
2024-09-13 12:42:01,039 [INFO] PluginManage:302 - Check plugin ddr
2024-09-13 12:42:01,041 [INFO] PluginManage:352 - Loaded plugin ddr (category:tool,tabindex:6)
2024-09-13 12:42:01,041 [INFO] PluginManage:302 - Check plugin filemanager
2024-09-13 12:42:01,141 [INFO] PluginManage:352 - Loaded plugin filemanager (category:base,tabindex:10)
2024-09-13 12:42:01,141 [INFO] PluginManage:302 - Check plugin ipmanager
2024-09-13 12:42:01,148 [INFO] PluginManage:352 - Loaded plugin ipmanager (category:base,tabindex:5)
2024-09-13 12:42:01,148 [INFO] PluginManage:302 - Check plugin pinoutandconfiguration
2024-09-13 12:42:01,164 [INFO] PluginManage:352 - Loaded plugin pinoutandconfiguration (category:base,tabindex:1)
2024-09-13 12:42:01,164 [INFO] PluginManage:302 - Check plugin pinoutconfig
2024-09-13 12:42:01,191 [INFO] PluginManage:352 - Loaded plugin pinoutconfig (category:base,tabindex:0)
2024-09-13 12:42:01,192 [INFO] PluginManage:302 - Check plugin power
2024-09-13 12:42:01,208 [INFO] PluginManage:352 - Loaded plugin power (category:power,tabindex:4)
2024-09-13 12:42:01,208 [INFO] PluginManage:302 - Check plugin projectmanager
2024-09-13 12:42:01,220 [INFO] PluginManage:352 - Loaded plugin projectmanager (category:projectmanager,tabindex:3)
2024-09-13 12:42:01,220 [INFO] PluginManage:302 - Check plugin thirdparty
2024-09-13 12:42:01,414 [INFO] PluginManage:352 - Loaded plugin thirdparty (category:base,tabindex:-1)
2024-09-13 12:42:01,415 [INFO] PluginManage:302 - Check plugin tools
2024-09-13 12:42:01,415 [WARN] IntegrityCheckThread:78 - waiting for thirdparty lock release [integrity check]
2024-09-13 12:42:01,415 [INFO] IntegrityCheckThread:80 - entering critical section [integrity check]
2024-09-13 12:42:01,416 [INFO] ThirdPartyUpdaterWithRetryManager:66 - Updater plugin not ready yet. [1/15]
2024-09-13 12:42:01,469 [INFO] PluginManage:352 - Loaded plugin tools (category:base,tabindex:7)
2024-09-13 12:42:01,469 [INFO] PluginManage:302 - Check plugin tutovideos
2024-09-13 12:42:01,661 [INFO] PluginManage:352 - Loaded plugin tutovideos (category:base,tabindex:-1)
2024-09-13 12:42:01,661 [INFO] PluginManage:302 - Check plugin updater
2024-09-13 12:42:01,672 [INFO] PluginManage:352 - Loaded plugin updater (category:base,tabindex:12)
2024-09-13 12:42:01,673 [INFO] PluginManage:275 - PluginManage : Loaded plugins [13]
2024-09-13 12:42:01,802 [INFO] PinOutPanel:1463 - setPackage(No Configuration,No Configuration)
2024-09-13 12:42:01,875 [INFO] IPUIPlugin:74 - create IPUIPlugin
2024-09-13 12:42:01,875 [INFO] PluginManager:213 - loadIPPluginJar : add adc
2024-09-13 12:42:01,913 [INFO] IPUIPlugin:74 - create IPUIPlugin
2024-09-13 12:42:01,913 [INFO] PluginManager:213 - loadIPPluginJar : add aes
2024-09-13 12:42:01,953 [INFO] IPUIPlugin:74 - create IPUIPlugin
2024-09-13 12:42:01,953 [INFO] PluginManager:213 - loadIPPluginJar : add can
2024-09-13 12:42:01,980 [INFO] IPUIPlugin:74 - create IPUIPlugin
2024-09-13 12:42:01,980 [INFO] PluginManager:213 - loadIPPluginJar : add comp
2024-09-13 12:42:02,012 [INFO] IPUIPlugin:74 - create IPUIPlugin
2024-09-13 12:42:02,012 [INFO] PluginManager:213 - loadIPPluginJar : add cryp
2024-09-13 12:42:02,045 [INFO] IPUIPlugin:74 - create IPUIPlugin
2024-09-13 12:42:02,046 [INFO] PluginManager:213 - loadIPPluginJar : add dfsdm
2024-09-13 12:42:02,058 [INFO] IPUIPlugin:74 - create IPUIPlugin
2024-09-13 12:42:02,058 [INFO] PluginManager:213 - loadIPPluginJar : add dma
2024-09-13 12:42:02,101 [INFO] IPUIPlugin:74 - create IPUIPlugin
2024-09-13 12:42:02,101 [INFO] PluginManager:213 - loadIPPluginJar : add dma3
2024-09-13 12:42:02,127 [INFO] IPUIPlugin:74 - create IPUIPlugin
2024-09-13 12:42:02,127 [INFO] PluginManager:213 - loadIPPluginJar : add fatfs
2024-09-13 12:42:02,174 [INFO] IPUIPlugin:74 - create IPUIPlugin
2024-09-13 12:42:02,174 [INFO] PluginManager:213 - loadIPPluginJar : add fmc
2024-09-13 12:42:02,186 [INFO] IPUIPlugin:74 - create IPUIPlugin
2024-09-13 12:42:02,187 [INFO] PluginManager:213 - loadIPPluginJar : add freertos
2024-09-13 12:42:02,213 [INFO] IPUIPlugin:74 - create IPUIPlugin
2024-09-13 12:42:02,213 [INFO] PluginManager:213 - loadIPPluginJar : add genericplugin
2024-09-13 12:42:02,292 [INFO] IPUIPlugin:74 - create IPUIPlugin
2024-09-13 12:42:02,292 [INFO] PluginManager:213 - loadIPPluginJar : add gfxmmu
2024-09-13 12:42:02,401 [INFO] IPUIPlugin:74 - create IPUIPlugin
2024-09-13 12:42:02,401 [INFO] PluginManager:213 - loadIPPluginJar : add gic
2024-09-13 12:42:02,413 [INFO] IPUIPlugin:74 - create IPUIPlugin
2024-09-13 12:42:02,413 [INFO] PluginManager:213 - loadIPPluginJar : add gpio
2024-09-13 12:42:02,478 [INFO] IPUIPlugin:74 - create IPUIPlugin
2024-09-13 12:42:02,478 [INFO] PluginManager:213 - loadIPPluginJar : add gtzc
2024-09-13 12:42:02,509 [INFO] IPUIPlugin:74 - create IPUIPlugin
2024-09-13 12:42:02,509 [INFO] PluginManager:213 - loadIPPluginJar : add hash
2024-09-13 12:42:02,557 [INFO] IPUIPlugin:74 - create IPUIPlugin
2024-09-13 12:42:02,557 [INFO] PluginManager:213 - loadIPPluginJar : add i2c
2024-09-13 12:42:02,598 [INFO] IPUIPlugin:74 - create IPUIPlugin
2024-09-13 12:42:02,598 [INFO] PluginManager:213 - loadIPPluginJar : add i2s
2024-09-13 12:42:02,608 [INFO] IPUIPlugin:74 - create IPUIPlugin
2024-09-13 12:42:02,608 [INFO] PluginManager:213 - loadIPPluginJar : add ipddr
2024-09-13 12:42:02,687 [INFO] IPUIPlugin:74 - create IPUIPlugin
2024-09-13 12:42:02,687 [INFO] PluginManager:213 - loadIPPluginJar : add linkedlist
2024-09-13 12:42:02,723 [INFO] IPUIPlugin:74 - create IPUIPlugin
2024-09-13 12:42:02,723 [INFO] PluginManager:213 - loadIPPluginJar : add lorawan
2024-09-13 12:42:02,761 [INFO] IPUIPlugin:74 - create IPUIPlugin
2024-09-13 12:42:02,761 [INFO] PluginManager:213 - loadIPPluginJar : add ltdc
2024-09-13 12:42:02,771 [INFO] IPUIPlugin:74 - create IPUIPlugin
2024-09-13 12:42:02,772 [INFO] PluginManager:213 - loadIPPluginJar : add mdma
2024-09-13 12:42:02,781 [INFO] IPUIPlugin:74 - create IPUIPlugin
2024-09-13 12:42:02,782 [INFO] PluginManager:213 - loadIPPluginJar : add nvic
2024-09-13 12:42:02,819 [INFO] IPUIPlugin:74 - create IPUIPlugin
2024-09-13 12:42:02,819 [INFO] PluginManager:213 - loadIPPluginJar : add opamp
2024-09-13 12:42:02,876 [INFO] IPUIPlugin:74 - create IPUIPlugin
2024-09-13 12:42:02,876 [INFO] PluginManager:213 - loadIPPluginJar : add openamp
2024-09-13 12:42:02,918 [INFO] IPUIPlugin:74 - create IPUIPlugin
2024-09-13 12:42:02,918 [INFO] PluginManager:213 - loadIPPluginJar : add pdm2pcm
2024-09-13 12:42:02,929 [INFO] IPUIPlugin:74 - create IPUIPlugin
2024-09-13 12:42:02,932 [INFO] PluginManager:213 - loadIPPluginJar : add plateformsettings
2024-09-13 12:42:02,959 [INFO] IPUIPlugin:74 - create IPUIPlugin
2024-09-13 12:42:02,959 [INFO] PluginManager:213 - loadIPPluginJar : add quadspi
2024-09-13 12:42:02,969 [INFO] IPUIPlugin:74 - create IPUIPlugin
2024-09-13 12:42:02,969 [INFO] PluginManager:213 - loadIPPluginJar : add resmgrutility
2024-09-13 12:42:03,016 [INFO] IPUIPlugin:74 - create IPUIPlugin
2024-09-13 12:42:03,016 [INFO] PluginManager:213 - loadIPPluginJar : add sai
2024-09-13 12:42:03,054 [INFO] IPUIPlugin:74 - create IPUIPlugin
2024-09-13 12:42:03,054 [INFO] PluginManager:213 - loadIPPluginJar : add spi
2024-09-13 12:42:03,103 [INFO] IPUIPlugin:74 - create IPUIPlugin
2024-09-13 12:42:03,103 [INFO] PluginManager:213 - loadIPPluginJar : add stm32_wpan
2024-09-13 12:42:03,131 [INFO] IPUIPlugin:74 - create IPUIPlugin
2024-09-13 12:42:03,132 [INFO] PluginManager:213 - loadIPPluginJar : add tim
2024-09-13 12:42:03,185 [INFO] IPUIPlugin:74 - create IPUIPlugin
2024-09-13 12:42:03,186 [INFO] PluginManager:213 - loadIPPluginJar : add touchsensing
2024-09-13 12:42:03,212 [INFO] IPUIPlugin:74 - create IPUIPlugin
2024-09-13 12:42:03,213 [INFO] PluginManager:213 - loadIPPluginJar : add tracer_emb
2024-09-13 12:42:03,241 [INFO] IPUIPlugin:74 - create IPUIPlugin
2024-09-13 12:42:03,241 [INFO] PluginManager:213 - loadIPPluginJar : add ts
2024-09-13 12:42:03,268 [INFO] IPUIPlugin:74 - create IPUIPlugin
2024-09-13 12:42:03,268 [INFO] PluginManager:213 - loadIPPluginJar : add tsc
2024-09-13 12:42:03,294 [INFO] IPUIPlugin:74 - create IPUIPlugin
2024-09-13 12:42:03,294 [INFO] PluginManager:213 - loadIPPluginJar : add ucpd
2024-09-13 12:42:03,341 [INFO] IPUIPlugin:74 - create IPUIPlugin
2024-09-13 12:42:03,341 [INFO] PluginManager:213 - loadIPPluginJar : add usart
2024-09-13 12:42:03,379 [INFO] IPUIPlugin:74 - create IPUIPlugin
2024-09-13 12:42:03,379 [INFO] PluginManager:213 - loadIPPluginJar : add usbx
2024-09-13 12:42:03,616 [FATAL] Updater:294 - Updater called before beeing initialized
2024-09-13 12:42:03,691 [FATAL] Updater:294 - Updater called before beeing initialized
2024-09-13 12:42:03,700 [INFO] DbMcusAds:47 - JSON generation date=Thu May 16 16:22:00 ICT 2024 (1715851320667)
2024-09-13 12:42:03,700 [FATAL] Updater:294 - Updater called before beeing initialized
2024-09-13 12:42:03,728 [WARN] DetailPanel:314 - Failed to get advertising image, set to default
2024-09-13 12:42:03,811 [FATAL] Updater:294 - Updater called before beeing initialized
2024-09-13 12:42:03,813 [FATAL] Updater:294 - Updater called before beeing initialized
2024-09-13 12:42:03,813 [FATAL] Updater:294 - Updater called before beeing initialized
2024-09-13 12:42:03,813 [WARN] DetailPanel:314 - Failed to get advertising image, set to default
2024-09-13 12:42:03,814 [FATAL] Updater:294 - Updater called before beeing initialized
2024-09-13 12:42:03,853 [ERROR] Updater:1075 - MainUpdater not yet initialized. External WinMGr cannot be set.
2024-09-13 12:42:03,863 [INFO] Updater:1012 - Updater Version found : 6.3.0
2024-09-13 12:42:03,879 [INFO] ApplicationProperties:181 - Using Application install path: C:\ST\STM32CubeIDE_1.7.0\STM32CubeIDE\plugins\com.st.stm32cube.common.mx_6.3.0.202107141111
2024-09-13 12:42:04,426 [INFO] ThirdPartyUpdaterWithRetryManager:66 - Updater plugin not ready yet. [2/15]
2024-09-13 12:42:04,492 [INFO] MainUpdater:2671 - connection check result : 10
2024-09-13 12:42:04,492 [INFO] MainUpdater:265 - Updater Check For Update Now.
2024-09-13 12:42:04,492 [INFO] MicroXplorer:478 - Change Database Version : DB.6.0.30
2024-09-13 12:42:04,665 [INFO] CheckServerUpdateThread:112 - End of CheckServer Thread
2024-09-13 12:42:04,742 [INFO] MainUpdater:2671 - connection check result : 10
2024-09-13 12:42:04,762 [INFO] McuFinderGlobals:52 - Set McuFinderConnectedMode to true
2024-09-13 12:42:04,986 [INFO] ServerAccessManage:362 - Download File mcusAds.json._tmp_
2024-09-13 12:42:05,108 [INFO] LoadUrlFilesThread:145 - End of LoadUrlFiles Thread
2024-09-13 12:42:07,037 [INFO] ServerAccessManage:362 - Download File mcusDocs.json._tmp_
2024-09-13 12:42:07,431 [WARN] MainUpdater:1122 - Updater busy. Cannot search thirdparties
2024-09-13 12:42:07,431 [INFO] ThirdPartyUpdaterWithRetryManager:92 - Updater plugin is busy. [1/15]
2024-09-13 12:42:07,951 [INFO] LoadUrlFilesThread:145 - End of LoadUrlFiles Thread
2024-09-13 12:42:08,309 [INFO] ServerAccessManage:362 - Download File mcusFeaturesAndDescription.json._tmp_
2024-09-13 12:42:10,160 [INFO] LoadUrlFilesThread:145 - End of LoadUrlFiles Thread
2024-09-13 12:42:10,437 [WARN] MainUpdater:1122 - Updater busy. Cannot search thirdparties
2024-09-13 12:42:10,437 [INFO] ThirdPartyUpdaterWithRetryManager:92 - Updater plugin is busy. [2/15]
2024-09-13 12:42:10,501 [INFO] ServerAccessManage:362 - Download File boardsDocs.json._tmp_
2024-09-13 12:42:10,989 [INFO] LoadUrlFilesThread:145 - End of LoadUrlFiles Thread
2024-09-13 12:42:11,322 [INFO] ServerAccessManage:362 - Download File boards.json._tmp_
2024-09-13 12:42:11,773 [INFO] LoadUrlFilesThread:145 - End of LoadUrlFiles Thread
2024-09-13 12:42:12,055 [INFO] ServerAccessManage:362 - Download File cube-finder-db.zip
2024-09-13 12:42:13,445 [WARN] MainUpdater:1122 - Updater busy. Cannot search thirdparties
2024-09-13 12:42:13,463 [INFO] ThirdPartyUpdaterWithRetryManager:92 - Updater plugin is busy. [3/15]
2024-09-13 12:42:16,467 [WARN] MainUpdater:1122 - Updater busy. Cannot search thirdparties
2024-09-13 12:42:16,467 [INFO] ThirdPartyUpdaterWithRetryManager:92 - Updater plugin is busy. [4/15]
2024-09-13 12:42:16,725 [INFO] FileExtend:235 - Unzip File : cube-finder-db.zip
2024-09-13 12:42:16,725 [INFO] FileExtend:250 - Standard Zip Deflate
2024-09-13 12:42:17,753 [INFO] LoadUrlFilesThread:145 - End of LoadUrlFiles Thread
2024-09-13 12:42:19,482 [WARN] MainUpdater:1122 - Updater busy. Cannot search thirdparties
2024-09-13 12:42:19,482 [INFO] ThirdPartyUpdaterWithRetryManager:92 - Updater plugin is busy. [5/15]
2024-09-13 12:42:20,589 [INFO] ServerAccessManage:362 - Download File crdb.zip
2024-09-13 12:42:22,148 [INFO] FileExtend:235 - Unzip File : crdb.zip
2024-09-13 12:42:22,149 [INFO] FileExtend:250 - Standard Zip Deflate
2024-09-13 12:42:22,287 [INFO] LoadUrlFilesThread:145 - End of LoadUrlFiles Thread
2024-09-13 12:42:22,484 [WARN] MainUpdater:1122 - Updater busy. Cannot search thirdparties
2024-09-13 12:42:22,484 [INFO] ThirdPartyUpdaterWithRetryManager:92 - Updater plugin is busy. [6/15]
2024-09-13 12:42:22,699 [INFO] ServerAccessManage:362 - Download File tutoVideoDB.zip
2024-09-13 12:42:22,762 [INFO] FileExtend:235 - Unzip File : tutoVideoDB.zip
2024-09-13 12:42:22,762 [INFO] FileExtend:250 - Standard Zip Deflate
2024-09-13 12:42:22,882 [INFO] LoadUrlFilesThread:145 - End of LoadUrlFiles Thread
2024-09-13 12:42:22,891 [INFO] DbMcusAds:47 - JSON generation date=Thu May 16 16:22:00 ICT 2024 (1715851320667)
2024-09-13 12:42:22,904 [INFO] DbMcusDocs:143 - JSON generation date=Tue Nov 16 23:17:54 ICT 2021 (1637079474)
2024-09-13 12:42:22,906 [INFO] DbMcusXml:100 - Load MCU database from C:\ST\STM32CubeIDE_1.7.0\STM32CubeIDE\plugins\com.st.stm32cube.common.mx_6.3.0.202107141111\\db\/mcu/families.xml
2024-09-13 12:42:23,614 [INFO] DbMcusJson:93 - JSON generation date=Tue Nov 16 23:17:54 ICT 2021 (1637079474)
2024-09-13 12:42:24,110 [INFO] DbMcus:175 - Found 1951 MCUs (1903 are supported by CubeMX, 1914 are visible in CubeMX)
2024-09-13 12:42:24,112 [INFO] ApiDb:251 - Load user favorites file C:\Users\Azuki/.stm32cubeide/favorites.mcus.txt: 0 item(s)
2024-09-13 12:42:24,112 [INFO] ApiDb:255 - User favorites MCUs=[]
2024-09-13 12:42:24,112 [INFO] DbMcus:187 - Set 0 / 0 favorites MCUs
2024-09-13 12:42:24,429 [INFO] DbMcusDocs:79 - Found 682 MCUs documents
2024-09-13 12:42:24,431 [INFO] ApiDb:276 - Save user favorites file C:\Users\Azuki/.stm32cubeide/favorites.mcus.txt: 0 item(s)
2024-09-13 12:42:24,431 [INFO] ApiDb:280 - User favorites MCUs=[]
2024-09-13 12:42:24,431 [INFO] DbMcusXml:100 - Load MCU database from C:\ST\STM32CubeIDE_1.7.0\STM32CubeIDE\plugins\com.st.stm32cube.common.mx_6.3.0.202107141111\\db\/mcu/families.xml
2024-09-13 12:42:24,896 [INFO] DbMcusJson:93 - JSON generation date=Tue Nov 16 23:17:54 ICT 2021 (1637079474)
2024-09-13 12:42:25,304 [INFO] DbMcus:175 - Found 1951 MCUs (1903 are supported by CubeMX, 1914 are visible in CubeMX)
2024-09-13 12:42:25,304 [INFO] ApiDb:251 - Load user favorites file C:\Users\Azuki/.stm32cubeide/favorites.mcus.txt: 0 item(s)
2024-09-13 12:42:25,304 [INFO] ApiDb:255 - User favorites MCUs=[]
2024-09-13 12:42:25,305 [INFO] DbMcus:187 - Set 0 / 0 favorites MCUs
2024-09-13 12:42:25,309 [INFO] DbBoardsDocs:143 - JSON generation date=Tue Nov 16 23:17:54 ICT 2021 (1637079474)
2024-09-13 12:42:25,325 [INFO] DbBoardsPdsc:90 - Found 25 items
2024-09-13 12:42:25,334 [INFO] DbBoardsPdsc:90 - Found 9 items
2024-09-13 12:42:25,344 [INFO] DbBoardsPdsc:90 - Found 33 items
2024-09-13 12:42:25,352 [INFO] DbBoardsPdsc:90 - Found 1 items
2024-09-13 12:42:25,364 [INFO] DbBoardsPdsc:90 - Found 48 items
2024-09-13 12:42:25,376 [INFO] DbBoardsPdsc:90 - Found 43 items
2024-09-13 12:42:25,384 [INFO] DbBoardsPdsc:90 - Found 2 items
2024-09-13 12:42:25,392 [INFO] DbBoardsPdsc:90 - Found 5 items
2024-09-13 12:42:25,396 [WARN] DbBoardsPdsc:254 - Board STM32H7B3I-DK: unknown feature type=Audio, name=, username=Audio stereo codec with Headphone Amp (CS42L51-CNZ), n=1
2024-09-13 12:42:25,397 [WARN] DbBoardsPdsc:254 - Board STM32H735G-DK: unknown feature type=Audio, name=, username=Audio stereo codec with Headphone Amp (WM8994ECS/R), n=1
2024-09-13 12:42:25,398 [WARN] DbBoardsPdsc:254 - Board STM32H7B3I-EVAL: unknown feature type=Audio, name=, username=Multi-Channel Audio Codec (CS42L51-CNZ), n=1
2024-09-13 12:42:25,398 [WARN] DbBoardsPdsc:254 - Board STM32H7B3I-EVAL: unknown feature type=Meter, name=, username=Power-metering and Temperature-monitoring with sigma-delta modulators, n=1
2024-09-13 12:42:25,398 [WARN] DbBoardsPdsc:254 - Board STM32H7B3I-EVAL: unknown feature type=Motor, name=, username=Motor Control, n=1
2024-09-13 12:42:25,398 [WARN] DbBoardsPdsc:254 - Board STM32U575I-EV: unknown feature type=joystick, name=, username=4-direction joystick with selection button, n=1
2024-09-13 12:42:25,410 [INFO] DbBoardsJson:86 - JSON generation date=Tue Nov 16 23:17:54 ICT 2021 (1637079474)
2024-09-13 12:42:25,415 [INFO] DbBoards:117 - Found 167 boards (163 are supported by CubeMX)
2024-09-13 12:42:25,416 [INFO] DbBoardsDocs:143 - JSON generation date=Tue Nov 16 23:17:54 ICT 2021 (1637079474)
2024-09-13 12:42:25,418 [INFO] DbBoardsDocs:79 - Found 209 boards documents
2024-09-13 12:42:25,419 [WARN] DbBoards:127 - board B-L475E-IOT01A2 has no document id list !
2024-09-13 12:42:25,420 [WARN] DbBoards:127 - board NUCLEO-H743ZI has no document id list !
2024-09-13 12:42:25,420 [WARN] DbBoards:127 - board NUCLEO-WL55JC2 has no document id list !
2024-09-13 12:42:25,420 [WARN] DbBoards:127 - board P-NUCLEO-WB55-Nucleo has no document id list !
2024-09-13 12:42:25,421 [WARN] DbBoards:127 - board P-NUCLEO-WB55-USBDongle has no document id list !
2024-09-13 12:42:25,421 [WARN] DbBoards:127 - board STEVAL-BFA001V1B has no document id list !
2024-09-13 12:42:25,421 [WARN] DbBoards:127 - board STEVAL-BFA001V2B has no document id list !
2024-09-13 12:42:25,421 [WARN] DbBoards:127 - board STEVAL-IDP005V1 has no document id list !
2024-09-13 12:42:25,421 [WARN] DbBoards:127 - board STEVAL-IDP005V2 has no document id list !
2024-09-13 12:42:25,421 [WARN] DbBoards:127 - board STEVAL-MKSBOX1V1 has no document id list !
2024-09-13 12:42:25,421 [WARN] DbBoards:127 - board STEVAL-STWINKT1 has no document id list !
2024-09-13 12:42:25,421 [WARN] DbBoards:127 - board STEVAL-STWINKT1B has no document id list !
2024-09-13 12:42:25,421 [WARN] DbBoards:127 - board STM32439I-EVAL2 has no document id list !
2024-09-13 12:42:25,421 [WARN] DbBoards:127 - board STM32F401C-DISCO has no document id list !
2024-09-13 12:42:25,421 [WARN] DbBoards:127 - board STM32F769I-DISC1 has no document id list !
2024-09-13 12:42:25,422 [WARN] DbBoards:127 - board STM32G474E-EVAL1 has no document id list !
2024-09-13 12:42:25,422 [WARN] DbBoards:127 - board STM32H743I-EVAL2 has no document id list !
2024-09-13 12:42:25,422 [WARN] DbBoards:127 - board STM32H747I-DISC1 has no document id list !
2024-09-13 12:42:25,422 [WARN] DbBoards:127 - board STM32H753I-EVAL2 has no document id list !
2024-09-13 12:42:25,422 [WARN] DbBoards:127 - board STM32L-DISCOVERY has no document id list !
2024-09-13 12:42:25,516 [ERROR] DbBoards:189 - Image file not found for board B-U585I-IOT02A: C:\ST\STM32CubeIDE_1.7.0\STM32CubeIDE\plugins\com.st.stm32cube.common.mx_6.3.0.202107141111\\db\/plugins/mcufinder/images/boards/B-U585I-IOT02A_small.jpg
2024-09-13 12:42:25,590 [ERROR] DbBoards:189 - Image file not found for board NUCLEO-F413ZH: C:\ST\STM32CubeIDE_1.7.0\STM32CubeIDE\plugins\com.st.stm32cube.common.mx_6.3.0.202107141111\\db\/plugins/mcufinder/images/boards/nucleo-f413zh_small.jpg
2024-09-13 12:42:25,596 [ERROR] Engine:463 - C:\Users\Azuki\.stm32cubemx\thirdparties\pdsc\STMicroelectronics.FP-SNS-MOTENVWB1.1.4.0.pdsc: PDSC version is not supported
2024-09-13 12:42:25,607 [ERROR] Engine:463 - C:\Users\Azuki\.stm32cubemx\thirdparties\pdsc\STMicroelectronics.X-CUBE-SMBUS.2.1.0.pdsc: PDSC version is not supported
2024-09-13 12:42:25,690 [WARN] PackLoader:238 - Cannot read IP mode file for STMicroelectronics.X-CUBE-AZRTOS-F7.1.1.0
2024-09-13 12:42:25,748 [WARN] PackLoader:238 - Cannot read IP mode file for STMicroelectronics.X-CUBE-MEMS1.11.0.0
2024-09-13 12:42:25,774 [ERROR] DbBoards:189 - Image file not found for board NUCLEO-L552ZE-Q: C:\ST\STM32CubeIDE_1.7.0\STM32CubeIDE\plugins\com.st.stm32cube.common.mx_6.3.0.202107141111\\db\/plugins/mcufinder/images/boards/nucleo_l552ze_q_small.jpg
2024-09-13 12:42:25,775 [ERROR] DbBoards:189 - Image file not found for board NUCLEO-U575ZI-Q: C:\ST\STM32CubeIDE_1.7.0\STM32CubeIDE\plugins\com.st.stm32cube.common.mx_6.3.0.202107141111\\db\/plugins/mcufinder/images/boards/nucleo-u575zi-q_small.jpg
2024-09-13 12:42:25,775 [ERROR] DbBoards:189 - Image file not found for board NUCLEO-WB15CC: C:\ST\STM32CubeIDE_1.7.0\STM32CubeIDE\plugins\com.st.stm32cube.common.mx_6.3.0.202107141111\\db\/plugins/mcufinder/images/boards/nucleo-wb15cc_small.jpg
2024-09-13 12:42:25,775 [ERROR] DbBoards:189 - Image file not found for board NUCLEO-WB55RG: C:\ST\STM32CubeIDE_1.7.0\STM32CubeIDE\plugins\com.st.stm32cube.common.mx_6.3.0.202107141111\\db\/plugins/mcufinder/images/boards/nucleo-wb55rg_small.jpg
2024-09-13 12:42:25,912 [ERROR] Engine:463 - C:\Users\Azuki\.stm32cubemx\thirdparties\pdsc\STMicroelectronics.FP-SNS-FLIGHT1.5.0.2.pdsc: PDSC version is not supported
2024-09-13 12:42:25,922 [ERROR] Engine:463 - C:\Users\Azuki\.stm32cubemx\thirdparties\pdsc\STMicroelectronics.X-CUBE-DISPLAY.3.0.0.pdsc: PDSC version is not supported
2024-09-13 12:42:25,932 [WARN] PackLoader:238 - Cannot read IP mode file for STMicroelectronics.X-CUBE-BLE1.7.0.0
2024-09-13 12:42:25,942 [ERROR] Engine:463 - C:\Users\Azuki\.stm32cubemx\thirdparties\pdsc\emotas.I-CUBE-CANOPEN.1.3.0.pdsc: PDSC version is not supported
2024-09-13 12:42:25,952 [ERROR] Engine:463 - C:\Users\Azuki\.stm32cubemx\thirdparties\pdsc\STMicroelectronics.X-CUBE-BLEMGR.3.1.0.pdsc: PDSC version is not supported
2024-09-13 12:42:25,961 [ERROR] Engine:463 - C:\Users\Azuki\.stm32cubemx\thirdparties\pdsc\STMicroelectronics.FP-SNS-SMARTAG2.1.2.0.pdsc: PDSC version is not supported
2024-09-13 12:42:25,977 [INFO] LogOutputStream:76 - [STDOUT_REDIRECT] 1 : Invalid condition id : UX_CORESTACK_Condition cause : null
2024-09-13 12:42:25,979 [INFO] LogOutputStream:76 - [STDOUT_REDIRECT] 1 : Invalid condition id : UX_CORESTACK_Condition cause : null
2024-09-13 12:42:25,979 [INFO] LogOutputStream:76 - [STDOUT_REDIRECT] 1 : Invalid condition id : UX_CORESTACK_Condition cause : null
2024-09-13 12:42:25,980 [INFO] LogOutputStream:76 - [STDOUT_REDIRECT] 1 : Invalid condition id : UX_CORESTACK_Condition cause : null
2024-09-13 12:42:25,980 [INFO] LogOutputStream:76 - [STDOUT_REDIRECT] 1 : Invalid condition id : UX_CORESTACK_Condition cause : null
2024-09-13 12:42:25,983 [WARN] PackLoader:238 - Cannot read IP mode file for STMicroelectronics.X-CUBE-AZRTOS-WL.2.0.0
2024-09-13 12:42:25,993 [ERROR] Engine:463 - C:\Users\Azuki\.stm32cubemx\thirdparties\pdsc\STMicroelectronics.FP-SNS-MOTENV1.5.0.0.pdsc: PDSC version is not supported
2024-09-13 12:42:26,002 [WARN] PackLoader:238 - Cannot read IP mode file for wolfSSL.I-CUBE-wolfMQTT.1.19.0
2024-09-13 12:42:26,015 [WARN] PackLoader:238 - Cannot read IP mode file for WES.I-CUBE-Cesium.1.3.0
2024-09-13 12:42:26,026 [WARN] PackLoader:238 - Cannot read IP mode file for STMicroelectronics.X-CUBE-BLE2.3.3.0
2024-09-13 12:42:26,036 [ERROR] Engine:463 - C:\Users\Azuki\.stm32cubemx\thirdparties\pdsc\STMicroelectronics.X-CUBE-TCPP.4.1.0.pdsc: PDSC version is not supported
2024-09-13 12:42:26,057 [WARN] PackLoader:238 - Cannot read IP mode file for STMicroelectronics.X-CUBE-AZRTOS-G0.1.1.0
2024-09-13 12:42:26,070 [WARN] PackLoader:238 - Cannot read IP mode file for STMicroelectronics.X-CUBE-SAFEA1.1.2.2
2024-09-13 12:42:26,082 [WARN] PackLoader:238 - Cannot read IP mode file for STMicroelectronics.X-CUBE-NFC4.3.0.0
2024-09-13 12:42:26,092 [ERROR] Engine:463 - C:\Users\Azuki\.stm32cubemx\thirdparties\pdsc\EmbeddedOffice.I-CUBE-FS-RTOS.1.0.1.pdsc: PDSC version is not supported
2024-09-13 12:42:26,103 [ERROR] Engine:463 - C:\Users\Azuki\.stm32cubemx\thirdparties\pdsc\RealThread.X-CUBE-RT-Thread_Nano.4.1.1.pdsc: PDSC version is not supported
2024-09-13 12:42:26,112 [WARN] PackLoader:238 - Cannot read IP mode file for STMicroelectronics.FP-ATR-SIGFOX1.3.2.0
2024-09-13 12:42:26,121 [WARN] PackLoader:238 - Cannot read IP mode file for wolfSSL.I-CUBE-wolfSSL.5.7.2
2024-09-13 12:42:26,131 [WARN] PackLoader:238 - Cannot read IP mode file for STMicroelectronics.X-CUBE-EEPRMA1.5.1.0
2024-09-13 12:42:26,142 [ERROR] Engine:463 - C:\Users\Azuki\.stm32cubemx\thirdparties\pdsc\ITTIA_DB.I-CUBE-ITTIADB.8.9.0.pdsc: PDSC version is not supported
2024-09-13 12:42:26,173 [WARN] PackLoader:238 - Cannot read IP mode file for SEGGER.I-CUBE-embOS.1.3.1
2024-09-13 12:42:26,228 [WARN] PackLoader:238 - Cannot read IP mode file for STMicroelectronics.X-CUBE-ALGOBUILD.1.4.0
2024-09-13 12:42:26,241 [WARN] PackLoader:238 - Cannot read IP mode file for STMicroelectronics.X-CUBE-GNSS1.6.0.0
2024-09-13 12:42:26,268 [WARN] PackLoader:238 - Cannot read IP mode file for STMicroelectronics.X-CUBE-AZRTOS-F4.1.1.0
2024-09-13 12:42:26,285 [ERROR] Engine:463 - C:\Users\Azuki\.stm32cubemx\thirdparties\pdsc\STMicroelectronics.X-CUBE-FREERTOS.1.2.0.pdsc: PDSC version is not supported
2024-09-13 12:42:26,311 [WARN] PackLoader:238 - Cannot read IP mode file for STMicroelectronics.X-CUBE-AZRTOS-L5.2.0.0
2024-09-13 12:42:26,327 [WARN] PackLoader:238 - Cannot read IP mode file for STMicroelectronics.X-CUBE-NFC6.3.1.0
2024-09-13 12:42:26,339 [ERROR] Engine:463 - C:\Users\Azuki\.stm32cubemx\thirdparties\pdsc\STMicroelectronics.X-CUBE-DPower.1.2.0.pdsc: PDSC version is not supported
2024-09-13 12:42:26,348 [WARN] PackLoader:238 - Cannot read IP mode file for STMicroelectronics.X-CUBE-AI.9.0.0
2024-09-13 12:42:26,359 [WARN] PackLoader:238 - Cannot read IP mode file for STMicroelectronics.X-CUBE-NFC7.1.0.1
2024-09-13 12:42:26,382 [WARN] ConditionMgr:437 - getConditionDescription Invalid condition id : LAN8742 Phy interface Condition cause : null
2024-09-13 12:42:26,383 [WARN] PackLoader:238 - Cannot read IP mode file for STMicroelectronics.X-CUBE-AZRTOS-L4.2.0.0
2024-09-13 12:42:26,384 [WARN] ConditionMgr:1038 - genDependencies : Invalid condition id : LAN8742 Phy interface Condition cause : null
2024-09-13 12:42:26,384 [WARN] ConditionMgr:1038 - genDependencies : Invalid condition id : LAN8742 Phy interface Condition cause : null
2024-09-13 12:42:26,384 [WARN] ConditionMgr:1038 - genDependencies : Invalid condition id : LAN8742 Phy interface Condition cause : null
2024-09-13 12:42:26,396 [WARN] PackLoader:238 - Cannot read IP mode file for STMicroelectronics.X-CUBE-SFXS2LP1.4.0.0
2024-09-13 12:42:26,422 [WARN] PackLoader:238 - Cannot read IP mode file for STMicroelectronics.X-CUBE-AZRTOS-H7.3.3.0
2024-09-13 12:42:26,445 [WARN] ConditionMgr:437 - getConditionDescription Invalid condition id : UX DEVICE CLASS RTOS Condition cause : null
2024-09-13 12:42:26,445 [WARN] ConditionMgr:437 - getConditionDescription Invalid condition id : UX DEVICE CLASS RTOS Condition cause : null
2024-09-13 12:42:26,447 [WARN] PackLoader:238 - Cannot read IP mode file for STMicroelectronics.X-CUBE-AZRTOS-WB.2.0.0
2024-09-13 12:42:26,447 [WARN] ConditionMgr:1038 - genDependencies : Invalid condition id : UX DEVICE CLASS RTOS Condition cause : null
2024-09-13 12:42:26,447 [WARN] ConditionMgr:1038 - genDependencies : Invalid condition id : UX DEVICE CLASS RTOS Condition cause : null
2024-09-13 12:42:26,447 [WARN] ConditionMgr:1038 - genDependencies : Invalid condition id : UX DEVICE CLASS RTOS Condition cause : null
2024-09-13 12:42:26,448 [WARN] ConditionMgr:1038 - genDependencies : Invalid condition id : UX DEVICE CLASS RTOS Condition cause : null
2024-09-13 12:42:26,448 [WARN] ConditionMgr:1038 - genDependencies : Invalid condition id : UX DEVICE CLASS RTOS Condition cause : null
2024-09-13 12:42:26,458 [WARN] PackLoader:238 - Cannot read IP mode file for STMicroelectronics.X-CUBE-GNSS1.7.0.0
2024-09-13 12:42:26,468 [ERROR] Engine:463 - C:\Users\Azuki\.stm32cubemx\thirdparties\pdsc\STMicroelectronics.FP-SNS-STBOX1.2.0.0.pdsc: PDSC version is not supported
2024-09-13 12:42:26,481 [WARN] PackLoader:238 - Cannot read IP mode file for STMicroelectronics.X-CUBE-SUBG2.5.0.0
2024-09-13 12:42:26,493 [ERROR] Engine:463 - C:\Users\Azuki\.stm32cubemx\thirdparties\pdsc\Cesanta.I-CUBE-Mongoose.7.13.0.pdsc: PDSC version is not supported
2024-09-13 12:42:26,512 [WARN] PackLoader:238 - Cannot read IP mode file for STMicroelectronics.X-CUBE-AZRTOS-G4.2.0.0
2024-09-13 12:42:26,523 [WARN] PackLoader:238 - Cannot read IP mode file for STMicroelectronics.X-CUBE-ISPU.2.0.0
2024-09-13 12:42:26,532 [ERROR] Engine:463 - C:\Users\Azuki\.stm32cubemx\thirdparties\pdsc\STMicroelectronics.X-CUBE-ALS.1.0.2.pdsc: PDSC version is not supported
2024-09-13 12:42:26,542 [WARN] PackLoader:238 - Cannot read IP mode file for STMicroelectronics.X-CUBE-TOUCHGFX.4.24.0
2024-09-13 12:42:26,551 [WARN] PackLoader:238 - Cannot read IP mode file for wolfSSL.I-CUBE-wolfTPM.3.4.0
2024-09-13 12:42:26,561 [WARN] PackLoader:238 - Cannot read IP mode file for portGmbH.I-Cube-SoM-uGOAL.1.1.0
2024-09-13 12:42:26,584 [WARN] PackLoader:238 - Cannot read IP mode file for STMicroelectronics.X-CUBE-AZRTOS-H7RS.1.0.0
2024-09-13 12:42:26,596 [WARN] PackLoader:238 - Cannot read IP mode file for STMicroelectronics.FP-ATR-ASTRA1.2.0.0
2024-09-13 12:42:26,607 [ERROR] Engine:463 - C:\Users\Azuki\.stm32cubemx\thirdparties\pdsc\STMicroelectronics.X-CUBE-TOF1.3.4.2.pdsc: PDSC version is not supported
2024-09-13 12:42:26,620 [ERROR] Engine:463 - C:\Users\Azuki\.stm32cubemx\thirdparties\pdsc\Infineon.AIROC-Wi-Fi-Bluetooth-STM32.1.6.1.pdsc: PDSC version is not supported
2024-09-13 12:42:26,629 [WARN] PackLoader:238 - Cannot read IP mode file for wolfSSL.I-CUBE-wolfSSH.1.4.17
2024-09-13 12:42:26,629 [INFO] ThirdParty:915 - Integrity check success = true
2024-09-13 12:42:26,629 [INFO] IntegrityCheckThread:94 - exiting critical section [integrity check]
2024-09-13 12:42:26,629 [INFO] IntegrityCheckThread:97 - End integrity checks thread
2024-09-13 12:42:26,674 [INFO] ApiDb:251 - Load user favorites file C:\Users\Azuki/.stm32cubeide/favorites.boards.txt: 0 item(s)
2024-09-13 12:42:26,675 [INFO] ApiDb:255 - User favorites Boards=[]
2024-09-13 12:42:26,675 [INFO] DbBoards:206 - Set 0 / 0 favorites Boards
2024-09-13 12:42:26,677 [INFO] DbBoardsDocs:79 - Found 418 boards documents
2024-09-13 12:42:26,677 [INFO] ApiDb:276 - Save user favorites file C:\Users\Azuki/.stm32cubeide/favorites.boards.txt: 0 item(s)
2024-09-13 12:42:26,677 [INFO] ApiDb:280 - User favorites Boards=[]
2024-09-13 12:42:26,680 [INFO] DbBoardsPdsc:90 - Found 25 items
2024-09-13 12:42:26,681 [INFO] DbBoardsPdsc:90 - Found 9 items
2024-09-13 12:42:26,683 [INFO] DbBoardsPdsc:90 - Found 33 items
2024-09-13 12:42:26,683 [INFO] DbBoardsPdsc:90 - Found 1 items
2024-09-13 12:42:26,687 [INFO] DbBoardsPdsc:90 - Found 48 items
2024-09-13 12:42:26,691 [INFO] DbBoardsPdsc:90 - Found 43 items
2024-09-13 12:42:26,691 [INFO] DbBoardsPdsc:90 - Found 2 items
2024-09-13 12:42:26,692 [INFO] DbBoardsPdsc:90 - Found 5 items
2024-09-13 12:42:26,694 [WARN] DbBoardsPdsc:254 - Board STM32H7B3I-DK: unknown feature type=Audio, name=, username=Audio stereo codec with Headphone Amp (CS42L51-CNZ), n=1
2024-09-13 12:42:26,694 [WARN] DbBoardsPdsc:254 - Board STM32H735G-DK: unknown feature type=Audio, name=, username=Audio stereo codec with Headphone Amp (WM8994ECS/R), n=1
2024-09-13 12:42:26,695 [WARN] DbBoardsPdsc:254 - Board STM32H7B3I-EVAL: unknown feature type=Audio, name=, username=Multi-Channel Audio Codec (CS42L51-CNZ), n=1
2024-09-13 12:42:26,695 [WARN] DbBoardsPdsc:254 - Board STM32H7B3I-EVAL: unknown feature type=Meter, name=, username=Power-metering and Temperature-monitoring with sigma-delta modulators, n=1
2024-09-13 12:42:26,695 [WARN] DbBoardsPdsc:254 - Board STM32H7B3I-EVAL: unknown feature type=Motor, name=, username=Motor Control, n=1
2024-09-13 12:42:26,695 [WARN] DbBoardsPdsc:254 - Board STM32U575I-EV: unknown feature type=joystick, name=, username=4-direction joystick with selection button, n=1
2024-09-13 12:42:26,707 [INFO] DbBoardsJson:86 - JSON generation date=Tue Nov 16 23:17:54 ICT 2021 (1637079474)
2024-09-13 12:42:26,711 [INFO] DbBoards:117 - Found 167 boards (163 are supported by CubeMX)
2024-09-13 12:42:26,711 [WARN] DbBoards:127 - board B-L475E-IOT01A2 has no document id list !
2024-09-13 12:42:26,712 [WARN] DbBoards:127 - board NUCLEO-H743ZI has no document id list !
2024-09-13 12:42:26,712 [WARN] DbBoards:127 - board NUCLEO-WL55JC2 has no document id list !
2024-09-13 12:42:26,712 [WARN] DbBoards:127 - board P-NUCLEO-WB55-Nucleo has no document id list !
2024-09-13 12:42:26,712 [WARN] DbBoards:127 - board P-NUCLEO-WB55-USBDongle has no document id list !
2024-09-13 12:42:26,712 [WARN] DbBoards:127 - board STEVAL-BFA001V1B has no document id list !
2024-09-13 12:42:26,712 [WARN] DbBoards:127 - board STEVAL-BFA001V2B has no document id list !
2024-09-13 12:42:26,712 [WARN] DbBoards:127 - board STEVAL-IDP005V1 has no document id list !
2024-09-13 12:42:26,712 [WARN] DbBoards:127 - board STEVAL-IDP005V2 has no document id list !
2024-09-13 12:42:26,713 [WARN] DbBoards:127 - board STEVAL-MKSBOX1V1 has no document id list !
2024-09-13 12:42:26,713 [WARN] DbBoards:127 - board STEVAL-STWINKT1 has no document id list !
2024-09-13 12:42:26,713 [WARN] DbBoards:127 - board STEVAL-STWINKT1B has no document id list !
2024-09-13 12:42:26,713 [WARN] DbBoards:127 - board STM32439I-EVAL2 has no document id list !
2024-09-13 12:42:26,713 [WARN] DbBoards:127 - board STM32F401C-DISCO has no document id list !
2024-09-13 12:42:26,713 [WARN] DbBoards:127 - board STM32F769I-DISC1 has no document id list !
2024-09-13 12:42:26,713 [WARN] DbBoards:127 - board STM32G474E-EVAL1 has no document id list !
2024-09-13 12:42:26,713 [WARN] DbBoards:127 - board STM32H743I-EVAL2 has no document id list !
2024-09-13 12:42:26,713 [WARN] DbBoards:127 - board STM32H747I-DISC1 has no document id list !
2024-09-13 12:42:26,713 [WARN] DbBoards:127 - board STM32H753I-EVAL2 has no document id list !
2024-09-13 12:42:26,713 [WARN] DbBoards:127 - board STM32L-DISCOVERY has no document id list !
2024-09-13 12:42:26,770 [ERROR] DbBoards:189 - Image file not found for board B-U585I-IOT02A: C:\ST\STM32CubeIDE_1.7.0\STM32CubeIDE\plugins\com.st.stm32cube.common.mx_6.3.0.202107141111\\db\/plugins/mcufinder/images/boards/B-U585I-IOT02A_small.jpg
2024-09-13 12:42:26,827 [ERROR] DbBoards:189 - Image file not found for board NUCLEO-F413ZH: C:\ST\STM32CubeIDE_1.7.0\STM32CubeIDE\plugins\com.st.stm32cube.common.mx_6.3.0.202107141111\\db\/plugins/mcufinder/images/boards/nucleo-f413zh_small.jpg
2024-09-13 12:42:26,960 [ERROR] DbBoards:189 - Image file not found for board NUCLEO-L552ZE-Q: C:\ST\STM32CubeIDE_1.7.0\STM32CubeIDE\plugins\com.st.stm32cube.common.mx_6.3.0.202107141111\\db\/plugins/mcufinder/images/boards/nucleo_l552ze_q_small.jpg
2024-09-13 12:42:26,960 [ERROR] DbBoards:189 - Image file not found for board NUCLEO-U575ZI-Q: C:\ST\STM32CubeIDE_1.7.0\STM32CubeIDE\plugins\com.st.stm32cube.common.mx_6.3.0.202107141111\\db\/plugins/mcufinder/images/boards/nucleo-u575zi-q_small.jpg
2024-09-13 12:42:26,960 [ERROR] DbBoards:189 - Image file not found for board NUCLEO-WB15CC: C:\ST\STM32CubeIDE_1.7.0\STM32CubeIDE\plugins\com.st.stm32cube.common.mx_6.3.0.202107141111\\db\/plugins/mcufinder/images/boards/nucleo-wb15cc_small.jpg
2024-09-13 12:42:26,960 [ERROR] DbBoards:189 - Image file not found for board NUCLEO-WB55RG: C:\ST\STM32CubeIDE_1.7.0\STM32CubeIDE\plugins\com.st.stm32cube.common.mx_6.3.0.202107141111\\db\/plugins/mcufinder/images/boards/nucleo-wb55rg_small.jpg
2024-09-13 12:42:27,498 [INFO] ApiDb:251 - Load user favorites file C:\Users\Azuki/.stm32cubeide/favorites.boards.txt: 0 item(s)
2024-09-13 12:42:27,498 [INFO] ApiDb:255 - User favorites Boards=[]
2024-09-13 12:42:27,498 [INFO] DbBoards:206 - Set 0 / 0 favorites Boards
2024-09-13 12:42:27,506 [INFO] LoadUrlFilesThread:172 - End of LoadServerUrlFiles without Thread
2024-09-13 12:42:27,506 [INFO] TargetSelectorAdapter:224 - Refresh data is successful
2024-09-13 12:42:27,623 [INFO] ApiDb:479 - Connected to CubeFinder SQLite database (C:\Users\Azuki\.stmcufinder\plugins\mcufinder\mcu\cube-finder-db.db)
2024-09-13 12:42:28,127 [ERROR] DbExamplesSqlite:446 - Missing JSON key: board_cpn
2024-09-13 12:42:28,128 [ERROR] DbExamplesSqlite:446 - Missing JSON key: board_cpn
2024-09-13 12:42:28,128 [ERROR] DbExamplesSqlite:446 - Missing JSON key: board_cpn
2024-09-13 12:42:28,128 [ERROR] DbExamplesSqlite:446 - Missing JSON key: board_cpn
2024-09-13 12:42:28,199 [ERROR] DbExamplesSqlite:446 - Missing JSON key: board_cpn
2024-09-13 12:42:28,199 [ERROR] DbExamplesSqlite:446 - Missing JSON key: board_cpn
2024-09-13 12:42:28,199 [ERROR] DbExamplesSqlite:446 - Missing JSON key: board_cpn
2024-09-13 12:42:28,199 [ERROR] DbExamplesSqlite:446 - Missing JSON key: board_cpn
2024-09-13 12:42:28,200 [ERROR] DbExamplesSqlite:446 - Missing JSON key: board_cpn
2024-09-13 12:42:28,200 [ERROR] DbExamplesSqlite:446 - Missing JSON key: board_cpn
2024-09-13 12:42:28,200 [ERROR] DbExamplesSqlite:446 - Missing JSON key: board_cpn
2024-09-13 12:42:28,200 [ERROR] DbExamplesSqlite:446 - Missing JSON key: board_cpn
2024-09-13 12:42:28,200 [ERROR] DbExamplesSqlite:446 - Missing JSON key: board_cpn
2024-09-13 12:42:28,200 [INFO] DbExamplesSqlite:411 - Ignored 28 examples not supported by CubeIDE
2024-09-13 12:42:28,200 [INFO] DbExamplesSqlite:412 - Found 8608 examples active
2024-09-13 12:42:28,200 [INFO] DbExamplesSqlite:413 - Found 0 examples obsolete
2024-09-13 12:42:28,200 [INFO] DbExamplesSqlite:414 - Found 0 examples under development
2024-09-13 12:42:28,201 [INFO] DbExamplesSqlite:415 - Found 10 examples not building
2024-09-13 12:42:28,239 [INFO] DbExamplesSqlite:108 - CubeFinder database Data Model version=2.1
2024-09-13 12:42:28,239 [INFO] DbExamplesSqlite:109 - CubeFinder database Configuration version=3.0.39
2024-09-13 12:42:28,239 [INFO] DbExamplesSqlite:110 - CubeFinder database generation date=2024-08-06 (1722941618)
2024-09-13 12:42:28,239 [INFO] DbExamplesSqlite:111 - CubeFinder database FW Pack versions=[FP-ATR-ASTRA1_V2.0.0, FP-SNS-FLIGHT1_V5.0.2, FP-SNS-MOTENV1_V5.0.0, FP-SNS-MOTENVWB1_V1.4.0, FP-SNS-SMARTAG2_V1.2.0, FP-SNS-STBOX1_V2.0.0, STM32Cube_FW_C0_V1.2.0, STM32Cube_FW_F4_V1.28.0, STM32Cube_FW_F7_V1.17.2, STM32Cube_FW_G0_V1.6.2, STM32Cube_FW_G4_V1.6.0, STM32Cube_FW_H5_V1.3.0, STM32Cube_FW_H7RS_V1.1.0, STM32Cube_FW_H7_V1.11.2, STM32Cube_FW_L0_V1.12.2, STM32Cube_FW_L5_V1.5.1, STM32Cube_FW_U0_V1.1.0, STM32Cube_FW_U5_V1.6.0, STM32Cube_FW_WB0_V1.0.0, STM32Cube_FW_WBA_V1.4.1, STM32Cube_FW_WB_V1.20.0, STM32Cube_FW_WL_V1.3.0, X-CUBE-ALGOBUILD_V1.4.0, X-CUBE-ALS_V1.0.2, X-CUBE-AZRTOS-F4_V1.1.0, X-CUBE-AZRTOS-F7_V1.1.0, X-CUBE-AZRTOS-G0_V1.1.0, X-CUBE-AZRTOS-G4_V2.0.0, X-CUBE-AZRTOS-H7RS_V1.0.0, X-CUBE-AZRTOS-H7_V3.2.0, X-CUBE-AZRTOS-L4_V2.0.0, X-CUBE-AZRTOS-L5_V1.1.0, X-CUBE-AZRTOS-WB_V2.0.0, X-CUBE-AZRTOS-WL_V2.0.0, X-CUBE-BLE1_V7.0.0, X-CUBE-BLE2_V3.3.0, X-CUBE-BLEMGR_V3.1.0, X-CUBE-EEPRMA1_V5.1.0, X-CUBE-FREERTOS_V1.2.0, X-CUBE-GNSS1_V6.0.0, X-CUBE-MEMS1_V10.0.0, X-CUBE-NFC4_V3.0.0, X-CUBE-NFC7_V1.0.1, X-CUBE-SFXS2LP1_V4.0.0, X-CUBE-SUBG2_V5.0.0, X-CUBE-TOF1_V3.4.2]
2024-09-13 12:42:28,240 [INFO] DbExamples:130 - Found 8590 examples
2024-09-13 12:42:28,704 [ERROR] DbExamples:206 - Found 8590 examples with invalid data (board or MCU)
2024-09-13 12:42:28,704 [INFO] DbExamples:222 - Found 80 boards with related examples
2024-09-13 12:42:28,705 [INFO] DbExamples:235 - Found 0 MCUs with related examples
2024-09-13 12:42:28,723 [INFO] ApiDb:242 - User favorites file not found: C:\Users\Azuki/.stm32cubeide/favorites.examples.txt
2024-09-13 12:42:28,724 [INFO] DbExamples:256 - Set 0 / 0 favorites Examples
2024-09-13 12:42:28,988 [INFO] McuFinderGlobals:52 - Set McuFinderConnectedMode to false
2024-09-13 12:42:29,067 [INFO] CrossSelectorPresenter:1330 - Cross Selector saved comparison directory: C:\Users\Azuki\.stmcufinder\plugins\mcufinder\mcu\cs_comparisons_mx
2024-09-13 12:42:29,071 [INFO] MultiScanPanel:197 - Auto-refresh data requested => check proxy status ongoing
2024-09-13 12:42:29,071 [INFO] MultiScanPanel:201 - Proxy status is invalid
2024-09-13 12:42:29,073 [INFO] FinderPluginLoader:87 - Searching for filters in installed packs
2024-09-13 12:42:29,411 [INFO] DetailPanel:309 - Set advertising image to C:/Users/Azuki/STM32Cube/Repository/\en.prom-stm32h7rs-mcu-finder.jpg
2024-09-13 12:45:09,914 [INFO] MainUpdater:2671 - connection check result : 10
2024-09-13 12:45:09,915 [INFO] MainUpdater:2671 - connection check result : 10
2024-09-13 12:45:09,958 [INFO] MicroXplorer:448 - Change Database Path : 
2024-09-13 12:45:09,958 [INFO] MicroXplorer:478 - Change Database Version : DB.6.0.30
2024-09-13 12:45:09,958 [WARN] ThirdParty:813 - waiting for thirdparty lock release [close project]
2024-09-13 12:45:09,958 [INFO] ThirdParty:815 - entering critical section [close project]
2024-09-13 12:45:09,960 [INFO] ThirdParty:825 - exiting critical section [close project]
2024-09-13 12:45:09,963 [INFO] PinOutPanel:1463 - setPackage(No Configuration,No Configuration)
2024-09-13 12:45:09,964 [INFO] UtilMem:74 - Begin LoadConfig() Used Memory: 970006184 Bytes (990904320)
2024-09-13 12:45:09,965 [INFO] MicroXplorer:448 - Change Database Path : 
2024-09-13 12:45:09,965 [INFO] MicroXplorer:478 - Change Database Version : DB.6.0.30
2024-09-13 12:45:09,965 [INFO] OpenFileManager:313 - Change cursor
2024-09-13 12:45:10,689 [INFO] Context:592 - Trying to add GPIOservice into a context  which must be forbidden
2024-09-13 12:45:10,853 [INFO] ImportTextPane:167 - (OptionalMessage_ERROR) Unable to find key (Mcu.ThirdPartyNb) in loaded IOC file
2024-09-13 12:45:10,853 [INFO] ImportTextPane:167 - (OptionalMessage_ERROR) Unable to find key (Mcu.PinsNb) in loaded IOC file
2024-09-13 12:45:10,853 [INFO] ImportTextPane:167 - (OptionalMessage_ERROR) Unable to find key (Mcu.IPNb) in loaded IOC file
2024-09-13 12:45:10,887 [WARN] ApiManager:304 - Cannot register API 'Board Extension:GNSS1A1' from pack STMicroelectronics.X-CUBE-GNSS1.6.0.0: no header file found
2024-09-13 12:45:10,887 [WARN] ApiManager:304 - Cannot register API 'Board Support:Custom' from pack STMicroelectronics.X-CUBE-GNSS1.6.0.0: no header file found
2024-09-13 12:45:10,887 [WARN] ApiManager:304 - Cannot register API 'Data Exchange:lib_gnss' from pack STMicroelectronics.X-CUBE-GNSS1.6.0.0: no header file found
2024-09-13 12:45:10,891 [WARN] ApiManager:304 - Cannot register API 'Board Extension:GNSS1A1' from pack STMicroelectronics.X-CUBE-GNSS1.7.0.0: no header file found
2024-09-13 12:45:10,891 [WARN] ApiManager:304 - Cannot register API 'Board Support:Custom' from pack STMicroelectronics.X-CUBE-GNSS1.7.0.0: no header file found
2024-09-13 12:45:10,891 [WARN] ApiManager:304 - Cannot register API 'Data Exchange:lib_gnss' from pack STMicroelectronics.X-CUBE-GNSS1.7.0.0: no header file found
2024-09-13 12:45:10,896 [WARN] ApiManager:304 - Cannot register API 'Board Extension:NFC06A1' from pack STMicroelectronics.X-CUBE-NFC6.3.1.0: no header file found
2024-09-13 12:45:10,896 [WARN] ApiManager:304 - Cannot register API 'Board Extension:NFC08A1' from pack STMicroelectronics.X-CUBE-NFC6.3.1.0: no header file found
2024-09-13 12:45:11,025 [WARN] ApiManager:304 - Cannot register API 'Board Extension:IKS01A3' from pack STMicroelectronics.X-CUBE-MEMS1.11.0.0: no header file found
2024-09-13 12:45:11,026 [WARN] ApiManager:304 - Cannot register API 'Board Extension:IKS02A1' from pack STMicroelectronics.X-CUBE-MEMS1.11.0.0: no header file found
2024-09-13 12:45:11,026 [WARN] ApiManager:304 - Cannot register API 'Board Extension:IKS4A1' from pack STMicroelectronics.X-CUBE-MEMS1.11.0.0: no header file found
2024-09-13 12:45:11,032 [INFO] RtosManager:484 - Registered RTOS mode: class=CMSIS, group=RTOS, mode=CMSIS_V1, owner=FREERTOS
2024-09-13 12:45:11,032 [INFO] RtosManager:484 - Registered RTOS mode: class=CMSIS, group=RTOS2, mode=CMSIS_V2, owner=FREERTOS
2024-09-13 12:45:11,032 [INFO] RtosManager:484 - Registered RTOS mode: class=RTOS, group=Core, mode=CMSIS_V1, owner=FREERTOS
2024-09-13 12:45:11,033 [INFO] RtosManager:484 - Registered RTOS mode: class=RTOS, group=Core, mode=CMSIS_V2, owner=FREERTOS
2024-09-13 12:45:11,033 [WARN] ModelIntegratedComponent:181 - Missing modes for component STMicroelectronics:FreeRTOS:0.0.1:STMicroelectronics:RTOS:FreeRTOS:Core:::10.2.0:
2024-09-13 12:45:11,034 [WARN] ApiManager:304 - Cannot register API 'Board Extension:STSAFEA1' from pack STMicroelectronics.X-CUBE-SAFEA1.1.2.2: no header file found
2024-09-13 12:45:11,034 [WARN] ApiManager:304 - Cannot register API 'Board Part:STSAFEA110' from pack STMicroelectronics.X-CUBE-SAFEA1.1.2.2: no header file found
2024-09-13 12:45:11,034 [WARN] ApiManager:304 - Cannot register API 'Security:ST_Cryptolib' from pack STMicroelectronics.X-CUBE-SAFEA1.1.2.2: no header file found
2024-09-13 12:45:11,034 [WARN] ApiManager:304 - Cannot register API 'Security:MbedTLS' from pack STMicroelectronics.X-CUBE-SAFEA1.1.2.2: no header file found
2024-09-13 12:45:11,035 [WARN] ApiManager:304 - Cannot register API 'Board Extension:NFC04A1' from pack STMicroelectronics.X-CUBE-NFC4.3.0.0: no header file found
2024-09-13 12:45:11,037 [WARN] ApiManager:304 - Cannot register API 'Board Extension:S2868A1' from pack STMicroelectronics.X-CUBE-SUBG2.5.0.0: no header file found
2024-09-13 12:45:11,037 [WARN] ApiManager:304 - Cannot register API 'Board Extension:S2868A2' from pack STMicroelectronics.X-CUBE-SUBG2.5.0.0: no header file found
2024-09-13 12:45:11,037 [WARN] ApiManager:304 - Cannot register API 'Board Extension:S2915A1' from pack STMicroelectronics.X-CUBE-SUBG2.5.0.0: no header file found
2024-09-13 12:45:11,038 [WARN] ApiManager:304 - Cannot register API 'Wireless:BlueNRG-MS' from pack STMicroelectronics.X-CUBE-BLE1.7.0.0: no header file found
2024-09-13 12:45:11,040 [WARN] ApiManager:304 - Cannot register API 'Board Extension:EEPRMA2' from pack STMicroelectronics.X-CUBE-EEPRMA1.5.1.0: no header file found
2024-09-13 12:45:11,040 [WARN] ApiManager:304 - Cannot register API 'Board Extension:PGEEZ1' from pack STMicroelectronics.X-CUBE-EEPRMA1.5.1.0: no header file found
2024-09-13 12:45:11,040 [WARN] ApiManager:304 - Cannot register API 'Board Extension:EEICA1' from pack STMicroelectronics.X-CUBE-EEPRMA1.5.1.0: no header file found
2024-09-13 12:45:11,040 [WARN] ApiManager:304 - Cannot register API 'Board Part:M24' from pack STMicroelectronics.X-CUBE-EEPRMA1.5.1.0: no header file found
2024-09-13 12:45:11,040 [WARN] ApiManager:304 - Cannot register API 'Board Part:M95' from pack STMicroelectronics.X-CUBE-EEPRMA1.5.1.0: no header file found
2024-09-13 12:45:11,040 [WARN] ApiManager:304 - Cannot register API 'Board Part:M95P32' from pack STMicroelectronics.X-CUBE-EEPRMA1.5.1.0: no header file found
2024-09-13 12:45:11,040 [WARN] ApiManager:304 - Cannot register API 'Board Part:M24256E-F' from pack STMicroelectronics.X-CUBE-EEPRMA1.5.1.0: no header file found
2024-09-13 12:45:11,040 [WARN] ApiManager:304 - Cannot register API 'Board Part:M24M01E-F' from pack STMicroelectronics.X-CUBE-EEPRMA1.5.1.0: no header file found
2024-09-13 12:45:11,040 [WARN] ApiManager:304 - Cannot register API 'PGEEZ1:SPI' from pack STMicroelectronics.X-CUBE-EEPRMA1.5.1.0: no header file found
2024-09-13 12:45:11,040 [WARN] ApiManager:304 - Cannot register API 'PGEEZ1:QDSPI' from pack STMicroelectronics.X-CUBE-EEPRMA1.5.1.0: no header file found
2024-09-13 12:45:11,042 [WARN] ModelIntegratedComponent:60 - No mode defined for component null
2024-09-13 12:45:11,042 [WARN] ModelIntegratedComponent:60 - No mode defined for component null
2024-09-13 12:45:11,042 [WARN] ModelIntegratedComponent:60 - No mode defined for component null
2024-09-13 12:45:11,042 [WARN] ModelIntegratedComponent:60 - No mode defined for component null
2024-09-13 12:45:11,042 [WARN] ModelIntegratedComponent:60 - No mode defined for component null
2024-09-13 12:45:11,042 [WARN] ModelIntegratedComponent:60 - No mode defined for component null
2024-09-13 12:45:11,042 [WARN] ModelIntegratedComponent:60 - No mode defined for component null
2024-09-13 12:45:11,042 [WARN] ModelIntegratedComponent:60 - No mode defined for component null
2024-09-13 12:45:11,042 [WARN] ModelIntegratedComponent:60 - No mode defined for component null
2024-09-13 12:45:11,042 [WARN] ModelIntegratedComponent:60 - No mode defined for component null
2024-09-13 12:45:11,042 [WARN] ModelIntegratedComponent:60 - No mode defined for component null
2024-09-13 12:45:11,042 [WARN] ModelIntegratedComponent:60 - No mode defined for component null
2024-09-13 12:45:11,042 [WARN] ModelIntegratedComponent:60 - No mode defined for component null
2024-09-13 12:45:11,042 [WARN] ModelIntegratedComponent:60 - No mode defined for component null
2024-09-13 12:45:11,042 [WARN] ModelIntegratedComponent:60 - No mode defined for component null
2024-09-13 12:45:11,042 [WARN] ModelIntegratedComponent:60 - No mode defined for component null
2024-09-13 12:45:11,043 [WARN] ModelIntegratedComponent:60 - No mode defined for component null
2024-09-13 12:45:11,043 [WARN] ModelIntegratedComponent:60 - No mode defined for component null
2024-09-13 12:45:11,043 [WARN] ModelIntegratedComponent:60 - No mode defined for component null
2024-09-13 12:45:11,043 [WARN] ModelIntegratedComponent:60 - No mode defined for component null
2024-09-13 12:45:11,043 [WARN] ModelIntegratedComponent:60 - No mode defined for component null
2024-09-13 12:45:11,043 [WARN] ModelIntegratedComponent:60 - No mode defined for component null
2024-09-13 12:45:11,043 [WARN] ModelIntegratedComponent:60 - No mode defined for component null
2024-09-13 12:45:11,043 [WARN] ModelIntegratedComponent:60 - No mode defined for component null
2024-09-13 12:45:11,043 [WARN] ModelIntegratedComponent:60 - No mode defined for component null
2024-09-13 12:45:11,043 [WARN] ModelIntegratedComponent:60 - No mode defined for component null
2024-09-13 12:45:11,043 [WARN] ModelIntegratedComponent:60 - No mode defined for component null
2024-09-13 12:45:11,043 [WARN] ModelIntegratedComponent:60 - No mode defined for component null
2024-09-13 12:45:11,043 [WARN] ModelIntegratedComponent:60 - No mode defined for component null
2024-09-13 12:45:11,043 [WARN] ModelIntegratedComponent:60 - No mode defined for component null
2024-09-13 12:45:11,043 [WARN] ModelIntegratedComponent:60 - No mode defined for component null
2024-09-13 12:45:11,044 [WARN] ApiManager:304 - Cannot register API 'Board Extension:NFC07A1' from pack STMicroelectronics.X-CUBE-NFC7.1.0.1: no header file found
2024-09-13 12:45:11,052 [WARN] ApiManager:304 - Cannot register API 'Board Extension:S2868A1' from pack STMicroelectronics.X-CUBE-SFXS2LP1.4.0.0: no header file found
2024-09-13 12:45:11,052 [WARN] ApiManager:304 - Cannot register API 'Board Extension:S2868A2' from pack STMicroelectronics.X-CUBE-SFXS2LP1.4.0.0: no header file found
2024-09-13 12:45:11,052 [WARN] ApiManager:304 - Cannot register API 'Board Extension:S2915A1' from pack STMicroelectronics.X-CUBE-SFXS2LP1.4.0.0: no header file found
2024-09-13 12:45:11,052 [WARN] ApiManager:304 - Cannot register API 'Wireless:BlueNRG-2' from pack STMicroelectronics.X-CUBE-BLE2.3.3.0: no header file found
2024-09-13 12:45:12,447 [INFO] UtilMem:74 - End LoadConfig() Used Memory: 892932968 Bytes (1010827264)
2024-09-13 12:45:12,458 [WARN] ThirdParty:779 - waiting for thirdparty lock release [change project]
2024-09-13 12:45:12,458 [INFO] ThirdParty:781 - entering critical section [change project]
2024-09-13 12:45:12,459 [INFO] ThirdParty:967 - CMSIS Pack Vendor :STMicroelectronics X-CUBE-AZRTOS-H7 3.3.0
2024-09-13 12:45:12,459 [INFO] ThirdParty:967 - CMSIS Pack Vendor :STMicroelectronics X-CUBE-GNSS1 6.0.0
2024-09-13 12:45:12,459 [INFO] ThirdParty:967 - CMSIS Pack Vendor :STMicroelectronics USB_HOST 2.0.0
2024-09-13 12:45:12,459 [INFO] ThirdParty:967 - CMSIS Pack Vendor :STMicroelectronics X-CUBE-AZRTOS-F4 1.1.0
2024-09-13 12:45:12,459 [INFO] ThirdParty:967 - CMSIS Pack Vendor :STMicroelectronics USB_DEVICE 3.0.0
2024-09-13 12:45:12,459 [INFO] ThirdParty:967 - CMSIS Pack Vendor :STMicroelectronics X-CUBE-AZRTOS-WB 2.0.0
2024-09-13 12:45:12,459 [INFO] ThirdParty:967 - CMSIS Pack Vendor :STMicroelectronics X-CUBE-GNSS1 7.0.0
2024-09-13 12:45:12,459 [INFO] ThirdParty:967 - CMSIS Pack Vendor :STMicroelectronics X-CUBE-AZRTOS-F7 1.1.0
2024-09-13 12:45:12,459 [INFO] ThirdParty:967 - CMSIS Pack Vendor :STMicroelectronics X-CUBE-AZRTOS-L5 2.0.0
2024-09-13 12:45:12,459 [INFO] ThirdParty:967 - CMSIS Pack Vendor :STMicroelectronics USB_DEVICE 2.0.0
2024-09-13 12:45:12,459 [INFO] ThirdParty:967 - CMSIS Pack Vendor :STMicroelectronics X-CUBE-NFC6 3.1.0
2024-09-13 12:45:12,459 [INFO] ThirdParty:967 - CMSIS Pack Vendor :STMicroelectronics X-CUBE-MEMS1 11.0.0
2024-09-13 12:45:12,459 [INFO] ThirdParty:967 - CMSIS Pack Vendor :STMicroelectronics FreeRTOS 0.0.1
2024-09-13 12:45:12,459 [INFO] ThirdParty:967 - CMSIS Pack Vendor :STMicroelectronics X-CUBE-AZRTOS-G0 1.1.0
2024-09-13 12:45:12,459 [INFO] ThirdParty:967 - CMSIS Pack Vendor :STMicroelectronics X-CUBE-SAFEA1 1.2.2
2024-09-13 12:45:12,459 [INFO] ThirdParty:967 - CMSIS Pack Vendor :STMicroelectronics X-CUBE-NFC4 3.0.0
2024-09-13 12:45:12,459 [INFO] ThirdParty:967 - CMSIS Pack Vendor :STMicroelectronics X-CUBE-SUBG2 5.0.0
2024-09-13 12:45:12,459 [INFO] ThirdParty:967 - CMSIS Pack Vendor :STMicroelectronics lwIP 2.0.3
2024-09-13 12:45:12,459 [INFO] ThirdParty:967 - CMSIS Pack Vendor :STMicroelectronics USB_HOST 1.0.0
2024-09-13 12:45:12,459 [INFO] ThirdParty:967 - CMSIS Pack Vendor :STMicroelectronics X-CUBE-AI 9.0.0
2024-09-13 12:45:12,459 [INFO] ThirdParty:967 - CMSIS Pack Vendor :STMicroelectronics X-CUBE-AZRTOS-G4 2.0.0
2024-09-13 12:45:12,459 [INFO] ThirdParty:967 - CMSIS Pack Vendor :STMicroelectronics PDM2PCM 3.1.0
2024-09-13 12:45:12,459 [INFO] ThirdParty:967 - CMSIS Pack Vendor :STMicroelectronics PDM2PCM 3.3.0
2024-09-13 12:45:12,459 [INFO] ThirdParty:967 - CMSIS Pack Vendor :STMicroelectronics X-CUBE-BLE1 7.0.0
2024-09-13 12:45:12,459 [INFO] ThirdParty:967 - CMSIS Pack Vendor :STMicroelectronics FP-ATR-SIGFOX1 3.2.0
2024-09-13 12:45:12,459 [INFO] ThirdParty:967 - CMSIS Pack Vendor :wolfSSL I-CUBE-wolfSSL 5.7.2
2024-09-13 12:45:12,459 [INFO] ThirdParty:967 - CMSIS Pack Vendor :STMicroelectronics X-CUBE-ISPU 2.0.0
2024-09-13 12:45:12,459 [INFO] ThirdParty:967 - CMSIS Pack Vendor :STMicroelectronics X-CUBE-EEPRMA1 5.1.0
2024-09-13 12:45:12,459 [INFO] ThirdParty:967 - CMSIS Pack Vendor :STMicroelectronics HAL Drivers 0.0.0
2024-09-13 12:45:12,459 [INFO] ThirdParty:967 - CMSIS Pack Vendor :STMicroelectronics MBEDTLS 2.16.2
2024-09-13 12:45:12,459 [INFO] ThirdParty:967 - CMSIS Pack Vendor :STMicroelectronics X-CUBE-NFC7 1.0.1
2024-09-13 12:45:12,460 [INFO] ThirdParty:967 - CMSIS Pack Vendor :STMicroelectronics MBEDTLS 2.14.1
2024-09-13 12:45:12,460 [INFO] ThirdParty:967 - CMSIS Pack Vendor :STMicroelectronics X-CUBE-TOUCHGFX 4.24.0
2024-09-13 12:45:12,460 [INFO] ThirdParty:967 - CMSIS Pack Vendor :wolfSSL I-CUBE-wolfTPM 3.4.0
2024-09-13 12:45:12,460 [INFO] ThirdParty:967 - CMSIS Pack Vendor :portGmbH I-Cube-SoM-uGOAL 1.1.0
2024-09-13 12:45:12,460 [INFO] ThirdParty:967 - CMSIS Pack Vendor :STMicroelectronics X-CUBE-AZRTOS-WL 2.0.0
2024-09-13 12:45:12,460 [INFO] ThirdParty:967 - CMSIS Pack Vendor :SEGGER I-CUBE-embOS 1.3.1
2024-09-13 12:45:12,460 [INFO] ThirdParty:967 - CMSIS Pack Vendor :STMicroelectronics X-CUBE-ALGOBUILD 1.4.0
2024-09-13 12:45:12,460 [INFO] ThirdParty:967 - CMSIS Pack Vendor :STMicroelectronics USB_DEVICE 1.0.0
2024-09-13 12:45:12,460 [INFO] ThirdParty:967 - CMSIS Pack Vendor :STMicroelectronics X-CUBE-AZRTOS-H7RS 1.0.0
2024-09-13 12:45:12,460 [INFO] ThirdParty:967 - CMSIS Pack Vendor :wolfSSL I-CUBE-wolfMQTT 1.19.0
2024-09-13 12:45:12,460 [INFO] ThirdParty:967 - CMSIS Pack Vendor :STMicroelectronics X-CUBE-AZRTOS-L4 2.0.0
2024-09-13 12:45:12,460 [INFO] ThirdParty:967 - CMSIS Pack Vendor :STMicroelectronics ThreadX 0.0.2
2024-09-13 12:45:12,460 [INFO] ThirdParty:967 - CMSIS Pack Vendor :WES I-CUBE-Cesium 1.3.0
2024-09-13 12:45:12,460 [INFO] ThirdParty:967 - CMSIS Pack Vendor :STMicroelectronics FP-ATR-ASTRA1 2.0.0
2024-09-13 12:45:12,460 [INFO] ThirdParty:967 - CMSIS Pack Vendor :STMicroelectronics lwIP 2.1.2
2024-09-13 12:45:12,460 [INFO] ThirdParty:967 - CMSIS Pack Vendor :STMicroelectronics X-CUBE-SFXS2LP1 4.0.0
2024-09-13 12:45:12,460 [INFO] ThirdParty:967 - CMSIS Pack Vendor :STMicroelectronics X-CUBE-BLE2 3.3.0
2024-09-13 12:45:12,460 [INFO] ThirdParty:967 - CMSIS Pack Vendor :STMicroelectronics PDM2PCM 3.2.0
2024-09-13 12:45:12,460 [INFO] ThirdParty:967 - CMSIS Pack Vendor :wolfSSL I-CUBE-wolfSSH 1.4.17
2024-09-13 12:45:12,460 [INFO] ThirdParty:787 - exiting critical section [change project]
2024-09-13 12:45:12,680 [INFO] PinOutPanel:1463 - setPackage(No Configuration,No Configuration)
2024-09-13 12:45:12,681 [INFO] PinOutPanel:1463 - setPackage(STM32F103C6Ux,UFQFPN48)
2024-09-13 12:45:12,984 [INFO] UtilMem:74 - Before build in PCC Used Memory: 862683648 Bytes (1010827264)
2024-09-13 12:45:13,568 [INFO] UtilMem:74 - After build in PCC Used Memory: 901243392 Bytes (1010827264)
2024-09-13 12:45:13,595 [INFO] IPUIPlugin:74 - create IPUIPlugin
2024-09-13 12:45:13,596 [INFO] IPUIPlugin:74 - create IPUIPlugin
2024-09-13 12:45:13,596 [INFO] IPUIPlugin:74 - create IPUIPlugin
2024-09-13 12:45:13,596 [INFO] IPUIPlugin:74 - create IPUIPlugin
2024-09-13 12:45:13,596 [INFO] IPUIPlugin:74 - create IPUIPlugin
2024-09-13 12:45:13,596 [INFO] IPUIPlugin:74 - create IPUIPlugin
2024-09-13 12:45:13,596 [INFO] IPUIPlugin:74 - create IPUIPlugin
2024-09-13 12:45:13,596 [INFO] IPUIPlugin:74 - create IPUIPlugin
2024-09-13 12:45:13,596 [INFO] IPUIPlugin:74 - create IPUIPlugin
2024-09-13 12:45:13,596 [INFO] IPUIPlugin:74 - create IPUIPlugin
2024-09-13 12:45:13,597 [INFO] IPUIPlugin:74 - create IPUIPlugin
2024-09-13 12:45:13,597 [INFO] IPUIPlugin:74 - create IPUIPlugin
2024-09-13 12:45:13,598 [INFO] IPUIPlugin:74 - create IPUIPlugin
2024-09-13 12:45:13,598 [INFO] IPUIPlugin:74 - create IPUIPlugin
2024-09-13 12:45:13,598 [INFO] IPUIPlugin:74 - create IPUIPlugin
2024-09-13 12:45:13,598 [INFO] IPUIPlugin:74 - create IPUIPlugin
2024-09-13 12:45:13,598 [INFO] IPUIPlugin:74 - create IPUIPlugin
2024-09-13 12:45:13,599 [INFO] IPUIPlugin:74 - create IPUIPlugin
2024-09-13 12:45:13,599 [INFO] IPUIPlugin:74 - create IPUIPlugin
2024-09-13 12:45:13,599 [INFO] IPUIPlugin:74 - create IPUIPlugin
2024-09-13 12:45:13,600 [INFO] IPUIPlugin:74 - create IPUIPlugin
2024-09-13 12:45:13,600 [INFO] IPUIPlugin:74 - create IPUIPlugin
2024-09-13 12:45:13,600 [INFO] IPUIPlugin:74 - create IPUIPlugin
2024-09-13 12:45:13,717 [INFO] OpenFileManager:333 - Restore cursor
2024-09-13 12:45:13,982 [INFO] UtilMem:74 - End SaveConfig() Used Memory: 879420016 Bytes (1010827264)
2024-09-13 12:45:14,032 [INFO] UtilMem:74 - End SaveConfig() Used Memory: 891560288 Bytes (1010827264)
2024-09-13 12:45:14,286 [INFO] BlockDiagram:2740 - set Specific Code input for plugin: NVIC
2024-09-13 12:45:14,286 [INFO] BlockDiagram:2740 - set Specific Code input for plugin: SYS
2024-09-13 12:45:14,286 [INFO] BlockDiagram:2740 - set Specific Code input for plugin: RCC
2024-09-13 12:45:14,287 [INFO] CodeGenerator:663 - code generatio: config db path: C:\ST\STM32CubeIDE_1.7.0\STM32CubeIDE\plugins\com.st.stm32cube.common.mx_6.3.0.202107141111\\db\
2024-09-13 12:45:14,556 [INFO] CodeEngine:239 - oldGeneratedFile, D:\BKU\CO3009\GitLab1\LAB1_Exercise1\MXTmpFiles\license.tmp_save
2024-09-13 12:45:14,826 [INFO] CodeEngine:257 - Generated code: D:\BKU\CO3009\GitLab1\LAB1_Exercise1\MXTmpFiles\license.tmp
2024-09-13 12:45:14,926 [INFO] CodeEngine:239 - oldGeneratedFile, D:\BKU\CO3009\GitLab1\LAB1_Exercise1\Core\Src\stm32f1xx_it.c_save
2024-09-13 12:45:15,038 [INFO] CodeEngine:257 - Generated code: D:\BKU\CO3009\GitLab1\LAB1_Exercise1\Core\Src\stm32f1xx_it.c
2024-09-13 12:45:15,047 [INFO] CodeEngine:239 - oldGeneratedFile, D:\BKU\CO3009\GitLab1\LAB1_Exercise1\Core\Inc\stm32f1xx_it.h_save
2024-09-13 12:45:15,111 [INFO] CodeEngine:257 - Generated code: D:\BKU\CO3009\GitLab1\LAB1_Exercise1\Core\Inc\stm32f1xx_it.h
2024-09-13 12:45:15,124 [INFO] CodeEngine:239 - oldGeneratedFile, D:\BKU\CO3009\GitLab1\LAB1_Exercise1\Core\Src\stm32f1xx_hal_msp.c_save
2024-09-13 12:45:15,211 [INFO] CodeEngine:257 - Generated code: D:\BKU\CO3009\GitLab1\LAB1_Exercise1\Core\Src\stm32f1xx_hal_msp.c
2024-09-13 12:45:15,221 [INFO] CodeEngine:239 - oldGeneratedFile, D:\BKU\CO3009\GitLab1\LAB1_Exercise1\MXTmpFiles\system.tmp_save
2024-09-13 12:45:15,282 [INFO] CodeEngine:257 - Generated code: D:\BKU\CO3009\GitLab1\LAB1_Exercise1\MXTmpFiles\system.tmp
2024-09-13 12:45:15,292 [INFO] CodeEngine:239 - oldGeneratedFile, D:\BKU\CO3009\GitLab1\LAB1_Exercise1\Core\Inc\stm32f1xx_hal_conf.h_save
2024-09-13 12:45:15,360 [INFO] CodeEngine:257 - Generated code: D:\BKU\CO3009\GitLab1\LAB1_Exercise1\Core\Inc\stm32f1xx_hal_conf.h
2024-09-13 12:45:15,402 [INFO] CodeEngine:239 - oldGeneratedFile, D:\BKU\CO3009\GitLab1\LAB1_Exercise1\Core\Inc\main.h_save
2024-09-13 12:45:15,470 [INFO] CodeEngine:257 - Generated code: D:\BKU\CO3009\GitLab1\LAB1_Exercise1\Core\Inc\main.h
2024-09-13 12:45:15,479 [INFO] CodeEngine:239 - oldGeneratedFile, D:\BKU\CO3009\GitLab1\LAB1_Exercise1\Core\Src\main.c_save
2024-09-13 12:45:15,586 [INFO] CodeEngine:257 - Generated code: D:\BKU\CO3009\GitLab1\LAB1_Exercise1\Core\Src\main.c
2024-09-13 12:45:16,886 [INFO] ProjectBuilder:2578 - Time for Copy HAL[1] : 66mS.
2024-09-13 12:45:16,891 [INFO] ProjectBuilder:3622 - Project Generator version: 3.14.1
2024-09-13 12:45:17,214 [INFO] ConfigFileManager:1271 - The Die is : DIE412
2024-09-13 12:45:17,233 [INFO] ApiDbMcu:468 - Load IP Config File for FATFS
2024-09-13 12:45:17,261 [INFO] ApiDbMcu:468 - Load IP Config File for FREERTOS
2024-09-13 12:45:17,285 [INFO] ApiDbMcu:468 - Load IP Config File for USB_DEVICE
2024-09-13 12:45:21,047 [INFO] ProjectBuilder:3789 - Time for Generating toolchain IDE Files: 4156mS.
2024-09-13 12:45:21,047 [INFO] ProjectBuilder:2457 - Time for Copy CMSIS : 0mS.
2024-09-13 12:45:21,048 [INFO] ProjectBuilder:2457 - Time for Copy CMSIS : 0mS.
2024-09-13 12:45:22,484 [INFO] McuFinderGlobals:52 - Set McuFinderConnectedMode to true
2024-09-13 12:45:22,485 [INFO] ApiDb:276 - Save user favorites file C:\Users\Azuki/.stm32cubeide/favorites.mcus.txt: 0 item(s)
2024-09-13 12:45:22,486 [INFO] ApiDb:280 - User favorites MCUs=[]
2024-09-13 12:45:55,074 [INFO] UtilMem:74 - End SaveConfig() Used Memory: 837329200 Bytes (1073741824)
2024-09-13 12:45:55,987 [INFO] UtilMem:74 - End SaveConfig() Used Memory: 862497072 Bytes (1073741824)
2024-09-13 12:45:57,292 [INFO] UtilMem:74 - End SaveConfig() Used Memory: 915972400 Bytes (1073741824)
2024-09-13 12:45:57,536 [INFO] BlockDiagram:2740 - set Specific Code input for plugin: NVIC
2024-09-13 12:45:57,536 [INFO] BlockDiagram:2740 - set Specific Code input for plugin: SYS
2024-09-13 12:45:57,536 [INFO] BlockDiagram:2740 - set Specific Code input for plugin: GPIO
2024-09-13 12:45:57,536 [INFO] BlockDiagram:2740 - set Specific Code input for plugin: RCC
2024-09-13 12:45:57,537 [INFO] CodeGenerator:663 - code generatio: config db path: C:\ST\STM32CubeIDE_1.7.0\STM32CubeIDE\plugins\com.st.stm32cube.common.mx_6.3.0.202107141111\\db\
2024-09-13 12:45:57,732 [INFO] CodeEngine:239 - oldGeneratedFile, D:\BKU\CO3009\GitLab1\LAB1_Exercise1\MXTmpFiles\license.tmp_save
2024-09-13 12:45:57,805 [INFO] CodeEngine:257 - Generated code: D:\BKU\CO3009\GitLab1\LAB1_Exercise1\MXTmpFiles\license.tmp
2024-09-13 12:45:57,841 [INFO] CodeEngine:239 - oldGeneratedFile, D:\BKU\CO3009\GitLab1\LAB1_Exercise1\MXTmpFiles\gpio.tmp_save
2024-09-13 12:45:57,892 [INFO] CodeEngine:257 - Generated code: D:\BKU\CO3009\GitLab1\LAB1_Exercise1\MXTmpFiles\gpio.tmp
2024-09-13 12:45:57,911 [INFO] CodeEngine:239 - oldGeneratedFile, D:\BKU\CO3009\GitLab1\LAB1_Exercise1\Core\Src\stm32f1xx_it.c_save
2024-09-13 12:45:57,975 [INFO] CodeEngine:257 - Generated code: D:\BKU\CO3009\GitLab1\LAB1_Exercise1\Core\Src\stm32f1xx_it.c
2024-09-13 12:45:57,979 [INFO] CodeEngine:239 - oldGeneratedFile, D:\BKU\CO3009\GitLab1\LAB1_Exercise1\Core\Inc\stm32f1xx_it.h_save
2024-09-13 12:45:58,025 [INFO] CodeEngine:257 - Generated code: D:\BKU\CO3009\GitLab1\LAB1_Exercise1\Core\Inc\stm32f1xx_it.h
2024-09-13 12:45:58,035 [INFO] CodeEngine:239 - oldGeneratedFile, D:\BKU\CO3009\GitLab1\LAB1_Exercise1\Core\Src\stm32f1xx_hal_msp.c_save
2024-09-13 12:45:58,090 [INFO] CodeEngine:257 - Generated code: D:\BKU\CO3009\GitLab1\LAB1_Exercise1\Core\Src\stm32f1xx_hal_msp.c
2024-09-13 12:45:58,092 [INFO] CodeEngine:239 - oldGeneratedFile, D:\BKU\CO3009\GitLab1\LAB1_Exercise1\MXTmpFiles\system.tmp_save
2024-09-13 12:45:58,135 [INFO] CodeEngine:257 - Generated code: D:\BKU\CO3009\GitLab1\LAB1_Exercise1\MXTmpFiles\system.tmp
2024-09-13 12:45:58,144 [INFO] CodeEngine:239 - oldGeneratedFile, D:\BKU\CO3009\GitLab1\LAB1_Exercise1\Core\Inc\stm32f1xx_hal_conf.h_save
2024-09-13 12:45:58,211 [INFO] CodeEngine:257 - Generated code: D:\BKU\CO3009\GitLab1\LAB1_Exercise1\Core\Inc\stm32f1xx_hal_conf.h
2024-09-13 12:45:58,233 [INFO] CodeEngine:239 - oldGeneratedFile, D:\BKU\CO3009\GitLab1\LAB1_Exercise1\Core\Inc\main.h_save
2024-09-13 12:45:58,291 [INFO] CodeEngine:257 - Generated code: D:\BKU\CO3009\GitLab1\LAB1_Exercise1\Core\Inc\main.h
2024-09-13 12:45:58,300 [INFO] CodeEngine:239 - oldGeneratedFile, D:\BKU\CO3009\GitLab1\LAB1_Exercise1\Core\Src\main.c_save
2024-09-13 12:45:58,386 [INFO] CodeEngine:257 - Generated code: D:\BKU\CO3009\GitLab1\LAB1_Exercise1\Core\Src\main.c
2024-09-13 12:45:58,920 [INFO] ProjectBuilder:2578 - Time for Copy HAL[1] : 36mS.
2024-09-13 12:45:58,922 [INFO] ProjectBuilder:3622 - Project Generator version: 3.14.1
2024-09-13 12:45:59,638 [INFO] ConfigFileManager:1271 - The Die is : DIE412
2024-09-13 12:46:01,375 [INFO] ProjectBuilder:3789 - Time for Generating toolchain IDE Files: 2453mS.
2024-09-13 12:46:01,376 [INFO] ProjectBuilder:2457 - Time for Copy CMSIS : 0mS.
2024-09-13 12:46:01,377 [INFO] ProjectBuilder:2457 - Time for Copy CMSIS : 0mS.
2024-09-13 12:58:07,460 [INFO] UtilMem:74 - End SaveConfig() Used Memory: 942449808 Bytes (1073741824)
2024-09-13 12:58:08,466 [INFO] UtilMem:74 - End SaveConfig() Used Memory: 857517800 Bytes (1073741824)
2024-09-13 12:58:09,477 [INFO] UtilMem:74 - End SaveConfig() Used Memory: 899365416 Bytes (1073741824)
2024-09-13 12:58:09,695 [INFO] BlockDiagram:2740 - set Specific Code input for plugin: NVIC
2024-09-13 12:58:09,695 [INFO] BlockDiagram:2740 - set Specific Code input for plugin: SYS
2024-09-13 12:58:09,695 [INFO] BlockDiagram:2740 - set Specific Code input for plugin: GPIO
2024-09-13 12:58:09,695 [INFO] BlockDiagram:2740 - set Specific Code input for plugin: RCC
2024-09-13 12:58:09,696 [INFO] CodeGenerator:663 - code generatio: config db path: C:\ST\STM32CubeIDE_1.7.0\STM32CubeIDE\plugins\com.st.stm32cube.common.mx_6.3.0.202107141111\\db\
2024-09-13 12:58:09,908 [INFO] CodeEngine:239 - oldGeneratedFile, D:\BKU\CO3009\GitLab1\LAB1_Exercise1\MXTmpFiles\license.tmp_save
2024-09-13 12:58:09,969 [INFO] CodeEngine:257 - Generated code: D:\BKU\CO3009\GitLab1\LAB1_Exercise1\MXTmpFiles\license.tmp
2024-09-13 12:58:09,976 [INFO] CodeEngine:239 - oldGeneratedFile, D:\BKU\CO3009\GitLab1\LAB1_Exercise1\MXTmpFiles\gpio.tmp_save
2024-09-13 12:58:10,042 [INFO] CodeEngine:257 - Generated code: D:\BKU\CO3009\GitLab1\LAB1_Exercise1\MXTmpFiles\gpio.tmp
2024-09-13 12:58:10,062 [INFO] CodeEngine:239 - oldGeneratedFile, D:\BKU\CO3009\GitLab1\LAB1_Exercise1\Core\Src\stm32f1xx_it.c_save
2024-09-13 12:58:10,134 [INFO] CodeEngine:257 - Generated code: D:\BKU\CO3009\GitLab1\LAB1_Exercise1\Core\Src\stm32f1xx_it.c
2024-09-13 12:58:10,143 [INFO] CodeEngine:239 - oldGeneratedFile, D:\BKU\CO3009\GitLab1\LAB1_Exercise1\Core\Inc\stm32f1xx_it.h_save
2024-09-13 12:58:10,185 [INFO] CodeEngine:257 - Generated code: D:\BKU\CO3009\GitLab1\LAB1_Exercise1\Core\Inc\stm32f1xx_it.h
2024-09-13 12:58:10,196 [INFO] CodeEngine:239 - oldGeneratedFile, D:\BKU\CO3009\GitLab1\LAB1_Exercise1\Core\Src\stm32f1xx_hal_msp.c_save
2024-09-13 12:58:10,257 [INFO] CodeEngine:257 - Generated code: D:\BKU\CO3009\GitLab1\LAB1_Exercise1\Core\Src\stm32f1xx_hal_msp.c
2024-09-13 12:58:10,259 [INFO] CodeEngine:239 - oldGeneratedFile, D:\BKU\CO3009\GitLab1\LAB1_Exercise1\MXTmpFiles\system.tmp_save
2024-09-13 12:58:10,297 [INFO] CodeEngine:257 - Generated code: D:\BKU\CO3009\GitLab1\LAB1_Exercise1\MXTmpFiles\system.tmp
2024-09-13 12:58:10,308 [INFO] CodeEngine:239 - oldGeneratedFile, D:\BKU\CO3009\GitLab1\LAB1_Exercise1\Core\Inc\stm32f1xx_hal_conf.h_save
2024-09-13 12:58:10,376 [INFO] CodeEngine:257 - Generated code: D:\BKU\CO3009\GitLab1\LAB1_Exercise1\Core\Inc\stm32f1xx_hal_conf.h
2024-09-13 12:58:10,397 [INFO] CodeEngine:239 - oldGeneratedFile, D:\BKU\CO3009\GitLab1\LAB1_Exercise1\Core\Inc\main.h_save
2024-09-13 12:58:10,443 [INFO] CodeEngine:257 - Generated code: D:\BKU\CO3009\GitLab1\LAB1_Exercise1\Core\Inc\main.h
2024-09-13 12:58:10,452 [INFO] CodeEngine:239 - oldGeneratedFile, D:\BKU\CO3009\GitLab1\LAB1_Exercise1\Core\Src\main.c_save
2024-09-13 12:58:10,519 [INFO] CodeEngine:257 - Generated code: D:\BKU\CO3009\GitLab1\LAB1_Exercise1\Core\Src\main.c
2024-09-13 12:58:11,053 [INFO] ProjectBuilder:2578 - Time for Copy HAL[1] : 34mS.
2024-09-13 12:58:11,054 [INFO] ProjectBuilder:3622 - Project Generator version: 3.14.1
2024-09-13 12:58:11,731 [INFO] ConfigFileManager:1271 - The Die is : DIE412
2024-09-13 12:58:13,262 [INFO] ProjectBuilder:3789 - Time for Generating toolchain IDE Files: 2208mS.
2024-09-13 12:58:13,262 [INFO] ProjectBuilder:2457 - Time for Copy CMSIS : 0mS.
2024-09-13 12:58:13,263 [INFO] ProjectBuilder:2457 - Time for Copy CMSIS : 0mS.
2024-09-13 13:30:51,996 [INFO] Activator:177 - 


2024-09-13 13:30:51,998 [INFO] Activator:178 - !SESSION log4j initialized
2024-09-13 13:31:03,687 [INFO] McuFinderGlobals:39 - Set McuFinder mode to 2 (CubeIDE integrated)
2024-09-13 13:31:03,893 [INFO] ApplicationProperties:181 - Using Application install path: C:\ST\STM32CubeIDE_1.7.0\STM32CubeIDE\plugins\com.st.stm32cube.common.mx_6.3.0.202107141111
2024-09-13 13:31:03,904 [INFO] DbMcusXml:74 - Set database path to: C:\ST\STM32CubeIDE_1.7.0\STM32CubeIDE\plugins\com.st.stm32cube.common.mx_6.3.0.202107141111\\db\/mcu/
2024-09-13 13:31:03,908 [INFO] DbBoardsPdsc:56 - Set plugin database path to: C:\ST\STM32CubeIDE_1.7.0\STM32CubeIDE\plugins\com.st.stm32cube.common.mx_6.3.0.202107141111\\db\/plugins/boardmanager/
2024-09-13 13:31:03,908 [INFO] DbMcus:258 - Set plugin images path to: C:\ST\STM32CubeIDE_1.7.0\STM32CubeIDE\plugins\com.st.stm32cube.common.mx_6.3.0.202107141111\\db\/plugins/mcufinder/images/
2024-09-13 13:31:03,908 [INFO] DbBoards:264 - Set plugin images path to: C:\ST\STM32CubeIDE_1.7.0\STM32CubeIDE\plugins\com.st.stm32cube.common.mx_6.3.0.202107141111\\db\/plugins/mcufinder/images/
2024-09-13 13:31:03,910 [INFO] DbExamples:333 - Set plugin images path to: C:\ST\STM32CubeIDE_1.7.0\STM32CubeIDE\plugins\com.st.stm32cube.common.mx_6.3.0.202107141111\\db\/plugins/mcufinder/images/
2024-09-13 13:31:03,914 [INFO] DbMcusAds:119 - Set database path to: C:\Users\Azuki\.stmcufinder\plugins\mcufinder//mcu/
2024-09-13 13:31:03,915 [INFO] DbMcusDocs:110 - Set database path to: C:\Users\Azuki\.stmcufinder\plugins\mcufinder//mcu/
2024-09-13 13:31:03,916 [INFO] DbMcusJson:64 - Set database path to: C:\Users\Azuki\.stmcufinder\plugins\mcufinder//mcu/
2024-09-13 13:31:03,917 [INFO] DbBoardsDocs:110 - Set database path to: C:\Users\Azuki\.stmcufinder\plugins\mcufinder//mcu/
2024-09-13 13:31:03,917 [INFO] DbBoardsJson:57 - Set database path to: C:\Users\Azuki\.stmcufinder\plugins\mcufinder//mcu/
2024-09-13 13:31:04,465 [INFO] CrossReferenceDbSqlite:196 - Set database path to: C:\Users\Azuki\.stmcufinder\plugins\mcufinder//mcu/cs/
2024-09-13 13:31:04,468 [INFO] DbExamplesSqlite:767 - Set database path to: C:\Users\Azuki\.stmcufinder\plugins\mcufinder//mcu/
2024-09-13 13:31:04,547 [INFO] RulesReader:57 - Compatibility file has been processed (242 Rules)
2024-09-13 13:31:04,614 [INFO] DbMcusXml:74 - Set database path to: C:\ST\STM32CubeIDE_1.7.0\STM32CubeIDE\plugins\com.st.stm32cube.common.mx_6.3.0.202107141111\\db\/mcu/
2024-09-13 13:31:04,615 [INFO] DbBoardsPdsc:56 - Set plugin database path to: C:\ST\STM32CubeIDE_1.7.0\STM32CubeIDE\plugins\com.st.stm32cube.common.mx_6.3.0.202107141111\\db\/plugins/boardmanager/
2024-09-13 13:31:04,615 [INFO] DbMcus:258 - Set plugin images path to: C:\ST\STM32CubeIDE_1.7.0\STM32CubeIDE\plugins\com.st.stm32cube.common.mx_6.3.0.202107141111\\db\/plugins/mcufinder/images/
2024-09-13 13:31:04,615 [INFO] DbBoards:264 - Set plugin images path to: C:\ST\STM32CubeIDE_1.7.0\STM32CubeIDE\plugins\com.st.stm32cube.common.mx_6.3.0.202107141111\\db\/plugins/mcufinder/images/
2024-09-13 13:31:04,615 [INFO] DbExamples:333 - Set plugin images path to: C:\ST\STM32CubeIDE_1.7.0\STM32CubeIDE\plugins\com.st.stm32cube.common.mx_6.3.0.202107141111\\db\/plugins/mcufinder/images/
2024-09-13 13:31:04,615 [WARN] DbFile:35 - Overriding database path with different value: C:\Users\Azuki\.stmcufinder\plugins\mcufinder/ => C:\Users\Azuki\.stmcufinder\plugins\mcufinder
2024-09-13 13:31:04,615 [INFO] DbMcusAds:119 - Set database path to: C:\Users\Azuki\.stmcufinder\plugins\mcufinder//mcu/
2024-09-13 13:31:04,615 [WARN] DbFile:35 - Overriding database path with different value: C:\Users\Azuki\.stmcufinder\plugins\mcufinder/ => C:\Users\Azuki\.stmcufinder\plugins\mcufinder
2024-09-13 13:31:04,615 [INFO] DbMcusDocs:110 - Set database path to: C:\Users\Azuki\.stmcufinder\plugins\mcufinder//mcu/
2024-09-13 13:31:04,615 [WARN] DbFile:35 - Overriding database path with different value: C:\Users\Azuki\.stmcufinder\plugins\mcufinder/ => C:\Users\Azuki\.stmcufinder\plugins\mcufinder
2024-09-13 13:31:04,616 [INFO] DbMcusJson:64 - Set database path to: C:\Users\Azuki\.stmcufinder\plugins\mcufinder//mcu/
2024-09-13 13:31:04,616 [WARN] DbFile:35 - Overriding database path with different value: C:\Users\Azuki\.stmcufinder\plugins\mcufinder/ => C:\Users\Azuki\.stmcufinder\plugins\mcufinder
2024-09-13 13:31:04,616 [INFO] DbBoardsDocs:110 - Set database path to: C:\Users\Azuki\.stmcufinder\plugins\mcufinder//mcu/
2024-09-13 13:31:04,616 [WARN] DbFile:35 - Overriding database path with different value: C:\Users\Azuki\.stmcufinder\plugins\mcufinder/ => C:\Users\Azuki\.stmcufinder\plugins\mcufinder
2024-09-13 13:31:04,616 [INFO] DbBoardsJson:57 - Set database path to: C:\Users\Azuki\.stmcufinder\plugins\mcufinder//mcu/
2024-09-13 13:31:04,616 [WARN] DbFile:35 - Overriding database path with different value: C:\Users\Azuki\.stmcufinder\plugins\mcufinder/ => C:\Users\Azuki\.stmcufinder\plugins\mcufinder
2024-09-13 13:31:04,616 [WARN] DbFile:35 - Overriding database path with different value: C:\Users\Azuki\.stmcufinder\plugins\mcufinder/ => C:\Users\Azuki\.stmcufinder\plugins\mcufinder
2024-09-13 13:31:05,474 [INFO] CrossReferenceDbSqlite:196 - Set database path to: C:\Users\Azuki\.stmcufinder\plugins\mcufinder//mcu/cs/
2024-09-13 13:31:05,474 [WARN] DbFile:35 - Overriding database path with different value: C:\Users\Azuki\.stmcufinder\plugins\mcufinder/ => C:\Users\Azuki\.stmcufinder\plugins\mcufinder
2024-09-13 13:31:05,474 [INFO] DbExamplesSqlite:767 - Set database path to: C:\Users\Azuki\.stmcufinder\plugins\mcufinder//mcu/
2024-09-13 13:31:05,527 [INFO] MainPanel:214 - HeapMemory: 268435456
2024-09-13 13:31:05,596 [INFO] DbMcusXml:74 - Set database path to: C:\ST\STM32CubeIDE_1.7.0\STM32CubeIDE\plugins\com.st.stm32cube.common.mx_6.3.0.202107141111\\db\/mcu/
2024-09-13 13:31:05,596 [INFO] DbBoardsPdsc:56 - Set plugin database path to: C:\ST\STM32CubeIDE_1.7.0\STM32CubeIDE\plugins\com.st.stm32cube.common.mx_6.3.0.202107141111\\db\/plugins/boardmanager/
2024-09-13 13:31:05,596 [INFO] DbMcus:258 - Set plugin images path to: C:\ST\STM32CubeIDE_1.7.0\STM32CubeIDE\plugins\com.st.stm32cube.common.mx_6.3.0.202107141111\\db\/plugins/mcufinder/images/
2024-09-13 13:31:05,596 [INFO] DbBoards:264 - Set plugin images path to: C:\ST\STM32CubeIDE_1.7.0\STM32CubeIDE\plugins\com.st.stm32cube.common.mx_6.3.0.202107141111\\db\/plugins/mcufinder/images/
2024-09-13 13:31:05,596 [INFO] DbExamples:333 - Set plugin images path to: C:\ST\STM32CubeIDE_1.7.0\STM32CubeIDE\plugins\com.st.stm32cube.common.mx_6.3.0.202107141111\\db\/plugins/mcufinder/images/
2024-09-13 13:31:05,596 [WARN] DbFile:35 - Overriding database path with different value: C:\Users\Azuki\.stmcufinder\plugins\mcufinder/ => C:\Users\Azuki\.stmcufinder\plugins\mcufinder
2024-09-13 13:31:05,597 [INFO] DbMcusAds:119 - Set database path to: C:\Users\Azuki\.stmcufinder\plugins\mcufinder//mcu/
2024-09-13 13:31:05,597 [WARN] DbFile:35 - Overriding database path with different value: C:\Users\Azuki\.stmcufinder\plugins\mcufinder/ => C:\Users\Azuki\.stmcufinder\plugins\mcufinder
2024-09-13 13:31:05,597 [INFO] DbMcusDocs:110 - Set database path to: C:\Users\Azuki\.stmcufinder\plugins\mcufinder//mcu/
2024-09-13 13:31:05,597 [WARN] DbFile:35 - Overriding database path with different value: C:\Users\Azuki\.stmcufinder\plugins\mcufinder/ => C:\Users\Azuki\.stmcufinder\plugins\mcufinder
2024-09-13 13:31:05,597 [INFO] DbMcusJson:64 - Set database path to: C:\Users\Azuki\.stmcufinder\plugins\mcufinder//mcu/
2024-09-13 13:31:05,597 [WARN] DbFile:35 - Overriding database path with different value: C:\Users\Azuki\.stmcufinder\plugins\mcufinder/ => C:\Users\Azuki\.stmcufinder\plugins\mcufinder
2024-09-13 13:31:05,597 [INFO] DbBoardsDocs:110 - Set database path to: C:\Users\Azuki\.stmcufinder\plugins\mcufinder//mcu/
2024-09-13 13:31:05,597 [WARN] DbFile:35 - Overriding database path with different value: C:\Users\Azuki\.stmcufinder\plugins\mcufinder/ => C:\Users\Azuki\.stmcufinder\plugins\mcufinder
2024-09-13 13:31:05,597 [INFO] DbBoardsJson:57 - Set database path to: C:\Users\Azuki\.stmcufinder\plugins\mcufinder//mcu/
2024-09-13 13:31:05,597 [WARN] DbFile:35 - Overriding database path with different value: C:\Users\Azuki\.stmcufinder\plugins\mcufinder/ => C:\Users\Azuki\.stmcufinder\plugins\mcufinder
2024-09-13 13:31:05,597 [WARN] DbFile:35 - Overriding database path with different value: C:\Users\Azuki\.stmcufinder\plugins\mcufinder/ => C:\Users\Azuki\.stmcufinder\plugins\mcufinder
2024-09-13 13:31:06,473 [INFO] CrossReferenceDbSqlite:196 - Set database path to: C:\Users\Azuki\.stmcufinder\plugins\mcufinder//mcu/cs/
2024-09-13 13:31:06,473 [WARN] DbFile:35 - Overriding database path with different value: C:\Users\Azuki\.stmcufinder\plugins\mcufinder/ => C:\Users\Azuki\.stmcufinder\plugins\mcufinder
2024-09-13 13:31:06,473 [INFO] DbExamplesSqlite:767 - Set database path to: C:\Users\Azuki\.stmcufinder\plugins\mcufinder//mcu/
2024-09-13 13:31:06,487 [INFO] ApplicationProperties:181 - Using Application install path: C:\ST\STM32CubeIDE_1.7.0\STM32CubeIDE\plugins\com.st.stm32cube.common.mx_6.3.0.202107141111
2024-09-13 13:31:06,488 [INFO] PluginManage:188 - Search for loadable plugins [exclusion list=, ]
2024-09-13 13:31:06,490 [INFO] PluginManage:302 - Check plugin analytics
2024-09-13 13:31:12,018 [INFO] AnalyticsPlugin:257 - Accepted Software Licenses: 
2024-09-13 13:31:12,018 [INFO] AnalyticsPlugin:259 - Accepted CMSIS Pack Licenses: 
2024-09-13 13:31:12,018 [INFO] AnalyticsPlugin:261 - Accepted Firmware Licenses: 
2024-09-13 13:31:12,019 [INFO] PluginManage:352 - Loaded plugin analytics (category:tool,tabindex:-1)
2024-09-13 13:31:12,019 [INFO] PluginManage:302 - Check plugin clock
2024-09-13 13:31:12,027 [INFO] PluginManage:352 - Loaded plugin clock (category:base,tabindex:2)
2024-09-13 13:31:12,027 [INFO] PluginManage:302 - Check plugin ddr
2024-09-13 13:31:12,029 [INFO] PluginManage:352 - Loaded plugin ddr (category:tool,tabindex:6)
2024-09-13 13:31:12,029 [INFO] PluginManage:302 - Check plugin filemanager
2024-09-13 13:31:12,177 [INFO] PluginManage:352 - Loaded plugin filemanager (category:base,tabindex:10)
2024-09-13 13:31:12,177 [INFO] PluginManage:302 - Check plugin ipmanager
2024-09-13 13:31:12,182 [INFO] PluginManage:352 - Loaded plugin ipmanager (category:base,tabindex:5)
2024-09-13 13:31:12,183 [INFO] PluginManage:302 - Check plugin pinoutandconfiguration
2024-09-13 13:31:12,189 [INFO] PluginManage:352 - Loaded plugin pinoutandconfiguration (category:base,tabindex:1)
2024-09-13 13:31:12,189 [INFO] PluginManage:302 - Check plugin pinoutconfig
2024-09-13 13:31:12,213 [INFO] PluginManage:352 - Loaded plugin pinoutconfig (category:base,tabindex:0)
2024-09-13 13:31:12,213 [INFO] PluginManage:302 - Check plugin power
2024-09-13 13:31:12,221 [INFO] PluginManage:352 - Loaded plugin power (category:power,tabindex:4)
2024-09-13 13:31:12,221 [INFO] PluginManage:302 - Check plugin projectmanager
2024-09-13 13:31:12,233 [INFO] PluginManage:352 - Loaded plugin projectmanager (category:projectmanager,tabindex:3)
2024-09-13 13:31:12,233 [INFO] PluginManage:302 - Check plugin thirdparty
2024-09-13 13:31:12,324 [WARN] IntegrityCheckThread:78 - waiting for thirdparty lock release [integrity check]
2024-09-13 13:31:12,325 [INFO] IntegrityCheckThread:80 - entering critical section [integrity check]
2024-09-13 13:31:12,324 [INFO] PluginManage:352 - Loaded plugin thirdparty (category:base,tabindex:-1)
2024-09-13 13:31:12,325 [INFO] ThirdPartyUpdaterWithRetryManager:66 - Updater plugin not ready yet. [1/15]
2024-09-13 13:31:12,325 [INFO] PluginManage:302 - Check plugin tools
2024-09-13 13:31:12,327 [INFO] PluginManage:352 - Loaded plugin tools (category:base,tabindex:7)
2024-09-13 13:31:12,327 [INFO] PluginManage:302 - Check plugin tutovideos
2024-09-13 13:31:12,497 [INFO] PluginManage:352 - Loaded plugin tutovideos (category:base,tabindex:-1)
2024-09-13 13:31:12,497 [INFO] PluginManage:302 - Check plugin updater
2024-09-13 13:31:12,505 [INFO] PluginManage:352 - Loaded plugin updater (category:base,tabindex:12)
2024-09-13 13:31:12,505 [INFO] PluginManage:275 - PluginManage : Loaded plugins [13]
2024-09-13 13:31:12,631 [INFO] PinOutPanel:1463 - setPackage(No Configuration,No Configuration)
2024-09-13 13:31:12,692 [INFO] IPUIPlugin:74 - create IPUIPlugin
2024-09-13 13:31:12,693 [INFO] PluginManager:213 - loadIPPluginJar : add adc
2024-09-13 13:31:12,695 [INFO] IPUIPlugin:74 - create IPUIPlugin
2024-09-13 13:31:12,695 [INFO] PluginManager:213 - loadIPPluginJar : add aes
2024-09-13 13:31:12,698 [INFO] IPUIPlugin:74 - create IPUIPlugin
2024-09-13 13:31:12,698 [INFO] PluginManager:213 - loadIPPluginJar : add can
2024-09-13 13:31:12,699 [INFO] IPUIPlugin:74 - create IPUIPlugin
2024-09-13 13:31:12,699 [INFO] PluginManager:213 - loadIPPluginJar : add comp
2024-09-13 13:31:12,702 [INFO] IPUIPlugin:74 - create IPUIPlugin
2024-09-13 13:31:12,702 [INFO] PluginManager:213 - loadIPPluginJar : add cryp
2024-09-13 13:31:12,705 [INFO] IPUIPlugin:74 - create IPUIPlugin
2024-09-13 13:31:12,705 [INFO] PluginManager:213 - loadIPPluginJar : add dfsdm
2024-09-13 13:31:12,710 [INFO] IPUIPlugin:74 - create IPUIPlugin
2024-09-13 13:31:12,711 [INFO] PluginManager:213 - loadIPPluginJar : add dma
2024-09-13 13:31:12,712 [INFO] IPUIPlugin:74 - create IPUIPlugin
2024-09-13 13:31:12,712 [INFO] PluginManager:213 - loadIPPluginJar : add dma3
2024-09-13 13:31:12,713 [INFO] IPUIPlugin:74 - create IPUIPlugin
2024-09-13 13:31:12,713 [INFO] PluginManager:213 - loadIPPluginJar : add fatfs
2024-09-13 13:31:12,716 [INFO] IPUIPlugin:74 - create IPUIPlugin
2024-09-13 13:31:12,716 [INFO] PluginManager:213 - loadIPPluginJar : add fmc
2024-09-13 13:31:12,720 [INFO] IPUIPlugin:74 - create IPUIPlugin
2024-09-13 13:31:12,720 [INFO] PluginManager:213 - loadIPPluginJar : add freertos
2024-09-13 13:31:12,721 [INFO] IPUIPlugin:74 - create IPUIPlugin
2024-09-13 13:31:12,721 [INFO] PluginManager:213 - loadIPPluginJar : add genericplugin
2024-09-13 13:31:12,723 [INFO] IPUIPlugin:74 - create IPUIPlugin
2024-09-13 13:31:12,723 [INFO] PluginManager:213 - loadIPPluginJar : add gfxmmu
2024-09-13 13:31:12,727 [INFO] IPUIPlugin:74 - create IPUIPlugin
2024-09-13 13:31:12,728 [INFO] PluginManager:213 - loadIPPluginJar : add gic
2024-09-13 13:31:12,731 [INFO] IPUIPlugin:74 - create IPUIPlugin
2024-09-13 13:31:12,731 [INFO] PluginManager:213 - loadIPPluginJar : add gpio
2024-09-13 13:31:12,733 [INFO] IPUIPlugin:74 - create IPUIPlugin
2024-09-13 13:31:12,733 [INFO] PluginManager:213 - loadIPPluginJar : add gtzc
2024-09-13 13:31:12,734 [INFO] IPUIPlugin:74 - create IPUIPlugin
2024-09-13 13:31:12,734 [INFO] PluginManager:213 - loadIPPluginJar : add hash
2024-09-13 13:31:12,736 [INFO] IPUIPlugin:74 - create IPUIPlugin
2024-09-13 13:31:12,736 [INFO] PluginManager:213 - loadIPPluginJar : add i2c
2024-09-13 13:31:12,738 [INFO] IPUIPlugin:74 - create IPUIPlugin
2024-09-13 13:31:12,738 [INFO] PluginManager:213 - loadIPPluginJar : add i2s
2024-09-13 13:31:12,740 [INFO] IPUIPlugin:74 - create IPUIPlugin
2024-09-13 13:31:12,740 [INFO] PluginManager:213 - loadIPPluginJar : add ipddr
2024-09-13 13:31:12,748 [INFO] IPUIPlugin:74 - create IPUIPlugin
2024-09-13 13:31:12,748 [INFO] PluginManager:213 - loadIPPluginJar : add linkedlist
2024-09-13 13:31:12,749 [INFO] IPUIPlugin:74 - create IPUIPlugin
2024-09-13 13:31:12,750 [INFO] PluginManager:213 - loadIPPluginJar : add lorawan
2024-09-13 13:31:12,751 [INFO] IPUIPlugin:74 - create IPUIPlugin
2024-09-13 13:31:12,751 [INFO] PluginManager:213 - loadIPPluginJar : add ltdc
2024-09-13 13:31:12,753 [INFO] IPUIPlugin:74 - create IPUIPlugin
2024-09-13 13:31:12,754 [INFO] PluginManager:213 - loadIPPluginJar : add mdma
2024-09-13 13:31:12,756 [INFO] IPUIPlugin:74 - create IPUIPlugin
2024-09-13 13:31:12,756 [INFO] PluginManager:213 - loadIPPluginJar : add nvic
2024-09-13 13:31:12,757 [INFO] IPUIPlugin:74 - create IPUIPlugin
2024-09-13 13:31:12,758 [INFO] PluginManager:213 - loadIPPluginJar : add opamp
2024-09-13 13:31:12,759 [INFO] IPUIPlugin:74 - create IPUIPlugin
2024-09-13 13:31:12,760 [INFO] PluginManager:213 - loadIPPluginJar : add openamp
2024-09-13 13:31:12,762 [INFO] IPUIPlugin:74 - create IPUIPlugin
2024-09-13 13:31:12,762 [INFO] PluginManager:213 - loadIPPluginJar : add pdm2pcm
2024-09-13 13:31:12,767 [INFO] IPUIPlugin:74 - create IPUIPlugin
2024-09-13 13:31:12,769 [INFO] PluginManager:213 - loadIPPluginJar : add plateformsettings
2024-09-13 13:31:12,770 [INFO] IPUIPlugin:74 - create IPUIPlugin
2024-09-13 13:31:12,770 [INFO] PluginManager:213 - loadIPPluginJar : add quadspi
2024-09-13 13:31:12,773 [INFO] IPUIPlugin:74 - create IPUIPlugin
2024-09-13 13:31:12,773 [INFO] PluginManager:213 - loadIPPluginJar : add resmgrutility
2024-09-13 13:31:12,775 [INFO] IPUIPlugin:74 - create IPUIPlugin
2024-09-13 13:31:12,775 [INFO] PluginManager:213 - loadIPPluginJar : add sai
2024-09-13 13:31:12,777 [INFO] IPUIPlugin:74 - create IPUIPlugin
2024-09-13 13:31:12,777 [INFO] PluginManager:213 - loadIPPluginJar : add spi
2024-09-13 13:31:12,780 [INFO] IPUIPlugin:74 - create IPUIPlugin
2024-09-13 13:31:12,780 [INFO] PluginManager:213 - loadIPPluginJar : add stm32_wpan
2024-09-13 13:31:12,782 [INFO] IPUIPlugin:74 - create IPUIPlugin
2024-09-13 13:31:12,782 [INFO] PluginManager:213 - loadIPPluginJar : add tim
2024-09-13 13:31:12,784 [INFO] IPUIPlugin:74 - create IPUIPlugin
2024-09-13 13:31:12,784 [INFO] PluginManager:213 - loadIPPluginJar : add touchsensing
2024-09-13 13:31:12,785 [INFO] IPUIPlugin:74 - create IPUIPlugin
2024-09-13 13:31:12,786 [INFO] PluginManager:213 - loadIPPluginJar : add tracer_emb
2024-09-13 13:31:12,787 [INFO] IPUIPlugin:74 - create IPUIPlugin
2024-09-13 13:31:12,787 [INFO] PluginManager:213 - loadIPPluginJar : add ts
2024-09-13 13:31:12,788 [INFO] IPUIPlugin:74 - create IPUIPlugin
2024-09-13 13:31:12,788 [INFO] PluginManager:213 - loadIPPluginJar : add tsc
2024-09-13 13:31:12,789 [INFO] IPUIPlugin:74 - create IPUIPlugin
2024-09-13 13:31:12,789 [INFO] PluginManager:213 - loadIPPluginJar : add ucpd
2024-09-13 13:31:12,791 [INFO] IPUIPlugin:74 - create IPUIPlugin
2024-09-13 13:31:12,791 [INFO] PluginManager:213 - loadIPPluginJar : add usart
2024-09-13 13:31:12,792 [INFO] IPUIPlugin:74 - create IPUIPlugin
2024-09-13 13:31:12,793 [INFO] PluginManager:213 - loadIPPluginJar : add usbx
2024-09-13 13:31:13,021 [FATAL] Updater:294 - Updater called before beeing initialized
2024-09-13 13:31:13,090 [FATAL] Updater:294 - Updater called before beeing initialized
2024-09-13 13:31:13,093 [INFO] DbMcusAds:47 - JSON generation date=Thu May 16 16:22:00 ICT 2024 (1715851320667)
2024-09-13 13:31:13,094 [FATAL] Updater:294 - Updater called before beeing initialized
2024-09-13 13:31:13,124 [WARN] DetailPanel:314 - Failed to get advertising image, set to default
2024-09-13 13:31:13,217 [FATAL] Updater:294 - Updater called before beeing initialized
2024-09-13 13:31:13,219 [FATAL] Updater:294 - Updater called before beeing initialized
2024-09-13 13:31:13,219 [FATAL] Updater:294 - Updater called before beeing initialized
2024-09-13 13:31:13,219 [WARN] DetailPanel:314 - Failed to get advertising image, set to default
2024-09-13 13:31:13,220 [FATAL] Updater:294 - Updater called before beeing initialized
2024-09-13 13:31:13,252 [ERROR] Updater:1075 - MainUpdater not yet initialized. External WinMGr cannot be set.
2024-09-13 13:31:13,255 [INFO] Updater:1012 - Updater Version found : 6.3.0
2024-09-13 13:31:13,270 [INFO] ApplicationProperties:181 - Using Application install path: C:\ST\STM32CubeIDE_1.7.0\STM32CubeIDE\plugins\com.st.stm32cube.common.mx_6.3.0.202107141111
2024-09-13 13:31:13,425 [INFO] MainUpdater:2671 - connection check result : 10
2024-09-13 13:31:13,426 [INFO] MainUpdater:265 - Updater Check For Update Now.
2024-09-13 13:31:13,426 [INFO] MicroXplorer:478 - Change Database Version : DB.6.0.30
2024-09-13 13:31:13,584 [INFO] CheckServerUpdateThread:112 - End of CheckServer Thread
2024-09-13 13:31:13,645 [INFO] MainUpdater:2671 - connection check result : 10
2024-09-13 13:31:13,809 [INFO] McuFinderGlobals:52 - Set McuFinderConnectedMode to false
2024-09-13 13:31:13,886 [INFO] CrossSelectorPresenter:1330 - Cross Selector saved comparison directory: C:\Users\Azuki\.stmcufinder\plugins\mcufinder\mcu\cs_comparisons_mx
2024-09-13 13:31:13,892 [INFO] MultiScanPanel:197 - Auto-refresh data requested => check proxy status ongoing
2024-09-13 13:31:13,892 [INFO] MultiScanPanel:201 - Proxy status is invalid
2024-09-13 13:31:13,895 [INFO] FinderPluginLoader:87 - Searching for filters in installed packs
2024-09-13 13:31:13,897 [INFO] DbMcusXml:100 - Load MCU database from C:\ST\STM32CubeIDE_1.7.0\STM32CubeIDE\plugins\com.st.stm32cube.common.mx_6.3.0.202107141111\\db\/mcu/families.xml
2024-09-13 13:31:14,545 [INFO] DbMcusJson:93 - JSON generation date=Tue Nov 16 23:17:54 ICT 2021 (1637079474)
2024-09-13 13:31:14,977 [INFO] DbMcus:175 - Found 1951 MCUs (1903 are supported by CubeMX, 1914 are visible in CubeMX)
2024-09-13 13:31:14,978 [INFO] ApiDb:251 - Load user favorites file C:\Users\Azuki/.stm32cubeide/favorites.mcus.txt: 0 item(s)
2024-09-13 13:31:14,978 [INFO] ApiDb:255 - User favorites MCUs=[]
2024-09-13 13:31:14,978 [INFO] DbMcus:187 - Set 0 / 0 favorites MCUs
2024-09-13 13:31:15,309 [INFO] DetailPanel:309 - Set advertising image to C:/Users/Azuki/STM32Cube/Repository/\en.prom-stm32h7rs-mcu-finder.jpg
2024-09-13 13:31:15,473 [ERROR] Engine:463 - C:\Users\Azuki\.stm32cubemx\thirdparties\pdsc\STMicroelectronics.FP-SNS-MOTENVWB1.1.4.0.pdsc: PDSC version is not supported
2024-09-13 13:31:15,478 [ERROR] Engine:463 - C:\Users\Azuki\.stm32cubemx\thirdparties\pdsc\STMicroelectronics.X-CUBE-SMBUS.2.1.0.pdsc: PDSC version is not supported
2024-09-13 13:31:15,549 [WARN] PackLoader:238 - Cannot read IP mode file for STMicroelectronics.X-CUBE-AZRTOS-F7.1.1.0
2024-09-13 13:31:15,615 [WARN] PackLoader:238 - Cannot read IP mode file for STMicroelectronics.X-CUBE-MEMS1.11.0.0
2024-09-13 13:31:15,773 [INFO] DbBoardsPdsc:90 - Found 25 items
2024-09-13 13:31:15,776 [INFO] DbBoardsPdsc:90 - Found 9 items
2024-09-13 13:31:15,783 [INFO] DbBoardsPdsc:90 - Found 33 items
2024-09-13 13:31:15,785 [INFO] DbBoardsPdsc:90 - Found 1 items
2024-09-13 13:31:15,796 [INFO] DbBoardsPdsc:90 - Found 48 items
2024-09-13 13:31:15,806 [INFO] DbBoardsPdsc:90 - Found 43 items
2024-09-13 13:31:15,808 [INFO] DbBoardsPdsc:90 - Found 2 items
2024-09-13 13:31:15,811 [INFO] DbBoardsPdsc:90 - Found 5 items
2024-09-13 13:31:15,819 [WARN] DbBoardsPdsc:254 - Board STM32H7B3I-DK: unknown feature type=Audio, name=, username=Audio stereo codec with Headphone Amp (CS42L51-CNZ), n=1
2024-09-13 13:31:15,820 [WARN] DbBoardsPdsc:254 - Board STM32H735G-DK: unknown feature type=Audio, name=, username=Audio stereo codec with Headphone Amp (WM8994ECS/R), n=1
2024-09-13 13:31:15,824 [WARN] DbBoardsPdsc:254 - Board STM32H7B3I-EVAL: unknown feature type=Audio, name=, username=Multi-Channel Audio Codec (CS42L51-CNZ), n=1
2024-09-13 13:31:15,824 [WARN] DbBoardsPdsc:254 - Board STM32H7B3I-EVAL: unknown feature type=Meter, name=, username=Power-metering and Temperature-monitoring with sigma-delta modulators, n=1
2024-09-13 13:31:15,824 [WARN] DbBoardsPdsc:254 - Board STM32H7B3I-EVAL: unknown feature type=Motor, name=, username=Motor Control, n=1
2024-09-13 13:31:15,826 [WARN] DbBoardsPdsc:254 - Board STM32U575I-EV: unknown feature type=joystick, name=, username=4-direction joystick with selection button, n=1
2024-09-13 13:31:15,826 [ERROR] Engine:463 - C:\Users\Azuki\.stm32cubemx\thirdparties\pdsc\STMicroelectronics.FP-SNS-FLIGHT1.5.0.2.pdsc: PDSC version is not supported
2024-09-13 13:31:15,830 [ERROR] Engine:463 - C:\Users\Azuki\.stm32cubemx\thirdparties\pdsc\STMicroelectronics.X-CUBE-DISPLAY.3.0.0.pdsc: PDSC version is not supported
2024-09-13 13:31:15,837 [WARN] PackLoader:238 - Cannot read IP mode file for STMicroelectronics.X-CUBE-BLE1.7.0.0
2024-09-13 13:31:15,840 [ERROR] Engine:463 - C:\Users\Azuki\.stm32cubemx\thirdparties\pdsc\emotas.I-CUBE-CANOPEN.1.3.0.pdsc: PDSC version is not supported
2024-09-13 13:31:15,844 [ERROR] Engine:463 - C:\Users\Azuki\.stm32cubemx\thirdparties\pdsc\STMicroelectronics.X-CUBE-BLEMGR.3.1.0.pdsc: PDSC version is not supported
2024-09-13 13:31:15,846 [ERROR] Engine:463 - C:\Users\Azuki\.stm32cubemx\thirdparties\pdsc\STMicroelectronics.FP-SNS-SMARTAG2.1.2.0.pdsc: PDSC version is not supported
2024-09-13 13:31:15,856 [INFO] DbBoardsJson:86 - JSON generation date=Tue Nov 16 23:17:54 ICT 2021 (1637079474)
2024-09-13 13:31:15,860 [INFO] LogOutputStream:76 - [STDOUT_REDIRECT] 1 : Invalid condition id : UX_CORESTACK_Condition cause : null
2024-09-13 13:31:15,861 [INFO] LogOutputStream:76 - [STDOUT_REDIRECT] 1 : Invalid condition id : UX_CORESTACK_Condition cause : null
2024-09-13 13:31:15,862 [INFO] LogOutputStream:76 - [STDOUT_REDIRECT] 1 : Invalid condition id : UX_CORESTACK_Condition cause : null
2024-09-13 13:31:15,863 [INFO] LogOutputStream:76 - [STDOUT_REDIRECT] 1 : Invalid condition id : UX_CORESTACK_Condition cause : null
2024-09-13 13:31:15,863 [INFO] DbBoards:117 - Found 167 boards (163 are supported by CubeMX)
2024-09-13 13:31:15,863 [INFO] LogOutputStream:76 - [STDOUT_REDIRECT] 1 : Invalid condition id : UX_CORESTACK_Condition cause : null
2024-09-13 13:31:15,867 [INFO] DbBoardsDocs:143 - JSON generation date=Tue Nov 16 23:17:54 ICT 2021 (1637079474)
2024-09-13 13:31:15,872 [WARN] PackLoader:238 - Cannot read IP mode file for STMicroelectronics.X-CUBE-AZRTOS-WL.2.0.0
2024-09-13 13:31:15,872 [INFO] DbBoardsDocs:79 - Found 209 boards documents
2024-09-13 13:31:15,872 [WARN] DbBoards:127 - board B-L475E-IOT01A2 has no document id list !
2024-09-13 13:31:15,874 [WARN] DbBoards:127 - board NUCLEO-H743ZI has no document id list !
2024-09-13 13:31:15,874 [WARN] DbBoards:127 - board NUCLEO-WL55JC2 has no document id list !
2024-09-13 13:31:15,875 [WARN] DbBoards:127 - board P-NUCLEO-WB55-Nucleo has no document id list !
2024-09-13 13:31:15,875 [WARN] DbBoards:127 - board P-NUCLEO-WB55-USBDongle has no document id list !
2024-09-13 13:31:15,875 [WARN] DbBoards:127 - board STEVAL-BFA001V1B has no document id list !
2024-09-13 13:31:15,875 [WARN] DbBoards:127 - board STEVAL-BFA001V2B has no document id list !
2024-09-13 13:31:15,875 [WARN] DbBoards:127 - board STEVAL-IDP005V1 has no document id list !
2024-09-13 13:31:15,875 [WARN] DbBoards:127 - board STEVAL-IDP005V2 has no document id list !
2024-09-13 13:31:15,875 [WARN] DbBoards:127 - board STEVAL-MKSBOX1V1 has no document id list !
2024-09-13 13:31:15,875 [WARN] DbBoards:127 - board STEVAL-STWINKT1 has no document id list !
2024-09-13 13:31:15,875 [WARN] DbBoards:127 - board STEVAL-STWINKT1B has no document id list !
2024-09-13 13:31:15,875 [WARN] DbBoards:127 - board STM32439I-EVAL2 has no document id list !
2024-09-13 13:31:15,875 [WARN] DbBoards:127 - board STM32F401C-DISCO has no document id list !
2024-09-13 13:31:15,876 [WARN] DbBoards:127 - board STM32F769I-DISC1 has no document id list !
2024-09-13 13:31:15,876 [WARN] DbBoards:127 - board STM32G474E-EVAL1 has no document id list !
2024-09-13 13:31:15,876 [WARN] DbBoards:127 - board STM32H743I-EVAL2 has no document id list !
2024-09-13 13:31:15,876 [WARN] DbBoards:127 - board STM32H747I-DISC1 has no document id list !
2024-09-13 13:31:15,877 [WARN] DbBoards:127 - board STM32H753I-EVAL2 has no document id list !
2024-09-13 13:31:15,877 [WARN] DbBoards:127 - board STM32L-DISCOVERY has no document id list !
2024-09-13 13:31:15,877 [ERROR] Engine:463 - C:\Users\Azuki\.stm32cubemx\thirdparties\pdsc\STMicroelectronics.FP-SNS-MOTENV1.5.0.0.pdsc: PDSC version is not supported
2024-09-13 13:31:15,880 [WARN] PackLoader:238 - Cannot read IP mode file for wolfSSL.I-CUBE-wolfMQTT.1.19.0
2024-09-13 13:31:15,887 [WARN] PackLoader:238 - Cannot read IP mode file for WES.I-CUBE-Cesium.1.3.0
2024-09-13 13:31:15,894 [WARN] PackLoader:238 - Cannot read IP mode file for STMicroelectronics.X-CUBE-BLE2.3.3.0
2024-09-13 13:31:15,898 [ERROR] Engine:463 - C:\Users\Azuki\.stm32cubemx\thirdparties\pdsc\STMicroelectronics.X-CUBE-TCPP.4.1.0.pdsc: PDSC version is not supported
2024-09-13 13:31:15,923 [WARN] PackLoader:238 - Cannot read IP mode file for STMicroelectronics.X-CUBE-AZRTOS-G0.1.1.0
2024-09-13 13:31:15,933 [WARN] PackLoader:238 - Cannot read IP mode file for STMicroelectronics.X-CUBE-SAFEA1.1.2.2
2024-09-13 13:31:15,938 [WARN] PackLoader:238 - Cannot read IP mode file for STMicroelectronics.X-CUBE-NFC4.3.0.0
2024-09-13 13:31:15,941 [ERROR] Engine:463 - C:\Users\Azuki\.stm32cubemx\thirdparties\pdsc\EmbeddedOffice.I-CUBE-FS-RTOS.1.0.1.pdsc: PDSC version is not supported
2024-09-13 13:31:15,943 [ERROR] Engine:463 - C:\Users\Azuki\.stm32cubemx\thirdparties\pdsc\RealThread.X-CUBE-RT-Thread_Nano.4.1.1.pdsc: PDSC version is not supported
2024-09-13 13:31:15,945 [WARN] PackLoader:238 - Cannot read IP mode file for STMicroelectronics.FP-ATR-SIGFOX1.3.2.0
2024-09-13 13:31:15,947 [WARN] PackLoader:238 - Cannot read IP mode file for wolfSSL.I-CUBE-wolfSSL.5.7.2
2024-09-13 13:31:15,951 [WARN] PackLoader:238 - Cannot read IP mode file for STMicroelectronics.X-CUBE-EEPRMA1.5.1.0
2024-09-13 13:31:15,955 [ERROR] Engine:463 - C:\Users\Azuki\.stm32cubemx\thirdparties\pdsc\ITTIA_DB.I-CUBE-ITTIADB.8.9.0.pdsc: PDSC version is not supported
2024-09-13 13:31:15,987 [WARN] PackLoader:238 - Cannot read IP mode file for SEGGER.I-CUBE-embOS.1.3.1
2024-09-13 13:31:15,994 [ERROR] DbBoards:189 - Image file not found for board B-U585I-IOT02A: C:\ST\STM32CubeIDE_1.7.0\STM32CubeIDE\plugins\com.st.stm32cube.common.mx_6.3.0.202107141111\\db\/plugins/mcufinder/images/boards/B-U585I-IOT02A_small.jpg
2024-09-13 13:31:16,018 [WARN] PackLoader:238 - Cannot read IP mode file for STMicroelectronics.X-CUBE-ALGOBUILD.1.4.0
2024-09-13 13:31:16,022 [WARN] PackLoader:238 - Cannot read IP mode file for STMicroelectronics.X-CUBE-GNSS1.6.0.0
2024-09-13 13:31:16,035 [WARN] PackLoader:238 - Cannot read IP mode file for STMicroelectronics.X-CUBE-AZRTOS-F4.1.1.0
2024-09-13 13:31:16,039 [ERROR] Engine:463 - C:\Users\Azuki\.stm32cubemx\thirdparties\pdsc\STMicroelectronics.X-CUBE-FREERTOS.1.2.0.pdsc: PDSC version is not supported
2024-09-13 13:31:16,051 [WARN] PackLoader:238 - Cannot read IP mode file for STMicroelectronics.X-CUBE-AZRTOS-L5.2.0.0
2024-09-13 13:31:16,057 [WARN] PackLoader:238 - Cannot read IP mode file for STMicroelectronics.X-CUBE-NFC6.3.1.0
2024-09-13 13:31:16,061 [ERROR] Engine:463 - C:\Users\Azuki\.stm32cubemx\thirdparties\pdsc\STMicroelectronics.X-CUBE-DPower.1.2.0.pdsc: PDSC version is not supported
2024-09-13 13:31:16,063 [WARN] PackLoader:238 - Cannot read IP mode file for STMicroelectronics.X-CUBE-AI.9.0.0
2024-09-13 13:31:16,064 [ERROR] DbBoards:189 - Image file not found for board NUCLEO-F413ZH: C:\ST\STM32CubeIDE_1.7.0\STM32CubeIDE\plugins\com.st.stm32cube.common.mx_6.3.0.202107141111\\db\/plugins/mcufinder/images/boards/nucleo-f413zh_small.jpg
2024-09-13 13:31:16,066 [WARN] PackLoader:238 - Cannot read IP mode file for STMicroelectronics.X-CUBE-NFC7.1.0.1
2024-09-13 13:31:16,079 [WARN] ConditionMgr:437 - getConditionDescription Invalid condition id : LAN8742 Phy interface Condition cause : null
2024-09-13 13:31:16,079 [WARN] PackLoader:238 - Cannot read IP mode file for STMicroelectronics.X-CUBE-AZRTOS-L4.2.0.0
2024-09-13 13:31:16,080 [WARN] ConditionMgr:1038 - genDependencies : Invalid condition id : LAN8742 Phy interface Condition cause : null
2024-09-13 13:31:16,080 [WARN] ConditionMgr:1038 - genDependencies : Invalid condition id : LAN8742 Phy interface Condition cause : null
2024-09-13 13:31:16,081 [WARN] ConditionMgr:1038 - genDependencies : Invalid condition id : LAN8742 Phy interface Condition cause : null
2024-09-13 13:31:16,085 [WARN] PackLoader:238 - Cannot read IP mode file for STMicroelectronics.X-CUBE-SFXS2LP1.4.0.0
2024-09-13 13:31:16,106 [WARN] PackLoader:238 - Cannot read IP mode file for STMicroelectronics.X-CUBE-AZRTOS-H7.3.3.0
2024-09-13 13:31:16,118 [WARN] ConditionMgr:437 - getConditionDescription Invalid condition id : UX DEVICE CLASS RTOS Condition cause : null
2024-09-13 13:31:16,118 [WARN] ConditionMgr:437 - getConditionDescription Invalid condition id : UX DEVICE CLASS RTOS Condition cause : null
2024-09-13 13:31:16,119 [WARN] PackLoader:238 - Cannot read IP mode file for STMicroelectronics.X-CUBE-AZRTOS-WB.2.0.0
2024-09-13 13:31:16,120 [WARN] ConditionMgr:1038 - genDependencies : Invalid condition id : UX DEVICE CLASS RTOS Condition cause : null
2024-09-13 13:31:16,120 [WARN] ConditionMgr:1038 - genDependencies : Invalid condition id : UX DEVICE CLASS RTOS Condition cause : null
2024-09-13 13:31:16,120 [WARN] ConditionMgr:1038 - genDependencies : Invalid condition id : UX DEVICE CLASS RTOS Condition cause : null
2024-09-13 13:31:16,120 [WARN] ConditionMgr:1038 - genDependencies : Invalid condition id : UX DEVICE CLASS RTOS Condition cause : null
2024-09-13 13:31:16,120 [WARN] ConditionMgr:1038 - genDependencies : Invalid condition id : UX DEVICE CLASS RTOS Condition cause : null
2024-09-13 13:31:16,124 [WARN] PackLoader:238 - Cannot read IP mode file for STMicroelectronics.X-CUBE-GNSS1.7.0.0
2024-09-13 13:31:16,127 [ERROR] Engine:463 - C:\Users\Azuki\.stm32cubemx\thirdparties\pdsc\STMicroelectronics.FP-SNS-STBOX1.2.0.0.pdsc: PDSC version is not supported
2024-09-13 13:31:16,133 [WARN] PackLoader:238 - Cannot read IP mode file for STMicroelectronics.X-CUBE-SUBG2.5.0.0
2024-09-13 13:31:16,138 [ERROR] Engine:463 - C:\Users\Azuki\.stm32cubemx\thirdparties\pdsc\Cesanta.I-CUBE-Mongoose.7.13.0.pdsc: PDSC version is not supported
2024-09-13 13:31:16,147 [WARN] PackLoader:238 - Cannot read IP mode file for STMicroelectronics.X-CUBE-AZRTOS-G4.2.0.0
2024-09-13 13:31:16,151 [WARN] PackLoader:238 - Cannot read IP mode file for STMicroelectronics.X-CUBE-ISPU.2.0.0
2024-09-13 13:31:16,153 [ERROR] Engine:463 - C:\Users\Azuki\.stm32cubemx\thirdparties\pdsc\STMicroelectronics.X-CUBE-ALS.1.0.2.pdsc: PDSC version is not supported
2024-09-13 13:31:16,155 [WARN] PackLoader:238 - Cannot read IP mode file for STMicroelectronics.X-CUBE-TOUCHGFX.4.24.0
2024-09-13 13:31:16,157 [WARN] PackLoader:238 - Cannot read IP mode file for wolfSSL.I-CUBE-wolfTPM.3.4.0
2024-09-13 13:31:16,160 [WARN] PackLoader:238 - Cannot read IP mode file for portGmbH.I-Cube-SoM-uGOAL.1.1.0
2024-09-13 13:31:16,173 [WARN] PackLoader:238 - Cannot read IP mode file for STMicroelectronics.X-CUBE-AZRTOS-H7RS.1.0.0
2024-09-13 13:31:16,177 [WARN] PackLoader:238 - Cannot read IP mode file for STMicroelectronics.FP-ATR-ASTRA1.2.0.0
2024-09-13 13:31:16,182 [ERROR] Engine:463 - C:\Users\Azuki\.stm32cubemx\thirdparties\pdsc\STMicroelectronics.X-CUBE-TOF1.3.4.2.pdsc: PDSC version is not supported
2024-09-13 13:31:16,186 [ERROR] Engine:463 - C:\Users\Azuki\.stm32cubemx\thirdparties\pdsc\Infineon.AIROC-Wi-Fi-Bluetooth-STM32.1.6.1.pdsc: PDSC version is not supported
2024-09-13 13:31:16,188 [WARN] PackLoader:238 - Cannot read IP mode file for wolfSSL.I-CUBE-wolfSSH.1.4.17
2024-09-13 13:31:16,188 [INFO] ThirdParty:915 - Integrity check success = true
2024-09-13 13:31:16,188 [INFO] IntegrityCheckThread:94 - exiting critical section [integrity check]
2024-09-13 13:31:16,188 [INFO] IntegrityCheckThread:97 - End integrity checks thread
2024-09-13 13:31:16,203 [ERROR] DbBoards:189 - Image file not found for board NUCLEO-L552ZE-Q: C:\ST\STM32CubeIDE_1.7.0\STM32CubeIDE\plugins\com.st.stm32cube.common.mx_6.3.0.202107141111\\db\/plugins/mcufinder/images/boards/nucleo_l552ze_q_small.jpg
2024-09-13 13:31:16,203 [ERROR] DbBoards:189 - Image file not found for board NUCLEO-U575ZI-Q: C:\ST\STM32CubeIDE_1.7.0\STM32CubeIDE\plugins\com.st.stm32cube.common.mx_6.3.0.202107141111\\db\/plugins/mcufinder/images/boards/nucleo-u575zi-q_small.jpg
2024-09-13 13:31:16,203 [ERROR] DbBoards:189 - Image file not found for board NUCLEO-WB15CC: C:\ST\STM32CubeIDE_1.7.0\STM32CubeIDE\plugins\com.st.stm32cube.common.mx_6.3.0.202107141111\\db\/plugins/mcufinder/images/boards/nucleo-wb15cc_small.jpg
2024-09-13 13:31:16,203 [ERROR] DbBoards:189 - Image file not found for board NUCLEO-WB55RG: C:\ST\STM32CubeIDE_1.7.0\STM32CubeIDE\plugins\com.st.stm32cube.common.mx_6.3.0.202107141111\\db\/plugins/mcufinder/images/boards/nucleo-wb55rg_small.jpg
2024-09-13 13:31:16,949 [INFO] ApiDb:251 - Load user favorites file C:\Users\Azuki/.stm32cubeide/favorites.boards.txt: 0 item(s)
2024-09-13 13:31:16,950 [INFO] ApiDb:255 - User favorites Boards=[]
2024-09-13 13:31:16,950 [INFO] DbBoards:206 - Set 0 / 0 favorites Boards
2024-09-13 13:31:28,264 [INFO] DbMcusDocs:143 - JSON generation date=Tue Nov 16 23:17:54 ICT 2021 (1637079474)
2024-09-13 13:31:28,441 [INFO] DbMcusDocs:79 - Found 682 MCUs documents
2024-09-13 13:32:51,832 [INFO] MainUpdater:2671 - connection check result : 10
2024-09-13 13:32:51,832 [INFO] MainUpdater:2671 - connection check result : 10
2024-09-13 13:32:51,875 [INFO] MicroXplorer:448 - Change Database Path : 
2024-09-13 13:32:51,875 [INFO] MicroXplorer:478 - Change Database Version : DB.6.0.30
2024-09-13 13:32:51,876 [WARN] ThirdParty:813 - waiting for thirdparty lock release [close project]
2024-09-13 13:32:51,876 [INFO] ThirdParty:815 - entering critical section [close project]
2024-09-13 13:32:51,877 [INFO] ThirdParty:825 - exiting critical section [close project]
2024-09-13 13:32:51,882 [INFO] PinOutPanel:1463 - setPackage(No Configuration,No Configuration)
2024-09-13 13:32:51,884 [INFO] UtilMem:74 - Begin LoadConfig() Used Memory: 873384800 Bytes (935329792)
2024-09-13 13:32:51,886 [INFO] MicroXplorer:448 - Change Database Path : 
2024-09-13 13:32:51,886 [INFO] MicroXplorer:478 - Change Database Version : DB.6.0.30
2024-09-13 13:32:51,886 [INFO] OpenFileManager:313 - Change cursor
2024-09-13 13:32:52,433 [INFO] Context:592 - Trying to add GPIOservice into a context  which must be forbidden
2024-09-13 13:32:52,579 [INFO] ImportTextPane:167 - (OptionalMessage_ERROR) Unable to find key (Mcu.ThirdPartyNb) in loaded IOC file
2024-09-13 13:32:52,579 [INFO] ImportTextPane:167 - (OptionalMessage_ERROR) Unable to find key (Mcu.PinsNb) in loaded IOC file
2024-09-13 13:32:52,579 [INFO] ImportTextPane:167 - (OptionalMessage_ERROR) Unable to find key (Mcu.IPNb) in loaded IOC file
2024-09-13 13:32:52,615 [WARN] ApiManager:304 - Cannot register API 'Board Extension:GNSS1A1' from pack STMicroelectronics.X-CUBE-GNSS1.6.0.0: no header file found
2024-09-13 13:32:52,615 [WARN] ApiManager:304 - Cannot register API 'Board Support:Custom' from pack STMicroelectronics.X-CUBE-GNSS1.6.0.0: no header file found
2024-09-13 13:32:52,615 [WARN] ApiManager:304 - Cannot register API 'Data Exchange:lib_gnss' from pack STMicroelectronics.X-CUBE-GNSS1.6.0.0: no header file found
2024-09-13 13:32:52,625 [WARN] ApiManager:304 - Cannot register API 'Board Extension:GNSS1A1' from pack STMicroelectronics.X-CUBE-GNSS1.7.0.0: no header file found
2024-09-13 13:32:52,625 [WARN] ApiManager:304 - Cannot register API 'Board Support:Custom' from pack STMicroelectronics.X-CUBE-GNSS1.7.0.0: no header file found
2024-09-13 13:32:52,625 [WARN] ApiManager:304 - Cannot register API 'Data Exchange:lib_gnss' from pack STMicroelectronics.X-CUBE-GNSS1.7.0.0: no header file found
2024-09-13 13:32:52,630 [WARN] ApiManager:304 - Cannot register API 'Board Extension:NFC06A1' from pack STMicroelectronics.X-CUBE-NFC6.3.1.0: no header file found
2024-09-13 13:32:52,630 [WARN] ApiManager:304 - Cannot register API 'Board Extension:NFC08A1' from pack STMicroelectronics.X-CUBE-NFC6.3.1.0: no header file found
2024-09-13 13:32:52,853 [WARN] ApiManager:304 - Cannot register API 'Board Extension:IKS01A3' from pack STMicroelectronics.X-CUBE-MEMS1.11.0.0: no header file found
2024-09-13 13:32:52,854 [WARN] ApiManager:304 - Cannot register API 'Board Extension:IKS02A1' from pack STMicroelectronics.X-CUBE-MEMS1.11.0.0: no header file found
2024-09-13 13:32:52,854 [WARN] ApiManager:304 - Cannot register API 'Board Extension:IKS4A1' from pack STMicroelectronics.X-CUBE-MEMS1.11.0.0: no header file found
2024-09-13 13:32:52,861 [INFO] RtosManager:484 - Registered RTOS mode: class=CMSIS, group=RTOS, mode=CMSIS_V1, owner=FREERTOS
2024-09-13 13:32:52,862 [INFO] RtosManager:484 - Registered RTOS mode: class=CMSIS, group=RTOS2, mode=CMSIS_V2, owner=FREERTOS
2024-09-13 13:32:52,862 [INFO] RtosManager:484 - Registered RTOS mode: class=RTOS, group=Core, mode=CMSIS_V1, owner=FREERTOS
2024-09-13 13:32:52,862 [INFO] RtosManager:484 - Registered RTOS mode: class=RTOS, group=Core, mode=CMSIS_V2, owner=FREERTOS
2024-09-13 13:32:52,862 [WARN] ModelIntegratedComponent:181 - Missing modes for component STMicroelectronics:FreeRTOS:0.0.1:STMicroelectronics:RTOS:FreeRTOS:Core:::10.2.0:
2024-09-13 13:32:52,863 [WARN] ApiManager:304 - Cannot register API 'Board Extension:STSAFEA1' from pack STMicroelectronics.X-CUBE-SAFEA1.1.2.2: no header file found
2024-09-13 13:32:52,864 [WARN] ApiManager:304 - Cannot register API 'Board Part:STSAFEA110' from pack STMicroelectronics.X-CUBE-SAFEA1.1.2.2: no header file found
2024-09-13 13:32:52,864 [WARN] ApiManager:304 - Cannot register API 'Security:ST_Cryptolib' from pack STMicroelectronics.X-CUBE-SAFEA1.1.2.2: no header file found
2024-09-13 13:32:52,864 [WARN] ApiManager:304 - Cannot register API 'Security:MbedTLS' from pack STMicroelectronics.X-CUBE-SAFEA1.1.2.2: no header file found
2024-09-13 13:32:52,865 [WARN] ApiManager:304 - Cannot register API 'Board Extension:NFC04A1' from pack STMicroelectronics.X-CUBE-NFC4.3.0.0: no header file found
2024-09-13 13:32:52,867 [WARN] ApiManager:304 - Cannot register API 'Board Extension:S2868A1' from pack STMicroelectronics.X-CUBE-SUBG2.5.0.0: no header file found
2024-09-13 13:32:52,867 [WARN] ApiManager:304 - Cannot register API 'Board Extension:S2868A2' from pack STMicroelectronics.X-CUBE-SUBG2.5.0.0: no header file found
2024-09-13 13:32:52,867 [WARN] ApiManager:304 - Cannot register API 'Board Extension:S2915A1' from pack STMicroelectronics.X-CUBE-SUBG2.5.0.0: no header file found
2024-09-13 13:32:52,869 [WARN] ApiManager:304 - Cannot register API 'Wireless:BlueNRG-MS' from pack STMicroelectronics.X-CUBE-BLE1.7.0.0: no header file found
2024-09-13 13:32:52,870 [WARN] ApiManager:304 - Cannot register API 'Board Extension:EEPRMA2' from pack STMicroelectronics.X-CUBE-EEPRMA1.5.1.0: no header file found
2024-09-13 13:32:52,870 [WARN] ApiManager:304 - Cannot register API 'Board Extension:PGEEZ1' from pack STMicroelectronics.X-CUBE-EEPRMA1.5.1.0: no header file found
2024-09-13 13:32:52,870 [WARN] ApiManager:304 - Cannot register API 'Board Extension:EEICA1' from pack STMicroelectronics.X-CUBE-EEPRMA1.5.1.0: no header file found
2024-09-13 13:32:52,870 [WARN] ApiManager:304 - Cannot register API 'Board Part:M24' from pack STMicroelectronics.X-CUBE-EEPRMA1.5.1.0: no header file found
2024-09-13 13:32:52,870 [WARN] ApiManager:304 - Cannot register API 'Board Part:M95' from pack STMicroelectronics.X-CUBE-EEPRMA1.5.1.0: no header file found
2024-09-13 13:32:52,870 [WARN] ApiManager:304 - Cannot register API 'Board Part:M95P32' from pack STMicroelectronics.X-CUBE-EEPRMA1.5.1.0: no header file found
2024-09-13 13:32:52,870 [WARN] ApiManager:304 - Cannot register API 'Board Part:M24256E-F' from pack STMicroelectronics.X-CUBE-EEPRMA1.5.1.0: no header file found
2024-09-13 13:32:52,870 [WARN] ApiManager:304 - Cannot register API 'Board Part:M24M01E-F' from pack STMicroelectronics.X-CUBE-EEPRMA1.5.1.0: no header file found
2024-09-13 13:32:52,870 [WARN] ApiManager:304 - Cannot register API 'PGEEZ1:SPI' from pack STMicroelectronics.X-CUBE-EEPRMA1.5.1.0: no header file found
2024-09-13 13:32:52,871 [WARN] ApiManager:304 - Cannot register API 'PGEEZ1:QDSPI' from pack STMicroelectronics.X-CUBE-EEPRMA1.5.1.0: no header file found
2024-09-13 13:32:52,872 [WARN] ModelIntegratedComponent:60 - No mode defined for component null
2024-09-13 13:32:52,872 [WARN] ModelIntegratedComponent:60 - No mode defined for component null
2024-09-13 13:32:52,872 [WARN] ModelIntegratedComponent:60 - No mode defined for component null
2024-09-13 13:32:52,872 [WARN] ModelIntegratedComponent:60 - No mode defined for component null
2024-09-13 13:32:52,872 [WARN] ModelIntegratedComponent:60 - No mode defined for component null
2024-09-13 13:32:52,873 [WARN] ModelIntegratedComponent:60 - No mode defined for component null
2024-09-13 13:32:52,873 [WARN] ModelIntegratedComponent:60 - No mode defined for component null
2024-09-13 13:32:52,873 [WARN] ModelIntegratedComponent:60 - No mode defined for component null
2024-09-13 13:32:52,873 [WARN] ModelIntegratedComponent:60 - No mode defined for component null
2024-09-13 13:32:52,873 [WARN] ModelIntegratedComponent:60 - No mode defined for component null
2024-09-13 13:32:52,873 [WARN] ModelIntegratedComponent:60 - No mode defined for component null
2024-09-13 13:32:52,873 [WARN] ModelIntegratedComponent:60 - No mode defined for component null
2024-09-13 13:32:52,873 [WARN] ModelIntegratedComponent:60 - No mode defined for component null
2024-09-13 13:32:52,873 [WARN] ModelIntegratedComponent:60 - No mode defined for component null
2024-09-13 13:32:52,873 [WARN] ModelIntegratedComponent:60 - No mode defined for component null
2024-09-13 13:32:52,873 [WARN] ModelIntegratedComponent:60 - No mode defined for component null
2024-09-13 13:32:52,873 [WARN] ModelIntegratedComponent:60 - No mode defined for component null
2024-09-13 13:32:52,873 [WARN] ModelIntegratedComponent:60 - No mode defined for component null
2024-09-13 13:32:52,873 [WARN] ModelIntegratedComponent:60 - No mode defined for component null
2024-09-13 13:32:52,873 [WARN] ModelIntegratedComponent:60 - No mode defined for component null
2024-09-13 13:32:52,873 [WARN] ModelIntegratedComponent:60 - No mode defined for component null
2024-09-13 13:32:52,873 [WARN] ModelIntegratedComponent:60 - No mode defined for component null
2024-09-13 13:32:52,873 [WARN] ModelIntegratedComponent:60 - No mode defined for component null
2024-09-13 13:32:52,873 [WARN] ModelIntegratedComponent:60 - No mode defined for component null
2024-09-13 13:32:52,873 [WARN] ModelIntegratedComponent:60 - No mode defined for component null
2024-09-13 13:32:52,873 [WARN] ModelIntegratedComponent:60 - No mode defined for component null
2024-09-13 13:32:52,873 [WARN] ModelIntegratedComponent:60 - No mode defined for component null
2024-09-13 13:32:52,873 [WARN] ModelIntegratedComponent:60 - No mode defined for component null
2024-09-13 13:32:52,873 [WARN] ModelIntegratedComponent:60 - No mode defined for component null
2024-09-13 13:32:52,874 [WARN] ModelIntegratedComponent:60 - No mode defined for component null
2024-09-13 13:32:52,874 [WARN] ModelIntegratedComponent:60 - No mode defined for component null
2024-09-13 13:32:52,875 [WARN] ApiManager:304 - Cannot register API 'Board Extension:NFC07A1' from pack STMicroelectronics.X-CUBE-NFC7.1.0.1: no header file found
2024-09-13 13:32:52,884 [WARN] ApiManager:304 - Cannot register API 'Board Extension:S2868A1' from pack STMicroelectronics.X-CUBE-SFXS2LP1.4.0.0: no header file found
2024-09-13 13:32:52,884 [WARN] ApiManager:304 - Cannot register API 'Board Extension:S2868A2' from pack STMicroelectronics.X-CUBE-SFXS2LP1.4.0.0: no header file found
2024-09-13 13:32:52,884 [WARN] ApiManager:304 - Cannot register API 'Board Extension:S2915A1' from pack STMicroelectronics.X-CUBE-SFXS2LP1.4.0.0: no header file found
2024-09-13 13:32:52,885 [WARN] ApiManager:304 - Cannot register API 'Wireless:BlueNRG-2' from pack STMicroelectronics.X-CUBE-BLE2.3.3.0: no header file found
2024-09-13 13:32:54,385 [INFO] UtilMem:74 - End LoadConfig() Used Memory: 821001056 Bytes (947912704)
2024-09-13 13:32:54,387 [WARN] ThirdParty:779 - waiting for thirdparty lock release [change project]
2024-09-13 13:32:54,388 [INFO] ThirdParty:781 - entering critical section [change project]
2024-09-13 13:32:54,388 [INFO] ThirdParty:967 - CMSIS Pack Vendor :STMicroelectronics X-CUBE-AZRTOS-H7 3.3.0
2024-09-13 13:32:54,388 [INFO] ThirdParty:967 - CMSIS Pack Vendor :STMicroelectronics X-CUBE-GNSS1 6.0.0
2024-09-13 13:32:54,388 [INFO] ThirdParty:967 - CMSIS Pack Vendor :STMicroelectronics USB_HOST 2.0.0
2024-09-13 13:32:54,388 [INFO] ThirdParty:967 - CMSIS Pack Vendor :STMicroelectronics X-CUBE-AZRTOS-F4 1.1.0
2024-09-13 13:32:54,388 [INFO] ThirdParty:967 - CMSIS Pack Vendor :STMicroelectronics USB_DEVICE 3.0.0
2024-09-13 13:32:54,388 [INFO] ThirdParty:967 - CMSIS Pack Vendor :STMicroelectronics X-CUBE-AZRTOS-WB 2.0.0
2024-09-13 13:32:54,388 [INFO] ThirdParty:967 - CMSIS Pack Vendor :STMicroelectronics X-CUBE-GNSS1 7.0.0
2024-09-13 13:32:54,388 [INFO] ThirdParty:967 - CMSIS Pack Vendor :STMicroelectronics X-CUBE-AZRTOS-F7 1.1.0
2024-09-13 13:32:54,388 [INFO] ThirdParty:967 - CMSIS Pack Vendor :STMicroelectronics X-CUBE-AZRTOS-L5 2.0.0
2024-09-13 13:32:54,388 [INFO] ThirdParty:967 - CMSIS Pack Vendor :STMicroelectronics USB_DEVICE 2.0.0
2024-09-13 13:32:54,388 [INFO] ThirdParty:967 - CMSIS Pack Vendor :STMicroelectronics X-CUBE-NFC6 3.1.0
2024-09-13 13:32:54,388 [INFO] ThirdParty:967 - CMSIS Pack Vendor :STMicroelectronics X-CUBE-MEMS1 11.0.0
2024-09-13 13:32:54,388 [INFO] ThirdParty:967 - CMSIS Pack Vendor :STMicroelectronics FreeRTOS 0.0.1
2024-09-13 13:32:54,388 [INFO] ThirdParty:967 - CMSIS Pack Vendor :STMicroelectronics X-CUBE-AZRTOS-G0 1.1.0
2024-09-13 13:32:54,388 [INFO] ThirdParty:967 - CMSIS Pack Vendor :STMicroelectronics X-CUBE-SAFEA1 1.2.2
2024-09-13 13:32:54,388 [INFO] ThirdParty:967 - CMSIS Pack Vendor :STMicroelectronics X-CUBE-NFC4 3.0.0
2024-09-13 13:32:54,388 [INFO] ThirdParty:967 - CMSIS Pack Vendor :STMicroelectronics X-CUBE-SUBG2 5.0.0
2024-09-13 13:32:54,388 [INFO] ThirdParty:967 - CMSIS Pack Vendor :STMicroelectronics lwIP 2.0.3
2024-09-13 13:32:54,389 [INFO] ThirdParty:967 - CMSIS Pack Vendor :STMicroelectronics USB_HOST 1.0.0
2024-09-13 13:32:54,389 [INFO] ThirdParty:967 - CMSIS Pack Vendor :STMicroelectronics X-CUBE-AI 9.0.0
2024-09-13 13:32:54,389 [INFO] ThirdParty:967 - CMSIS Pack Vendor :STMicroelectronics X-CUBE-AZRTOS-G4 2.0.0
2024-09-13 13:32:54,389 [INFO] ThirdParty:967 - CMSIS Pack Vendor :STMicroelectronics PDM2PCM 3.1.0
2024-09-13 13:32:54,389 [INFO] ThirdParty:967 - CMSIS Pack Vendor :STMicroelectronics PDM2PCM 3.3.0
2024-09-13 13:32:54,389 [INFO] ThirdParty:967 - CMSIS Pack Vendor :STMicroelectronics X-CUBE-BLE1 7.0.0
2024-09-13 13:32:54,389 [INFO] ThirdParty:967 - CMSIS Pack Vendor :STMicroelectronics FP-ATR-SIGFOX1 3.2.0
2024-09-13 13:32:54,389 [INFO] ThirdParty:967 - CMSIS Pack Vendor :wolfSSL I-CUBE-wolfSSL 5.7.2
2024-09-13 13:32:54,389 [INFO] ThirdParty:967 - CMSIS Pack Vendor :STMicroelectronics X-CUBE-ISPU 2.0.0
2024-09-13 13:32:54,389 [INFO] ThirdParty:967 - CMSIS Pack Vendor :STMicroelectronics X-CUBE-EEPRMA1 5.1.0
2024-09-13 13:32:54,389 [INFO] ThirdParty:967 - CMSIS Pack Vendor :STMicroelectronics HAL Drivers 0.0.0
2024-09-13 13:32:54,389 [INFO] ThirdParty:967 - CMSIS Pack Vendor :STMicroelectronics MBEDTLS 2.16.2
2024-09-13 13:32:54,389 [INFO] ThirdParty:967 - CMSIS Pack Vendor :STMicroelectronics X-CUBE-NFC7 1.0.1
2024-09-13 13:32:54,389 [INFO] ThirdParty:967 - CMSIS Pack Vendor :STMicroelectronics MBEDTLS 2.14.1
2024-09-13 13:32:54,389 [INFO] ThirdParty:967 - CMSIS Pack Vendor :STMicroelectronics X-CUBE-TOUCHGFX 4.24.0
2024-09-13 13:32:54,389 [INFO] ThirdParty:967 - CMSIS Pack Vendor :wolfSSL I-CUBE-wolfTPM 3.4.0
2024-09-13 13:32:54,389 [INFO] ThirdParty:967 - CMSIS Pack Vendor :portGmbH I-Cube-SoM-uGOAL 1.1.0
2024-09-13 13:32:54,389 [INFO] ThirdParty:967 - CMSIS Pack Vendor :STMicroelectronics X-CUBE-AZRTOS-WL 2.0.0
2024-09-13 13:32:54,389 [INFO] ThirdParty:967 - CMSIS Pack Vendor :SEGGER I-CUBE-embOS 1.3.1
2024-09-13 13:32:54,389 [INFO] ThirdParty:967 - CMSIS Pack Vendor :STMicroelectronics X-CUBE-ALGOBUILD 1.4.0
2024-09-13 13:32:54,389 [INFO] ThirdParty:967 - CMSIS Pack Vendor :STMicroelectronics USB_DEVICE 1.0.0
2024-09-13 13:32:54,389 [INFO] ThirdParty:967 - CMSIS Pack Vendor :STMicroelectronics X-CUBE-AZRTOS-H7RS 1.0.0
2024-09-13 13:32:54,389 [INFO] ThirdParty:967 - CMSIS Pack Vendor :wolfSSL I-CUBE-wolfMQTT 1.19.0
2024-09-13 13:32:54,389 [INFO] ThirdParty:967 - CMSIS Pack Vendor :STMicroelectronics X-CUBE-AZRTOS-L4 2.0.0
2024-09-13 13:32:54,389 [INFO] ThirdParty:967 - CMSIS Pack Vendor :STMicroelectronics ThreadX 0.0.2
2024-09-13 13:32:54,390 [INFO] ThirdParty:967 - CMSIS Pack Vendor :WES I-CUBE-Cesium 1.3.0
2024-09-13 13:32:54,390 [INFO] ThirdParty:967 - CMSIS Pack Vendor :STMicroelectronics FP-ATR-ASTRA1 2.0.0
2024-09-13 13:32:54,390 [INFO] ThirdParty:967 - CMSIS Pack Vendor :STMicroelectronics lwIP 2.1.2
2024-09-13 13:32:54,390 [INFO] ThirdParty:967 - CMSIS Pack Vendor :STMicroelectronics X-CUBE-SFXS2LP1 4.0.0
2024-09-13 13:32:54,390 [INFO] ThirdParty:967 - CMSIS Pack Vendor :STMicroelectronics X-CUBE-BLE2 3.3.0
2024-09-13 13:32:54,390 [INFO] ThirdParty:967 - CMSIS Pack Vendor :STMicroelectronics PDM2PCM 3.2.0
2024-09-13 13:32:54,390 [INFO] ThirdParty:967 - CMSIS Pack Vendor :wolfSSL I-CUBE-wolfSSH 1.4.17
2024-09-13 13:32:54,390 [INFO] ThirdParty:787 - exiting critical section [change project]
2024-09-13 13:32:54,583 [INFO] PinOutPanel:1463 - setPackage(No Configuration,No Configuration)
2024-09-13 13:32:54,584 [INFO] PinOutPanel:1463 - setPackage(STM32F103C6Ux,UFQFPN48)
2024-09-13 13:32:54,886 [INFO] UtilMem:74 - Before build in PCC Used Memory: 823073312 Bytes (947912704)
2024-09-13 13:32:55,444 [INFO] UtilMem:74 - After build in PCC Used Memory: 821198256 Bytes (953155584)
2024-09-13 13:32:55,464 [INFO] IPUIPlugin:74 - create IPUIPlugin
2024-09-13 13:32:55,465 [INFO] IPUIPlugin:74 - create IPUIPlugin
2024-09-13 13:32:55,465 [INFO] IPUIPlugin:74 - create IPUIPlugin
2024-09-13 13:32:55,465 [INFO] IPUIPlugin:74 - create IPUIPlugin
2024-09-13 13:32:55,465 [INFO] IPUIPlugin:74 - create IPUIPlugin
2024-09-13 13:32:55,465 [INFO] IPUIPlugin:74 - create IPUIPlugin
2024-09-13 13:32:55,465 [INFO] IPUIPlugin:74 - create IPUIPlugin
2024-09-13 13:32:55,466 [INFO] IPUIPlugin:74 - create IPUIPlugin
2024-09-13 13:32:55,466 [INFO] IPUIPlugin:74 - create IPUIPlugin
2024-09-13 13:32:55,466 [INFO] IPUIPlugin:74 - create IPUIPlugin
2024-09-13 13:32:55,466 [INFO] IPUIPlugin:74 - create IPUIPlugin
2024-09-13 13:32:55,466 [INFO] IPUIPlugin:74 - create IPUIPlugin
2024-09-13 13:32:55,466 [INFO] IPUIPlugin:74 - create IPUIPlugin
2024-09-13 13:32:55,467 [INFO] IPUIPlugin:74 - create IPUIPlugin
2024-09-13 13:32:55,467 [INFO] IPUIPlugin:74 - create IPUIPlugin
2024-09-13 13:32:55,467 [INFO] IPUIPlugin:74 - create IPUIPlugin
2024-09-13 13:32:55,467 [INFO] IPUIPlugin:74 - create IPUIPlugin
2024-09-13 13:32:55,467 [INFO] IPUIPlugin:74 - create IPUIPlugin
2024-09-13 13:32:55,468 [INFO] IPUIPlugin:74 - create IPUIPlugin
2024-09-13 13:32:55,468 [INFO] IPUIPlugin:74 - create IPUIPlugin
2024-09-13 13:32:55,468 [INFO] IPUIPlugin:74 - create IPUIPlugin
2024-09-13 13:32:55,468 [INFO] IPUIPlugin:74 - create IPUIPlugin
2024-09-13 13:32:55,469 [INFO] IPUIPlugin:74 - create IPUIPlugin
2024-09-13 13:32:55,591 [INFO] OpenFileManager:333 - Restore cursor
2024-09-13 13:32:55,786 [INFO] UtilMem:74 - End SaveConfig() Used Memory: 843686208 Bytes (953155584)
2024-09-13 13:32:55,831 [INFO] UtilMem:74 - End SaveConfig() Used Memory: 820142440 Bytes (953155584)
2024-09-13 13:32:56,111 [INFO] BlockDiagram:2740 - set Specific Code input for plugin: NVIC
2024-09-13 13:32:56,112 [INFO] BlockDiagram:2740 - set Specific Code input for plugin: SYS
2024-09-13 13:32:56,112 [INFO] BlockDiagram:2740 - set Specific Code input for plugin: RCC
2024-09-13 13:32:56,113 [INFO] CodeGenerator:663 - code generatio: config db path: C:\ST\STM32CubeIDE_1.7.0\STM32CubeIDE\plugins\com.st.stm32cube.common.mx_6.3.0.202107141111\\db\
2024-09-13 13:32:56,396 [INFO] CodeEngine:239 - oldGeneratedFile, D:\BKU\CO3009\GITLAB\LAB1\MXTmpFiles\license.tmp_save
2024-09-13 13:32:56,763 [INFO] CodeEngine:257 - Generated code: D:\BKU\CO3009\GITLAB\LAB1\MXTmpFiles\license.tmp
2024-09-13 13:32:56,867 [INFO] CodeEngine:239 - oldGeneratedFile, D:\BKU\CO3009\GITLAB\LAB1\Core\Src\stm32f1xx_it.c_save
2024-09-13 13:32:56,961 [INFO] CodeEngine:257 - Generated code: D:\BKU\CO3009\GITLAB\LAB1\Core\Src\stm32f1xx_it.c
2024-09-13 13:32:56,965 [INFO] CodeEngine:239 - oldGeneratedFile, D:\BKU\CO3009\GITLAB\LAB1\Core\Inc\stm32f1xx_it.h_save
2024-09-13 13:32:57,018 [INFO] CodeEngine:257 - Generated code: D:\BKU\CO3009\GITLAB\LAB1\Core\Inc\stm32f1xx_it.h
2024-09-13 13:32:57,025 [INFO] CodeEngine:239 - oldGeneratedFile, D:\BKU\CO3009\GITLAB\LAB1\Core\Src\stm32f1xx_hal_msp.c_save
2024-09-13 13:32:57,121 [INFO] CodeEngine:257 - Generated code: D:\BKU\CO3009\GITLAB\LAB1\Core\Src\stm32f1xx_hal_msp.c
2024-09-13 13:32:57,123 [INFO] CodeEngine:239 - oldGeneratedFile, D:\BKU\CO3009\GITLAB\LAB1\MXTmpFiles\system.tmp_save
2024-09-13 13:32:57,162 [INFO] CodeEngine:257 - Generated code: D:\BKU\CO3009\GITLAB\LAB1\MXTmpFiles\system.tmp
2024-09-13 13:32:57,167 [INFO] CodeEngine:239 - oldGeneratedFile, D:\BKU\CO3009\GITLAB\LAB1\Core\Inc\stm32f1xx_hal_conf.h_save
2024-09-13 13:32:57,258 [INFO] CodeEngine:257 - Generated code: D:\BKU\CO3009\GITLAB\LAB1\Core\Inc\stm32f1xx_hal_conf.h
2024-09-13 13:32:57,297 [INFO] CodeEngine:239 - oldGeneratedFile, D:\BKU\CO3009\GITLAB\LAB1\Core\Inc\main.h_save
2024-09-13 13:32:57,392 [INFO] CodeEngine:257 - Generated code: D:\BKU\CO3009\GITLAB\LAB1\Core\Inc\main.h
2024-09-13 13:32:57,395 [INFO] CodeEngine:239 - oldGeneratedFile, D:\BKU\CO3009\GITLAB\LAB1\Core\Src\main.c_save
2024-09-13 13:32:57,486 [INFO] CodeEngine:257 - Generated code: D:\BKU\CO3009\GITLAB\LAB1\Core\Src\main.c
2024-09-13 13:32:58,508 [INFO] ProjectBuilder:2578 - Time for Copy HAL[1] : 44mS.
2024-09-13 13:32:58,513 [INFO] ProjectBuilder:3622 - Project Generator version: 3.14.1
2024-09-13 13:32:58,809 [INFO] ConfigFileManager:1271 - The Die is : DIE412
2024-09-13 13:32:58,825 [INFO] ApiDbMcu:468 - Load IP Config File for FATFS
2024-09-13 13:32:58,851 [INFO] ApiDbMcu:468 - Load IP Config File for FREERTOS
2024-09-13 13:32:58,898 [INFO] ApiDbMcu:468 - Load IP Config File for USB_DEVICE
2024-09-13 13:33:02,149 [INFO] ProjectBuilder:3789 - Time for Generating toolchain IDE Files: 3636mS.
2024-09-13 13:33:02,151 [INFO] ProjectBuilder:2457 - Time for Copy CMSIS : 2mS.
2024-09-13 13:33:02,151 [INFO] ProjectBuilder:2457 - Time for Copy CMSIS : 0mS.
2024-09-13 13:33:02,874 [INFO] McuFinderGlobals:52 - Set McuFinderConnectedMode to true
2024-09-13 13:33:02,875 [INFO] ApiDb:276 - Save user favorites file C:\Users\Azuki/.stm32cubeide/favorites.mcus.txt: 0 item(s)
2024-09-13 13:33:02,876 [INFO] ApiDb:280 - User favorites MCUs=[]
